Record_ID,Post_ID,Controle_Date,Parameter,Unit,Value,Flag_Code,Severity,Reason,Previous_Value,Next_Value,Post_Name,Riverbas_Name,Source_ID,Source_Sheet,Auxiliary,Publication_Decision,Verification_Status,Official_Portal_Raw_Status,Official_Portal_Raw_Value,Official_Resource_ID,Official_Revision_ID
SWM_27150_20080903,27150,2008-09-03,Kisen,mg/dm3,77.15,DQ001_DO_GT25,high,Dissolved oxygen >25 mg/dm3; physically unusual screening threshold. Retain pending source/method review.,,,"р. Південний Буг, 0,5 км, м. Миколаїв, Бузький лиман, тех. в/з Миколаївської ТЕЦ (ліва частина морського порту)",Південний Буг,SRC002,2008-01-01_2012-12-30_output,,retain_unchanged_with_qc_flag,source_lineage_verified_not_error_proven,official_resource_identified_raw_row_not_directly_inspected,,a92aa8d3-0612-4bbc-b13d-c2893061eb3d,
SWM_27138_20091208,27138,2009-12-08,Kisen,mg/dm3,63.0,DQ001_DO_GT25,high,Dissolved oxygen >25 mg/dm3; physically unusual screening threshold. Retain pending source/method review.,,,"р. Південний Буг, 569,5 км, 500 м нижче скиду ВОКВП ВКГ ""Вінницяводоканал""   (1,5 км нижче греблі Сабарівського вдсх.)",Південний Буг,SRC002,2008-01-01_2012-12-30_output,,retain_unchanged_with_qc_flag,source_lineage_verified_not_error_proven,official_resource_identified_raw_row_not_directly_inspected,,a92aa8d3-0612-4bbc-b13d-c2893061eb3d,
SWM_27136_20100316,27136,2010-03-16,Kisen,mg/dm3,90.0,DQ001_DO_GT25,high,Dissolved oxygen >25 mg/dm3; physically unusual screening threshold. Retain pending source/method review.,,,"р. Південний Буг, 607 км, с. Гущинці, нижче села , питний водозабір м.Калинівка",Південний Буг,SRC002,2008-01-01_2012-12-30_output,,retain_unchanged_with_qc_flag,source_lineage_verified_not_error_proven,official_resource_identified_raw_row_not_directly_inspected,,a92aa8d3-0612-4bbc-b13d-c2893061eb3d,
SWM_26969_20100723,26969,2010-07-23,Kisen,mg/dm3,35.0,DQ001_DO_GT25,high,Dissolved oxygen >25 mg/dm3; physically unusual screening threshold. Retain pending source/method review.,,,"р. Возня, 8 км, с. Рудня Городищенська, питний в/забір м. Малин",Дніпро,SRC002,2008-01-01_2012-12-30_output,,retain_unchanged_with_qc_flag,source_lineage_verified_not_error_proven,official_resource_identified_raw_row_not_directly_inspected,,a92aa8d3-0612-4bbc-b13d-c2893061eb3d,
SWM_27165_20110210,27165,2011-02-10,Kisen,mg/dm3,29.06,DQ001_DO_GT25,high,Dissolved oxygen >25 mg/dm3; physically unusual screening threshold. Retain pending source/method review.,,,"р. Інгул, 163 км, смт. Новий Буг, Софіівське вдсх., питний в/з селища",Південний Буг,SRC002,2008-01-01_2012-12-30_output,,retain_unchanged_with_qc_flag,source_lineage_verified_not_error_proven,official_resource_identified_raw_row_not_directly_inspected,,a92aa8d3-0612-4bbc-b13d-c2893061eb3d,
SWM_27135_20111010,27135,2011-10-10,Kisen,mg/dm3,54.0,DQ001_DO_GT25,high,Dissolved oxygen >25 mg/dm3; physically unusual screening threshold. Retain pending source/method review.,,,"р. Південний Буг, 652 км, м. Хмільник, питний в/з, вище міста",Південний Буг,SRC002,2008-01-01_2012-12-30_output,,retain_unchanged_with_qc_flag,source_lineage_verified_not_error_proven,official_resource_identified_raw_row_not_directly_inspected,,a92aa8d3-0612-4bbc-b13d-c2893061eb3d,
SWM_27135_20111108,27135,2011-11-08,Kisen,mg/dm3,60.0,DQ001_DO_GT25,high,Dissolved oxygen >25 mg/dm3; physically unusual screening threshold. Retain pending source/method review.,,,"р. Південний Буг, 652 км, м. Хмільник, питний в/з, вище міста",Південний Буг,SRC002,2008-01-01_2012-12-30_output,,retain_unchanged_with_qc_flag,source_lineage_verified_not_error_proven,official_resource_identified_raw_row_not_directly_inspected,,a92aa8d3-0612-4bbc-b13d-c2893061eb3d,
SWM_27135_20111205,27135,2011-12-05,Kisen,mg/dm3,73.0,DQ001_DO_GT25,high,Dissolved oxygen >25 mg/dm3; physically unusual screening threshold. Retain pending source/method review.,,,"р. Південний Буг, 652 км, м. Хмільник, питний в/з, вище міста",Південний Буг,SRC002,2008-01-01_2012-12-30_output,,retain_unchanged_with_qc_flag,source_lineage_verified_not_error_proven,official_resource_identified_raw_row_not_directly_inspected,,a92aa8d3-0612-4bbc-b13d-c2893061eb3d,
SWM_27059_20140722,27059,2014-07-22,Kisen,mg/dm3,78.1,DQ001_DO_GT25,high,Dissolved oxygen >25 mg/dm3; physically unusual screening threshold. Retain pending source/method review.,,,"р. Ворскла, 273 км, с. Клементове, а/дор. міст, вище техн. в/з м.Охтирка",Дніпро,SRC003,2012-12-31_2015-12-31_output,,retain_unchanged_with_qc_flag,source_lineage_verified_not_error_proven,direct_official_raw_exact,78.099999999999994,d2abc0aa-89c5-4a21-95ba-f1493575d261,223996
SWM_27223_20191022,27223,2019-10-22,Kisen,mg/dm3,90.0,DQ001_DO_GT25,high,Dissolved oxygen >25 mg/dm3; physically unusual screening threshold. Retain pending source/method review.,,,"р. Дністер, 900 км, с. Митків, правий берег, 200 м вище станції першого підйому в/з м. Чернівці",Дністер,SRC008,2019-10-01_2019-12-31_output,,retain_unchanged_with_qc_flag,source_lineage_verified_not_error_proven,direct_official_raw_exact,90.0,be7f785a-0cb6-4bac-b226-3f7e38ded4ab,223990
SWM_27137_20200304,27137,2020-03-04,Kisen,mg/dm3,81.7,DQ001_DO_GT25,high,Dissolved oxygen >25 mg/dm3; physically unusual screening threshold. Retain pending source/method review.,,,"р. Південний Буг, 582 км, м. Вінниця, Сабарівське вдсх,  питний в/з міста, вище міста",Південний Буг,SRC009,2020-01-01_2020-03-31_output,,retain_unchanged_with_qc_flag,source_lineage_verified_not_error_proven,direct_official_raw_exact,81.700000000000003,8b3c25b9-5aaf-4741-b619-c28782033d97,223991
SWM_26968_20211221,26968,2021-12-21,Kisen,mg/dm3,312.0,DQ001_DO_GT25,high,Dissolved oxygen >25 mg/dm3; physically unusual screening threshold. Retain pending source/method review.,,,"р. Ірша, 31 км, м. Малин, питний в/з міста",Дніпро,SRC022,2021-12-01_2021-12-31_output,,retain_unchanged_with_qc_flag,source_lineage_verified_not_error_proven,official_resource_identified_raw_row_not_directly_inspected,,deef55ce-96a5-4aa2-b753-7ffc8855b871,
SWM_27070_20040629,27070,2004-06-29,Simazin,mg/dm3,24000.0,DQ002_SIMAZIN_SCALE_ERA,high,2004–2006 Simazin values >=1 form a multi-order-of-magnitude scale discontinuity; max from 2007 onward is <1 mg/dm3. Possible historical unit/scale issue; no correction applied.,,,"канал Дніпро-Донбас, 256 км, с. Грушеваха",Дніпро,SRC001,2003-01-01_2007-12-31_output,,retain_unchanged_with_qc_flag,unit_scale_unresolved,official_resource_identified_raw_row_not_directly_inspected,,7737beec-69f0-4173-8c1e-28cd358dd686,
SWM_27176_20040629,27176,2004-06-29,Simazin,mg/dm3,24000.0,DQ002_SIMAZIN_SCALE_ERA,high,2004–2006 Simazin values >=1 form a multi-order-of-magnitude scale discontinuity; max from 2007 onward is <1 mg/dm3. Possible historical unit/scale issue; no correction applied.,,,"р. Сіверський Донець, 640 км, с.Петровське, вище каналу Дніпро-Донбас, міст",Дон,SRC001,2003-01-01_2007-12-31_output,,retain_unchanged_with_qc_flag,unit_scale_unresolved,official_resource_identified_raw_row_not_directly_inspected,,7737beec-69f0-4173-8c1e-28cd358dd686,
SWM_27178_20040706,27178,2004-07-06,Simazin,mg/dm3,2300.0,DQ002_SIMAZIN_SCALE_ERA,high,2004–2006 Simazin values >=1 form a multi-order-of-magnitude scale discontinuity; max from 2007 onward is <1 mg/dm3. Possible historical unit/scale issue; no correction applied.,,,"р. Сіверський Донець, 610 км, м.Ізюм, вище м.Ізюм, міст автостради ""Харків - Ростов""",Дон,SRC001,2003-01-01_2007-12-31_output,,retain_unchanged_with_qc_flag,unit_scale_unresolved,official_resource_identified_raw_row_not_directly_inspected,,7737beec-69f0-4173-8c1e-28cd358dd686,
SWM_27179_20040706,27179,2004-07-06,Simazin,mg/dm3,13000.0,DQ002_SIMAZIN_SCALE_ERA,high,2004–2006 Simazin values >=1 form a multi-order-of-magnitude scale discontinuity; max from 2007 onward is <1 mg/dm3. Possible historical unit/scale issue; no correction applied.,,,"р. Сіверський Донець, 600 км, м.Ізюм. , нижче м.Ізюм.",Дон,SRC001,2003-01-01_2007-12-31_output,,retain_unchanged_with_qc_flag,unit_scale_unresolved,official_resource_identified_raw_row_not_directly_inspected,,7737beec-69f0-4173-8c1e-28cd358dd686,
SWM_27181_20040706,27181,2004-07-06,Simazin,mg/dm3,1300.0,DQ002_SIMAZIN_SCALE_ERA,high,2004–2006 Simazin values >=1 form a multi-order-of-magnitude scale discontinuity; max from 2007 onward is <1 mg/dm3. Possible historical unit/scale issue; no correction applied.,,,"р. Сіверський Донець, 522 км, м.Слов""янськ, Райгородська гребля, питний водозабір  у канал ""Сіверський Донець-Донбас""",Дон,SRC001,2003-01-01_2007-12-31_output,,retain_unchanged_with_qc_flag,unit_scale_unresolved,official_resource_identified_raw_row_not_directly_inspected,,7737beec-69f0-4173-8c1e-28cd358dd686,
SWM_27182_20040706,27182,2004-07-06,Simazin,mg/dm3,6200.0,DQ002_SIMAZIN_SCALE_ERA,high,2004–2006 Simazin values >=1 form a multi-order-of-magnitude scale discontinuity; max from 2007 onward is <1 mg/dm3. Possible historical unit/scale issue; no correction applied.,,,"р. Сіверський Донець, 510 км, Райстародубівська гребля, водозабір Слов'янської ТЕС",Дон,SRC001,2003-01-01_2007-12-31_output,,retain_unchanged_with_qc_flag,unit_scale_unresolved,official_resource_identified_raw_row_not_directly_inspected,,7737beec-69f0-4173-8c1e-28cd358dd686,
SWM_27200_20040706,27200,2004-07-06,Simazin,mg/dm3,1300.0,DQ002_SIMAZIN_SCALE_ERA,high,2004–2006 Simazin values >=1 form a multi-order-of-magnitude scale discontinuity; max from 2007 onward is <1 mg/dm3. Possible historical unit/scale issue; no correction applied.,,,"р. Оскіл, 11 км, Червонооскільське вдсх,  н/б'єф",Дон,SRC001,2003-01-01_2007-12-31_output,,retain_unchanged_with_qc_flag,unit_scale_unresolved,official_resource_identified_raw_row_not_directly_inspected,,7737beec-69f0-4173-8c1e-28cd358dd686,
SWM_27203_20040706,27203,2004-07-06,Simazin,mg/dm3,6200.0,DQ002_SIMAZIN_SCALE_ERA,high,2004–2006 Simazin values >=1 form a multi-order-of-magnitude scale discontinuity; max from 2007 onward is <1 mg/dm3. Possible historical unit/scale issue; no correction applied.,,,"р. Казений Торець, 1 км, с. Райгородок, гирло",Дон,SRC001,2003-01-01_2007-12-31_output,,retain_unchanged_with_qc_flag,unit_scale_unresolved,official_resource_identified_raw_row_not_directly_inspected,,7737beec-69f0-4173-8c1e-28cd358dd686,
SWM_27186_20040714,27186,2004-07-14,Simazin,mg/dm3,24000.0,DQ002_SIMAZIN_SCALE_ERA,high,2004–2006 Simazin values >=1 form a multi-order-of-magnitude scale discontinuity; max from 2007 onward is <1 mg/dm3. Possible historical unit/scale issue; no correction applied.,,,"р. Сіверський Донець, 444 км, м.Рубіжне, вище, міст на дорозі  ""м.Рубіжне - м.Новодружеск""",Дон,SRC001,2003-01-01_2007-12-31_output,,retain_unchanged_with_qc_flag,unit_scale_unresolved,official_resource_identified_raw_row_not_directly_inspected,,7737beec-69f0-4173-8c1e-28cd358dd686,
SWM_27188_20040714,27188,2004-07-14,Simazin,mg/dm3,70000.0,DQ002_SIMAZIN_SCALE_ERA,high,2004–2006 Simazin values >=1 form a multi-order-of-magnitude scale discontinuity; max from 2007 onward is <1 mg/dm3. Possible historical unit/scale issue; no correction applied.,,,"р. Сіверський Донець, 406 км, с.Світличне, паром",Дон,SRC001,2003-01-01_2007-12-31_output,,retain_unchanged_with_qc_flag,unit_scale_unresolved,official_resource_identified_raw_row_not_directly_inspected,,7737beec-69f0-4173-8c1e-28cd358dd686,
SWM_27210_20040714,27210,2004-07-14,Simazin,mg/dm3,70000.0,DQ002_SIMAZIN_SCALE_ERA,high,2004–2006 Simazin values >=1 form a multi-order-of-magnitude scale discontinuity; max from 2007 onward is <1 mg/dm3. Possible historical unit/scale issue; no correction applied.,,,"р. Верхня Біленька, 1 км,  м. Лисичанськ, гирло, міста, міст",Дон,SRC001,2003-01-01_2007-12-31_output,,retain_unchanged_with_qc_flag,unit_scale_unresolved,official_resource_identified_raw_row_not_directly_inspected,,7737beec-69f0-4173-8c1e-28cd358dd686,
SWM_27070_20040726,27070,2004-07-26,Simazin,mg/dm3,6200.0,DQ002_SIMAZIN_SCALE_ERA,high,2004–2006 Simazin values >=1 form a multi-order-of-magnitude scale discontinuity; max from 2007 onward is <1 mg/dm3. Possible historical unit/scale issue; no correction applied.,,,"канал Дніпро-Донбас, 256 км, с. Грушеваха",Дніпро,SRC001,2003-01-01_2007-12-31_output,,retain_unchanged_with_qc_flag,unit_scale_unresolved,official_resource_identified_raw_row_not_directly_inspected,,7737beec-69f0-4173-8c1e-28cd358dd686,
SWM_27176_20040726,27176,2004-07-26,Simazin,mg/dm3,13000.0,DQ002_SIMAZIN_SCALE_ERA,high,2004–2006 Simazin values >=1 form a multi-order-of-magnitude scale discontinuity; max from 2007 onward is <1 mg/dm3. Possible historical unit/scale issue; no correction applied.,,,"р. Сіверський Донець, 640 км, с.Петровське, вище каналу Дніпро-Донбас, міст",Дон,SRC001,2003-01-01_2007-12-31_output,,retain_unchanged_with_qc_flag,unit_scale_unresolved,official_resource_identified_raw_row_not_directly_inspected,,7737beec-69f0-4173-8c1e-28cd358dd686,
SWM_27177_20040726,27177,2004-07-26,Simazin,mg/dm3,13000.0,DQ002_SIMAZIN_SCALE_ERA,high,2004–2006 Simazin values >=1 form a multi-order-of-magnitude scale discontinuity; max from 2007 onward is <1 mg/dm3. Possible historical unit/scale issue; no correction applied.,,,"р. Сіверський Донець, 630 км, с.Червоний Шахтар, нижче впадіння каналу Дніпро-Донбас",Дон,SRC001,2003-01-01_2007-12-31_output,,retain_unchanged_with_qc_flag,unit_scale_unresolved,official_resource_identified_raw_row_not_directly_inspected,,7737beec-69f0-4173-8c1e-28cd358dd686,
SWM_27181_20040727,27181,2004-07-27,Simazin,mg/dm3,6200.0,DQ002_SIMAZIN_SCALE_ERA,high,2004–2006 Simazin values >=1 form a multi-order-of-magnitude scale discontinuity; max from 2007 onward is <1 mg/dm3. Possible historical unit/scale issue; no correction applied.,,,"р. Сіверський Донець, 522 км, м.Слов""янськ, Райгородська гребля, питний водозабір  у канал ""Сіверський Донець-Донбас""",Дон,SRC001,2003-01-01_2007-12-31_output,,retain_unchanged_with_qc_flag,unit_scale_unresolved,official_resource_identified_raw_row_not_directly_inspected,,7737beec-69f0-4173-8c1e-28cd358dd686,
SWM_27205_20040727,27205,2004-07-27,Simazin,mg/dm3,6200.0,DQ002_SIMAZIN_SCALE_ERA,high,2004–2006 Simazin values >=1 form a multi-order-of-magnitude scale discontinuity; max from 2007 onward is <1 mg/dm3. Possible historical unit/scale issue; no correction applied.,,,"р. Казений Торець, 34 км, м.Слов'янськ, вище міста,  Ясногорівська гребля",Дон,SRC001,2003-01-01_2007-12-31_output,,retain_unchanged_with_qc_flag,unit_scale_unresolved,official_resource_identified_raw_row_not_directly_inspected,,7737beec-69f0-4173-8c1e-28cd358dd686,
SWM_27206_20040727,27206,2004-07-27,Simazin,mg/dm3,24000.0,DQ002_SIMAZIN_SCALE_ERA,high,2004–2006 Simazin values >=1 form a multi-order-of-magnitude scale discontinuity; max from 2007 onward is <1 mg/dm3. Possible historical unit/scale issue; no correction applied.,,,"р. Казений Торець, 55 км, м. Дружковки, нижче впадіння нижче міста технічний в/забір",Дон,SRC001,2003-01-01_2007-12-31_output,,retain_unchanged_with_qc_flag,unit_scale_unresolved,official_resource_identified_raw_row_not_directly_inspected,,7737beec-69f0-4173-8c1e-28cd358dd686,
SWM_27179_20040810,27179,2004-08-10,Simazin,mg/dm3,70000.0,DQ002_SIMAZIN_SCALE_ERA,high,2004–2006 Simazin values >=1 form a multi-order-of-magnitude scale discontinuity; max from 2007 onward is <1 mg/dm3. Possible historical unit/scale issue; no correction applied.,,,"р. Сіверський Донець, 600 км, м.Ізюм. , нижче м.Ізюм.",Дон,SRC001,2003-01-01_2007-12-31_output,,retain_unchanged_with_qc_flag,unit_scale_unresolved,official_resource_identified_raw_row_not_directly_inspected,,7737beec-69f0-4173-8c1e-28cd358dd686,
SWM_27181_20040810,27181,2004-08-10,Simazin,mg/dm3,6200.0,DQ002_SIMAZIN_SCALE_ERA,high,2004–2006 Simazin values >=1 form a multi-order-of-magnitude scale discontinuity; max from 2007 onward is <1 mg/dm3. Possible historical unit/scale issue; no correction applied.,,,"р. Сіверський Донець, 522 км, м.Слов""янськ, Райгородська гребля, питний водозабір  у канал ""Сіверський Донець-Донбас""",Дон,SRC001,2003-01-01_2007-12-31_output,,retain_unchanged_with_qc_flag,unit_scale_unresolved,official_resource_identified_raw_row_not_directly_inspected,,7737beec-69f0-4173-8c1e-28cd358dd686,
SWM_27182_20040810,27182,2004-08-10,Simazin,mg/dm3,24000.0,DQ002_SIMAZIN_SCALE_ERA,high,2004–2006 Simazin values >=1 form a multi-order-of-magnitude scale discontinuity; max from 2007 onward is <1 mg/dm3. Possible historical unit/scale issue; no correction applied.,,,"р. Сіверський Донець, 510 км, Райстародубівська гребля, водозабір Слов'янської ТЕС",Дон,SRC001,2003-01-01_2007-12-31_output,,retain_unchanged_with_qc_flag,unit_scale_unresolved,official_resource_identified_raw_row_not_directly_inspected,,7737beec-69f0-4173-8c1e-28cd358dd686,
SWM_27178_20041011,27178,2004-10-11,Simazin,mg/dm3,2300.0,DQ002_SIMAZIN_SCALE_ERA,high,2004–2006 Simazin values >=1 form a multi-order-of-magnitude scale discontinuity; max from 2007 onward is <1 mg/dm3. Possible historical unit/scale issue; no correction applied.,,,"р. Сіверський Донець, 610 км, м.Ізюм, вище м.Ізюм, міст автостради ""Харків - Ростов""",Дон,SRC001,2003-01-01_2007-12-31_output,,retain_unchanged_with_qc_flag,unit_scale_unresolved,official_resource_identified_raw_row_not_directly_inspected,,7737beec-69f0-4173-8c1e-28cd358dd686,
SWM_27179_20041011,27179,2004-10-11,Simazin,mg/dm3,2300.0,DQ002_SIMAZIN_SCALE_ERA,high,2004–2006 Simazin values >=1 form a multi-order-of-magnitude scale discontinuity; max from 2007 onward is <1 mg/dm3. Possible historical unit/scale issue; no correction applied.,,,"р. Сіверський Донець, 600 км, м.Ізюм. , нижче м.Ізюм.",Дон,SRC001,2003-01-01_2007-12-31_output,,retain_unchanged_with_qc_flag,unit_scale_unresolved,official_resource_identified_raw_row_not_directly_inspected,,7737beec-69f0-4173-8c1e-28cd358dd686,
SWM_27181_20041011,27181,2004-10-11,Simazin,mg/dm3,600.0,DQ002_SIMAZIN_SCALE_ERA,high,2004–2006 Simazin values >=1 form a multi-order-of-magnitude scale discontinuity; max from 2007 onward is <1 mg/dm3. Possible historical unit/scale issue; no correction applied.,,,"р. Сіверський Донець, 522 км, м.Слов""янськ, Райгородська гребля, питний водозабір  у канал ""Сіверський Донець-Донбас""",Дон,SRC001,2003-01-01_2007-12-31_output,,retain_unchanged_with_qc_flag,unit_scale_unresolved,official_resource_identified_raw_row_not_directly_inspected,,7737beec-69f0-4173-8c1e-28cd358dd686,
SWM_27182_20041011,27182,2004-10-11,Simazin,mg/dm3,2300.0,DQ002_SIMAZIN_SCALE_ERA,high,2004–2006 Simazin values >=1 form a multi-order-of-magnitude scale discontinuity; max from 2007 onward is <1 mg/dm3. Possible historical unit/scale issue; no correction applied.,,,"р. Сіверський Донець, 510 км, Райстародубівська гребля, водозабір Слов'янської ТЕС",Дон,SRC001,2003-01-01_2007-12-31_output,,retain_unchanged_with_qc_flag,unit_scale_unresolved,official_resource_identified_raw_row_not_directly_inspected,,7737beec-69f0-4173-8c1e-28cd358dd686,
SWM_27200_20041011,27200,2004-10-11,Simazin,mg/dm3,500.0,DQ002_SIMAZIN_SCALE_ERA,high,2004–2006 Simazin values >=1 form a multi-order-of-magnitude scale discontinuity; max from 2007 onward is <1 mg/dm3. Possible historical unit/scale issue; no correction applied.,,,"р. Оскіл, 11 км, Червонооскільське вдсх,  н/б'єф",Дон,SRC001,2003-01-01_2007-12-31_output,,retain_unchanged_with_qc_flag,unit_scale_unresolved,official_resource_identified_raw_row_not_directly_inspected,,7737beec-69f0-4173-8c1e-28cd358dd686,
SWM_27203_20041011,27203,2004-10-11,Simazin,mg/dm3,2300.0,DQ002_SIMAZIN_SCALE_ERA,high,2004–2006 Simazin values >=1 form a multi-order-of-magnitude scale discontinuity; max from 2007 onward is <1 mg/dm3. Possible historical unit/scale issue; no correction applied.,,,"р. Казений Торець, 1 км, с. Райгородок, гирло",Дон,SRC001,2003-01-01_2007-12-31_output,,retain_unchanged_with_qc_flag,unit_scale_unresolved,official_resource_identified_raw_row_not_directly_inspected,,7737beec-69f0-4173-8c1e-28cd358dd686,
SWM_27184_20041019,27184,2004-10-19,Simazin,mg/dm3,24000.0,DQ002_SIMAZIN_SCALE_ERA,high,2004–2006 Simazin values >=1 form a multi-order-of-magnitude scale discontinuity; max from 2007 onward is <1 mg/dm3. Possible historical unit/scale issue; no correction applied.,,,"р. Сіверський Донець, 483 км,  с.Дронівка, 800 м нижче впадіння р. Бахмут, кордон Донец. і Луганської обл.",Дон,SRC001,2003-01-01_2007-12-31_output,,retain_unchanged_with_qc_flag,unit_scale_unresolved,official_resource_identified_raw_row_not_directly_inspected,,7737beec-69f0-4173-8c1e-28cd358dd686,
SWM_27186_20041019,27186,2004-10-19,Simazin,mg/dm3,24000.0,DQ002_SIMAZIN_SCALE_ERA,high,2004–2006 Simazin values >=1 form a multi-order-of-magnitude scale discontinuity; max from 2007 onward is <1 mg/dm3. Possible historical unit/scale issue; no correction applied.,,,"р. Сіверський Донець, 444 км, м.Рубіжне, вище, міст на дорозі  ""м.Рубіжне - м.Новодружеск""",Дон,SRC001,2003-01-01_2007-12-31_output,,retain_unchanged_with_qc_flag,unit_scale_unresolved,official_resource_identified_raw_row_not_directly_inspected,,7737beec-69f0-4173-8c1e-28cd358dd686,
SWM_27187_20041019,27187,2004-10-19,Simazin,mg/dm3,70000.0,DQ002_SIMAZIN_SCALE_ERA,high,2004–2006 Simazin values >=1 form a multi-order-of-magnitude scale discontinuity; max from 2007 onward is <1 mg/dm3. Possible historical unit/scale issue; no correction applied.,,,"р. Сіверський Донець, 428 км, м. Лисичанська, нижче міста",Дон,SRC001,2003-01-01_2007-12-31_output,,retain_unchanged_with_qc_flag,unit_scale_unresolved,official_resource_identified_raw_row_not_directly_inspected,,7737beec-69f0-4173-8c1e-28cd358dd686,
SWM_27178_20041108,27178,2004-11-08,Simazin,mg/dm3,2300.0,DQ002_SIMAZIN_SCALE_ERA,high,2004–2006 Simazin values >=1 form a multi-order-of-magnitude scale discontinuity; max from 2007 onward is <1 mg/dm3. Possible historical unit/scale issue; no correction applied.,,,"р. Сіверський Донець, 610 км, м.Ізюм, вище м.Ізюм, міст автостради ""Харків - Ростов""",Дон,SRC001,2003-01-01_2007-12-31_output,,retain_unchanged_with_qc_flag,unit_scale_unresolved,official_resource_identified_raw_row_not_directly_inspected,,7737beec-69f0-4173-8c1e-28cd358dd686,
SWM_27179_20041108,27179,2004-11-08,Simazin,mg/dm3,6200.0,DQ002_SIMAZIN_SCALE_ERA,high,2004–2006 Simazin values >=1 form a multi-order-of-magnitude scale discontinuity; max from 2007 onward is <1 mg/dm3. Possible historical unit/scale issue; no correction applied.,,,"р. Сіверський Донець, 600 км, м.Ізюм. , нижче м.Ізюм.",Дон,SRC001,2003-01-01_2007-12-31_output,,retain_unchanged_with_qc_flag,unit_scale_unresolved,official_resource_identified_raw_row_not_directly_inspected,,7737beec-69f0-4173-8c1e-28cd358dd686,
SWM_27181_20041108,27181,2004-11-08,Simazin,mg/dm3,600.0,DQ002_SIMAZIN_SCALE_ERA,high,2004–2006 Simazin values >=1 form a multi-order-of-magnitude scale discontinuity; max from 2007 onward is <1 mg/dm3. Possible historical unit/scale issue; no correction applied.,,,"р. Сіверський Донець, 522 км, м.Слов""янськ, Райгородська гребля, питний водозабір  у канал ""Сіверський Донець-Донбас""",Дон,SRC001,2003-01-01_2007-12-31_output,,retain_unchanged_with_qc_flag,unit_scale_unresolved,official_resource_identified_raw_row_not_directly_inspected,,7737beec-69f0-4173-8c1e-28cd358dd686,
SWM_27182_20041108,27182,2004-11-08,Simazin,mg/dm3,2300.0,DQ002_SIMAZIN_SCALE_ERA,high,2004–2006 Simazin values >=1 form a multi-order-of-magnitude scale discontinuity; max from 2007 onward is <1 mg/dm3. Possible historical unit/scale issue; no correction applied.,,,"р. Сіверський Донець, 510 км, Райстародубівська гребля, водозабір Слов'янської ТЕС",Дон,SRC001,2003-01-01_2007-12-31_output,,retain_unchanged_with_qc_flag,unit_scale_unresolved,official_resource_identified_raw_row_not_directly_inspected,,7737beec-69f0-4173-8c1e-28cd358dd686,
SWM_27200_20041108,27200,2004-11-08,Simazin,mg/dm3,600.0,DQ002_SIMAZIN_SCALE_ERA,high,2004–2006 Simazin values >=1 form a multi-order-of-magnitude scale discontinuity; max from 2007 onward is <1 mg/dm3. Possible historical unit/scale issue; no correction applied.,,,"р. Оскіл, 11 км, Червонооскільське вдсх,  н/б'єф",Дон,SRC001,2003-01-01_2007-12-31_output,,retain_unchanged_with_qc_flag,unit_scale_unresolved,official_resource_identified_raw_row_not_directly_inspected,,7737beec-69f0-4173-8c1e-28cd358dd686,
SWM_27203_20041108,27203,2004-11-08,Simazin,mg/dm3,6200.0,DQ002_SIMAZIN_SCALE_ERA,high,2004–2006 Simazin values >=1 form a multi-order-of-magnitude scale discontinuity; max from 2007 onward is <1 mg/dm3. Possible historical unit/scale issue; no correction applied.,,,"р. Казений Торець, 1 км, с. Райгородок, гирло",Дон,SRC001,2003-01-01_2007-12-31_output,,retain_unchanged_with_qc_flag,unit_scale_unresolved,official_resource_identified_raw_row_not_directly_inspected,,7737beec-69f0-4173-8c1e-28cd358dd686,
SWM_27181_20041122,27181,2004-11-22,Simazin,mg/dm3,1300.0,DQ002_SIMAZIN_SCALE_ERA,high,2004–2006 Simazin values >=1 form a multi-order-of-magnitude scale discontinuity; max from 2007 onward is <1 mg/dm3. Possible historical unit/scale issue; no correction applied.,,,"р. Сіверський Донець, 522 км, м.Слов""янськ, Райгородська гребля, питний водозабір  у канал ""Сіверський Донець-Донбас""",Дон,SRC001,2003-01-01_2007-12-31_output,,retain_unchanged_with_qc_flag,unit_scale_unresolved,official_resource_identified_raw_row_not_directly_inspected,,7737beec-69f0-4173-8c1e-28cd358dd686,
SWM_27182_20041122,27182,2004-11-22,Simazin,mg/dm3,2300.0,DQ002_SIMAZIN_SCALE_ERA,high,2004–2006 Simazin values >=1 form a multi-order-of-magnitude scale discontinuity; max from 2007 onward is <1 mg/dm3. Possible historical unit/scale issue; no correction applied.,,,"р. Сіверський Донець, 510 км, Райстародубівська гребля, водозабір Слов'янської ТЕС",Дон,SRC001,2003-01-01_2007-12-31_output,,retain_unchanged_with_qc_flag,unit_scale_unresolved,official_resource_identified_raw_row_not_directly_inspected,,7737beec-69f0-4173-8c1e-28cd358dd686,
SWM_27203_20041122,27203,2004-11-22,Simazin,mg/dm3,5000.0,DQ002_SIMAZIN_SCALE_ERA,high,2004–2006 Simazin values >=1 form a multi-order-of-magnitude scale discontinuity; max from 2007 onward is <1 mg/dm3. Possible historical unit/scale issue; no correction applied.,,,"р. Казений Торець, 1 км, с. Райгородок, гирло",Дон,SRC001,2003-01-01_2007-12-31_output,,retain_unchanged_with_qc_flag,unit_scale_unresolved,official_resource_identified_raw_row_not_directly_inspected,,7737beec-69f0-4173-8c1e-28cd358dd686,
SWM_27205_20041122,27205,2004-11-22,Simazin,mg/dm3,70000.0,DQ002_SIMAZIN_SCALE_ERA,high,2004–2006 Simazin values >=1 form a multi-order-of-magnitude scale discontinuity; max from 2007 onward is <1 mg/dm3. Possible historical unit/scale issue; no correction applied.,,,"р. Казений Торець, 34 км, м.Слов'янськ, вище міста,  Ясногорівська гребля",Дон,SRC001,2003-01-01_2007-12-31_output,,retain_unchanged_with_qc_flag,unit_scale_unresolved,official_resource_identified_raw_row_not_directly_inspected,,7737beec-69f0-4173-8c1e-28cd358dd686,
SWM_27206_20041122,27206,2004-11-22,Simazin,mg/dm3,70000.0,DQ002_SIMAZIN_SCALE_ERA,high,2004–2006 Simazin values >=1 form a multi-order-of-magnitude scale discontinuity; max from 2007 onward is <1 mg/dm3. Possible historical unit/scale issue; no correction applied.,,,"р. Казений Торець, 55 км, м. Дружковки, нижче впадіння нижче міста технічний в/забір",Дон,SRC001,2003-01-01_2007-12-31_output,,retain_unchanged_with_qc_flag,unit_scale_unresolved,official_resource_identified_raw_row_not_directly_inspected,,7737beec-69f0-4173-8c1e-28cd358dd686,
SWM_27178_20041207,27178,2004-12-07,Simazin,mg/dm3,2300.0,DQ002_SIMAZIN_SCALE_ERA,high,2004–2006 Simazin values >=1 form a multi-order-of-magnitude scale discontinuity; max from 2007 onward is <1 mg/dm3. Possible historical unit/scale issue; no correction applied.,,,"р. Сіверський Донець, 610 км, м.Ізюм, вище м.Ізюм, міст автостради ""Харків - Ростов""",Дон,SRC001,2003-01-01_2007-12-31_output,,retain_unchanged_with_qc_flag,unit_scale_unresolved,official_resource_identified_raw_row_not_directly_inspected,,7737beec-69f0-4173-8c1e-28cd358dd686,
SWM_27179_20041207,27179,2004-12-07,Simazin,mg/dm3,6200.0,DQ002_SIMAZIN_SCALE_ERA,high,2004–2006 Simazin values >=1 form a multi-order-of-magnitude scale discontinuity; max from 2007 onward is <1 mg/dm3. Possible historical unit/scale issue; no correction applied.,,,"р. Сіверський Донець, 600 км, м.Ізюм. , нижче м.Ізюм.",Дон,SRC001,2003-01-01_2007-12-31_output,,retain_unchanged_with_qc_flag,unit_scale_unresolved,official_resource_identified_raw_row_not_directly_inspected,,7737beec-69f0-4173-8c1e-28cd358dd686,
SWM_27181_20041207,27181,2004-12-07,Simazin,mg/dm3,600.0,DQ002_SIMAZIN_SCALE_ERA,high,2004–2006 Simazin values >=1 form a multi-order-of-magnitude scale discontinuity; max from 2007 onward is <1 mg/dm3. Possible historical unit/scale issue; no correction applied.,,,"р. Сіверський Донець, 522 км, м.Слов""янськ, Райгородська гребля, питний водозабір  у канал ""Сіверський Донець-Донбас""",Дон,SRC001,2003-01-01_2007-12-31_output,,retain_unchanged_with_qc_flag,unit_scale_unresolved,official_resource_identified_raw_row_not_directly_inspected,,7737beec-69f0-4173-8c1e-28cd358dd686,
SWM_27182_20041207,27182,2004-12-07,Simazin,mg/dm3,2300.0,DQ002_SIMAZIN_SCALE_ERA,high,2004–2006 Simazin values >=1 form a multi-order-of-magnitude scale discontinuity; max from 2007 onward is <1 mg/dm3. Possible historical unit/scale issue; no correction applied.,,,"р. Сіверський Донець, 510 км, Райстародубівська гребля, водозабір Слов'янської ТЕС",Дон,SRC001,2003-01-01_2007-12-31_output,,retain_unchanged_with_qc_flag,unit_scale_unresolved,official_resource_identified_raw_row_not_directly_inspected,,7737beec-69f0-4173-8c1e-28cd358dd686,
SWM_27200_20041207,27200,2004-12-07,Simazin,mg/dm3,600.0,DQ002_SIMAZIN_SCALE_ERA,high,2004–2006 Simazin values >=1 form a multi-order-of-magnitude scale discontinuity; max from 2007 onward is <1 mg/dm3. Possible historical unit/scale issue; no correction applied.,,,"р. Оскіл, 11 км, Червонооскільське вдсх,  н/б'єф",Дон,SRC001,2003-01-01_2007-12-31_output,,retain_unchanged_with_qc_flag,unit_scale_unresolved,official_resource_identified_raw_row_not_directly_inspected,,7737beec-69f0-4173-8c1e-28cd358dd686,
SWM_27203_20041207,27203,2004-12-07,Simazin,mg/dm3,5000.0,DQ002_SIMAZIN_SCALE_ERA,high,2004–2006 Simazin values >=1 form a multi-order-of-magnitude scale discontinuity; max from 2007 onward is <1 mg/dm3. Possible historical unit/scale issue; no correction applied.,,,"р. Казений Торець, 1 км, с. Райгородок, гирло",Дон,SRC001,2003-01-01_2007-12-31_output,,retain_unchanged_with_qc_flag,unit_scale_unresolved,official_resource_identified_raw_row_not_directly_inspected,,7737beec-69f0-4173-8c1e-28cd358dd686,
SWM_27205_20041213,27205,2004-12-13,Simazin,mg/dm3,24000.0,DQ002_SIMAZIN_SCALE_ERA,high,2004–2006 Simazin values >=1 form a multi-order-of-magnitude scale discontinuity; max from 2007 onward is <1 mg/dm3. Possible historical unit/scale issue; no correction applied.,,,"р. Казений Торець, 34 км, м.Слов'янськ, вище міста,  Ясногорівська гребля",Дон,SRC001,2003-01-01_2007-12-31_output,,retain_unchanged_with_qc_flag,unit_scale_unresolved,official_resource_identified_raw_row_not_directly_inspected,,7737beec-69f0-4173-8c1e-28cd358dd686,
SWM_27206_20041213,27206,2004-12-13,Simazin,mg/dm3,24000.0,DQ002_SIMAZIN_SCALE_ERA,high,2004–2006 Simazin values >=1 form a multi-order-of-magnitude scale discontinuity; max from 2007 onward is <1 mg/dm3. Possible historical unit/scale issue; no correction applied.,,,"р. Казений Торець, 55 км, м. Дружковки, нижче впадіння нижче міста технічний в/забір",Дон,SRC001,2003-01-01_2007-12-31_output,,retain_unchanged_with_qc_flag,unit_scale_unresolved,official_resource_identified_raw_row_not_directly_inspected,,7737beec-69f0-4173-8c1e-28cd358dd686,
SWM_27176_20041220,27176,2004-12-20,Simazin,mg/dm3,6200.0,DQ002_SIMAZIN_SCALE_ERA,high,2004–2006 Simazin values >=1 form a multi-order-of-magnitude scale discontinuity; max from 2007 onward is <1 mg/dm3. Possible historical unit/scale issue; no correction applied.,,,"р. Сіверський Донець, 640 км, с.Петровське, вище каналу Дніпро-Донбас, міст",Дон,SRC001,2003-01-01_2007-12-31_output,,retain_unchanged_with_qc_flag,unit_scale_unresolved,official_resource_identified_raw_row_not_directly_inspected,,7737beec-69f0-4173-8c1e-28cd358dd686,
SWM_27186_20041220,27186,2004-12-20,Simazin,mg/dm3,24000.0,DQ002_SIMAZIN_SCALE_ERA,high,2004–2006 Simazin values >=1 form a multi-order-of-magnitude scale discontinuity; max from 2007 onward is <1 mg/dm3. Possible historical unit/scale issue; no correction applied.,,,"р. Сіверський Донець, 444 км, м.Рубіжне, вище, міст на дорозі  ""м.Рубіжне - м.Новодружеск""",Дон,SRC001,2003-01-01_2007-12-31_output,,retain_unchanged_with_qc_flag,unit_scale_unresolved,official_resource_identified_raw_row_not_directly_inspected,,7737beec-69f0-4173-8c1e-28cd358dd686,
SWM_27187_20041220,27187,2004-12-20,Simazin,mg/dm3,70000.0,DQ002_SIMAZIN_SCALE_ERA,high,2004–2006 Simazin values >=1 form a multi-order-of-magnitude scale discontinuity; max from 2007 onward is <1 mg/dm3. Possible historical unit/scale issue; no correction applied.,,,"р. Сіверський Донець, 428 км, м. Лисичанська, нижче міста",Дон,SRC001,2003-01-01_2007-12-31_output,,retain_unchanged_with_qc_flag,unit_scale_unresolved,official_resource_identified_raw_row_not_directly_inspected,,7737beec-69f0-4173-8c1e-28cd358dd686,
SWM_27210_20041220,27210,2004-12-20,Simazin,mg/dm3,70000.0,DQ002_SIMAZIN_SCALE_ERA,high,2004–2006 Simazin values >=1 form a multi-order-of-magnitude scale discontinuity; max from 2007 onward is <1 mg/dm3. Possible historical unit/scale issue; no correction applied.,,,"р. Верхня Біленька, 1 км,  м. Лисичанськ, гирло, міста, міст",Дон,SRC001,2003-01-01_2007-12-31_output,,retain_unchanged_with_qc_flag,unit_scale_unresolved,official_resource_identified_raw_row_not_directly_inspected,,7737beec-69f0-4173-8c1e-28cd358dd686,
SWM_27178_20050117,27178,2005-01-17,Simazin,mg/dm3,6200.0,DQ002_SIMAZIN_SCALE_ERA,high,2004–2006 Simazin values >=1 form a multi-order-of-magnitude scale discontinuity; max from 2007 onward is <1 mg/dm3. Possible historical unit/scale issue; no correction applied.,,,"р. Сіверський Донець, 610 км, м.Ізюм, вище м.Ізюм, міст автостради ""Харків - Ростов""",Дон,SRC001,2003-01-01_2007-12-31_output,,retain_unchanged_with_qc_flag,unit_scale_unresolved,official_resource_identified_raw_row_not_directly_inspected,,7737beec-69f0-4173-8c1e-28cd358dd686,
SWM_27181_20050117,27181,2005-01-17,Simazin,mg/dm3,600.0,DQ002_SIMAZIN_SCALE_ERA,high,2004–2006 Simazin values >=1 form a multi-order-of-magnitude scale discontinuity; max from 2007 onward is <1 mg/dm3. Possible historical unit/scale issue; no correction applied.,,,"р. Сіверський Донець, 522 км, м.Слов""янськ, Райгородська гребля, питний водозабір  у канал ""Сіверський Донець-Донбас""",Дон,SRC001,2003-01-01_2007-12-31_output,,retain_unchanged_with_qc_flag,unit_scale_unresolved,official_resource_identified_raw_row_not_directly_inspected,,7737beec-69f0-4173-8c1e-28cd358dd686,
SWM_27182_20050117,27182,2005-01-17,Simazin,mg/dm3,2300.0,DQ002_SIMAZIN_SCALE_ERA,high,2004–2006 Simazin values >=1 form a multi-order-of-magnitude scale discontinuity; max from 2007 onward is <1 mg/dm3. Possible historical unit/scale issue; no correction applied.,,,"р. Сіверський Донець, 510 км, Райстародубівська гребля, водозабір Слов'янської ТЕС",Дон,SRC001,2003-01-01_2007-12-31_output,,retain_unchanged_with_qc_flag,unit_scale_unresolved,official_resource_identified_raw_row_not_directly_inspected,,7737beec-69f0-4173-8c1e-28cd358dd686,
SWM_27200_20050117,27200,2005-01-17,Simazin,mg/dm3,500.0,DQ002_SIMAZIN_SCALE_ERA,high,2004–2006 Simazin values >=1 form a multi-order-of-magnitude scale discontinuity; max from 2007 onward is <1 mg/dm3. Possible historical unit/scale issue; no correction applied.,,,"р. Оскіл, 11 км, Червонооскільське вдсх,  н/б'єф",Дон,SRC001,2003-01-01_2007-12-31_output,,retain_unchanged_with_qc_flag,unit_scale_unresolved,official_resource_identified_raw_row_not_directly_inspected,,7737beec-69f0-4173-8c1e-28cd358dd686,
SWM_27203_20050117,27203,2005-01-17,Simazin,mg/dm3,240000.0,DQ002_SIMAZIN_SCALE_ERA,high,2004–2006 Simazin values >=1 form a multi-order-of-magnitude scale discontinuity; max from 2007 onward is <1 mg/dm3. Possible historical unit/scale issue; no correction applied.,,,"р. Казений Торець, 1 км, с. Райгородок, гирло",Дон,SRC001,2003-01-01_2007-12-31_output,,retain_unchanged_with_qc_flag,unit_scale_unresolved,official_resource_identified_raw_row_not_directly_inspected,,7737beec-69f0-4173-8c1e-28cd358dd686,
SWM_27187_20050124,27187,2005-01-24,Simazin,mg/dm3,24000.0,DQ002_SIMAZIN_SCALE_ERA,high,2004–2006 Simazin values >=1 form a multi-order-of-magnitude scale discontinuity; max from 2007 onward is <1 mg/dm3. Possible historical unit/scale issue; no correction applied.,,,"р. Сіверський Донець, 428 км, м. Лисичанська, нижче міста",Дон,SRC001,2003-01-01_2007-12-31_output,,retain_unchanged_with_qc_flag,unit_scale_unresolved,official_resource_identified_raw_row_not_directly_inspected,,7737beec-69f0-4173-8c1e-28cd358dd686,
SWM_27210_20050124,27210,2005-01-24,Simazin,mg/dm3,240000.0,DQ002_SIMAZIN_SCALE_ERA,high,2004–2006 Simazin values >=1 form a multi-order-of-magnitude scale discontinuity; max from 2007 onward is <1 mg/dm3. Possible historical unit/scale issue; no correction applied.,,,"р. Верхня Біленька, 1 км,  м. Лисичанськ, гирло, міста, міст",Дон,SRC001,2003-01-01_2007-12-31_output,,retain_unchanged_with_qc_flag,unit_scale_unresolved,official_resource_identified_raw_row_not_directly_inspected,,7737beec-69f0-4173-8c1e-28cd358dd686,
SWM_27181_20050131,27181,2005-01-31,Simazin,mg/dm3,600.0,DQ002_SIMAZIN_SCALE_ERA,high,2004–2006 Simazin values >=1 form a multi-order-of-magnitude scale discontinuity; max from 2007 onward is <1 mg/dm3. Possible historical unit/scale issue; no correction applied.,,,"р. Сіверський Донець, 522 км, м.Слов""янськ, Райгородська гребля, питний водозабір  у канал ""Сіверський Донець-Донбас""",Дон,SRC001,2003-01-01_2007-12-31_output,,retain_unchanged_with_qc_flag,unit_scale_unresolved,official_resource_identified_raw_row_not_directly_inspected,,7737beec-69f0-4173-8c1e-28cd358dd686,
SWM_27182_20050131,27182,2005-01-31,Simazin,mg/dm3,24000.0,DQ002_SIMAZIN_SCALE_ERA,high,2004–2006 Simazin values >=1 form a multi-order-of-magnitude scale discontinuity; max from 2007 onward is <1 mg/dm3. Possible historical unit/scale issue; no correction applied.,,,"р. Сіверський Донець, 510 км, Райстародубівська гребля, водозабір Слов'янської ТЕС",Дон,SRC001,2003-01-01_2007-12-31_output,,retain_unchanged_with_qc_flag,unit_scale_unresolved,official_resource_identified_raw_row_not_directly_inspected,,7737beec-69f0-4173-8c1e-28cd358dd686,
SWM_27206_20050131,27206,2005-01-31,Simazin,mg/dm3,240000.0,DQ002_SIMAZIN_SCALE_ERA,high,2004–2006 Simazin values >=1 form a multi-order-of-magnitude scale discontinuity; max from 2007 onward is <1 mg/dm3. Possible historical unit/scale issue; no correction applied.,,,"р. Казений Торець, 55 км, м. Дружковки, нижче впадіння нижче міста технічний в/забір",Дон,SRC001,2003-01-01_2007-12-31_output,,retain_unchanged_with_qc_flag,unit_scale_unresolved,official_resource_identified_raw_row_not_directly_inspected,,7737beec-69f0-4173-8c1e-28cd358dd686,
SWM_27178_20050214,27178,2005-02-14,Simazin,mg/dm3,2100.0,DQ002_SIMAZIN_SCALE_ERA,high,2004–2006 Simazin values >=1 form a multi-order-of-magnitude scale discontinuity; max from 2007 onward is <1 mg/dm3. Possible historical unit/scale issue; no correction applied.,,,"р. Сіверський Донець, 610 км, м.Ізюм, вище м.Ізюм, міст автостради ""Харків - Ростов""",Дон,SRC001,2003-01-01_2007-12-31_output,,retain_unchanged_with_qc_flag,unit_scale_unresolved,official_resource_identified_raw_row_not_directly_inspected,,7737beec-69f0-4173-8c1e-28cd358dd686,
SWM_27181_20050214,27181,2005-02-14,Simazin,mg/dm3,600.0,DQ002_SIMAZIN_SCALE_ERA,high,2004–2006 Simazin values >=1 form a multi-order-of-magnitude scale discontinuity; max from 2007 onward is <1 mg/dm3. Possible historical unit/scale issue; no correction applied.,,,"р. Сіверський Донець, 522 км, м.Слов""янськ, Райгородська гребля, питний водозабір  у канал ""Сіверський Донець-Донбас""",Дон,SRC001,2003-01-01_2007-12-31_output,,retain_unchanged_with_qc_flag,unit_scale_unresolved,official_resource_identified_raw_row_not_directly_inspected,,7737beec-69f0-4173-8c1e-28cd358dd686,
SWM_27182_20050214,27182,2005-02-14,Simazin,mg/dm3,6200.0,DQ002_SIMAZIN_SCALE_ERA,high,2004–2006 Simazin values >=1 form a multi-order-of-magnitude scale discontinuity; max from 2007 onward is <1 mg/dm3. Possible historical unit/scale issue; no correction applied.,,,"р. Сіверський Донець, 510 км, Райстародубівська гребля, водозабір Слов'янської ТЕС",Дон,SRC001,2003-01-01_2007-12-31_output,,retain_unchanged_with_qc_flag,unit_scale_unresolved,official_resource_identified_raw_row_not_directly_inspected,,7737beec-69f0-4173-8c1e-28cd358dd686,
SWM_27200_20050214,27200,2005-02-14,Simazin,mg/dm3,500.0,DQ002_SIMAZIN_SCALE_ERA,high,2004–2006 Simazin values >=1 form a multi-order-of-magnitude scale discontinuity; max from 2007 onward is <1 mg/dm3. Possible historical unit/scale issue; no correction applied.,,,"р. Оскіл, 11 км, Червонооскільське вдсх,  н/б'єф",Дон,SRC001,2003-01-01_2007-12-31_output,,retain_unchanged_with_qc_flag,unit_scale_unresolved,official_resource_identified_raw_row_not_directly_inspected,,7737beec-69f0-4173-8c1e-28cd358dd686,
SWM_27203_20050214,27203,2005-02-14,Simazin,mg/dm3,240000.0,DQ002_SIMAZIN_SCALE_ERA,high,2004–2006 Simazin values >=1 form a multi-order-of-magnitude scale discontinuity; max from 2007 onward is <1 mg/dm3. Possible historical unit/scale issue; no correction applied.,,,"р. Казений Торець, 1 км, с. Райгородок, гирло",Дон,SRC001,2003-01-01_2007-12-31_output,,retain_unchanged_with_qc_flag,unit_scale_unresolved,official_resource_identified_raw_row_not_directly_inspected,,7737beec-69f0-4173-8c1e-28cd358dd686,
SWM_27187_20050222,27187,2005-02-22,Simazin,mg/dm3,70000.0,DQ002_SIMAZIN_SCALE_ERA,high,2004–2006 Simazin values >=1 form a multi-order-of-magnitude scale discontinuity; max from 2007 onward is <1 mg/dm3. Possible historical unit/scale issue; no correction applied.,,,"р. Сіверський Донець, 428 км, м. Лисичанська, нижче міста",Дон,SRC001,2003-01-01_2007-12-31_output,,retain_unchanged_with_qc_flag,unit_scale_unresolved,official_resource_identified_raw_row_not_directly_inspected,,7737beec-69f0-4173-8c1e-28cd358dd686,
SWM_27181_20050225,27181,2005-02-25,Simazin,mg/dm3,600.0,DQ002_SIMAZIN_SCALE_ERA,high,2004–2006 Simazin values >=1 form a multi-order-of-magnitude scale discontinuity; max from 2007 onward is <1 mg/dm3. Possible historical unit/scale issue; no correction applied.,,,"р. Сіверський Донець, 522 км, м.Слов""янськ, Райгородська гребля, питний водозабір  у канал ""Сіверський Донець-Донбас""",Дон,SRC001,2003-01-01_2007-12-31_output,,retain_unchanged_with_qc_flag,unit_scale_unresolved,official_resource_identified_raw_row_not_directly_inspected,,7737beec-69f0-4173-8c1e-28cd358dd686,
SWM_27182_20050225,27182,2005-02-25,Simazin,mg/dm3,24000.0,DQ002_SIMAZIN_SCALE_ERA,high,2004–2006 Simazin values >=1 form a multi-order-of-magnitude scale discontinuity; max from 2007 onward is <1 mg/dm3. Possible historical unit/scale issue; no correction applied.,,,"р. Сіверський Донець, 510 км, Райстародубівська гребля, водозабір Слов'янської ТЕС",Дон,SRC001,2003-01-01_2007-12-31_output,,retain_unchanged_with_qc_flag,unit_scale_unresolved,official_resource_identified_raw_row_not_directly_inspected,,7737beec-69f0-4173-8c1e-28cd358dd686,
SWM_27203_20050225,27203,2005-02-25,Simazin,mg/dm3,70000.0,DQ002_SIMAZIN_SCALE_ERA,high,2004–2006 Simazin values >=1 form a multi-order-of-magnitude scale discontinuity; max from 2007 onward is <1 mg/dm3. Possible historical unit/scale issue; no correction applied.,,,"р. Казений Торець, 1 км, с. Райгородок, гирло",Дон,SRC001,2003-01-01_2007-12-31_output,,retain_unchanged_with_qc_flag,unit_scale_unresolved,official_resource_identified_raw_row_not_directly_inspected,,7737beec-69f0-4173-8c1e-28cd358dd686,
SWM_27178_20050309,27178,2005-03-09,Simazin,mg/dm3,2300.0,DQ002_SIMAZIN_SCALE_ERA,high,2004–2006 Simazin values >=1 form a multi-order-of-magnitude scale discontinuity; max from 2007 onward is <1 mg/dm3. Possible historical unit/scale issue; no correction applied.,,,"р. Сіверський Донець, 610 км, м.Ізюм, вище м.Ізюм, міст автостради ""Харків - Ростов""",Дон,SRC001,2003-01-01_2007-12-31_output,,retain_unchanged_with_qc_flag,unit_scale_unresolved,official_resource_identified_raw_row_not_directly_inspected,,7737beec-69f0-4173-8c1e-28cd358dd686,
SWM_27181_20050309,27181,2005-03-09,Simazin,mg/dm3,500.0,DQ002_SIMAZIN_SCALE_ERA,high,2004–2006 Simazin values >=1 form a multi-order-of-magnitude scale discontinuity; max from 2007 onward is <1 mg/dm3. Possible historical unit/scale issue; no correction applied.,,,"р. Сіверський Донець, 522 км, м.Слов""янськ, Райгородська гребля, питний водозабір  у канал ""Сіверський Донець-Донбас""",Дон,SRC001,2003-01-01_2007-12-31_output,,retain_unchanged_with_qc_flag,unit_scale_unresolved,official_resource_identified_raw_row_not_directly_inspected,,7737beec-69f0-4173-8c1e-28cd358dd686,
SWM_27182_20050309,27182,2005-03-09,Simazin,mg/dm3,2300.0,DQ002_SIMAZIN_SCALE_ERA,high,2004–2006 Simazin values >=1 form a multi-order-of-magnitude scale discontinuity; max from 2007 onward is <1 mg/dm3. Possible historical unit/scale issue; no correction applied.,,,"р. Сіверський Донець, 510 км, Райстародубівська гребля, водозабір Слов'янської ТЕС",Дон,SRC001,2003-01-01_2007-12-31_output,,retain_unchanged_with_qc_flag,unit_scale_unresolved,official_resource_identified_raw_row_not_directly_inspected,,7737beec-69f0-4173-8c1e-28cd358dd686,
SWM_27200_20050309,27200,2005-03-09,Simazin,mg/dm3,500.0,DQ002_SIMAZIN_SCALE_ERA,high,2004–2006 Simazin values >=1 form a multi-order-of-magnitude scale discontinuity; max from 2007 onward is <1 mg/dm3. Possible historical unit/scale issue; no correction applied.,,,"р. Оскіл, 11 км, Червонооскільське вдсх,  н/б'єф",Дон,SRC001,2003-01-01_2007-12-31_output,,retain_unchanged_with_qc_flag,unit_scale_unresolved,official_resource_identified_raw_row_not_directly_inspected,,7737beec-69f0-4173-8c1e-28cd358dd686,
SWM_27203_20050309,27203,2005-03-09,Simazin,mg/dm3,24000.0,DQ002_SIMAZIN_SCALE_ERA,high,2004–2006 Simazin values >=1 form a multi-order-of-magnitude scale discontinuity; max from 2007 onward is <1 mg/dm3. Possible historical unit/scale issue; no correction applied.,,,"р. Казений Торець, 1 км, с. Райгородок, гирло",Дон,SRC001,2003-01-01_2007-12-31_output,,retain_unchanged_with_qc_flag,unit_scale_unresolved,official_resource_identified_raw_row_not_directly_inspected,,7737beec-69f0-4173-8c1e-28cd358dd686,
SWM_27181_20050314,27181,2005-03-14,Simazin,mg/dm3,500.0,DQ002_SIMAZIN_SCALE_ERA,high,2004–2006 Simazin values >=1 form a multi-order-of-magnitude scale discontinuity; max from 2007 onward is <1 mg/dm3. Possible historical unit/scale issue; no correction applied.,,,"р. Сіверський Донець, 522 км, м.Слов""янськ, Райгородська гребля, питний водозабір  у канал ""Сіверський Донець-Донбас""",Дон,SRC001,2003-01-01_2007-12-31_output,,retain_unchanged_with_qc_flag,unit_scale_unresolved,official_resource_identified_raw_row_not_directly_inspected,,7737beec-69f0-4173-8c1e-28cd358dd686,
SWM_27203_20050314,27203,2005-03-14,Simazin,mg/dm3,6200.0,DQ002_SIMAZIN_SCALE_ERA,high,2004–2006 Simazin values >=1 form a multi-order-of-magnitude scale discontinuity; max from 2007 onward is <1 mg/dm3. Possible historical unit/scale issue; no correction applied.,,,"р. Казений Торець, 1 км, с. Райгородок, гирло",Дон,SRC001,2003-01-01_2007-12-31_output,,retain_unchanged_with_qc_flag,unit_scale_unresolved,official_resource_identified_raw_row_not_directly_inspected,,7737beec-69f0-4173-8c1e-28cd358dd686,
SWM_27210_20050314,27210,2005-03-14,Simazin,mg/dm3,240000.0,DQ002_SIMAZIN_SCALE_ERA,high,2004–2006 Simazin values >=1 form a multi-order-of-magnitude scale discontinuity; max from 2007 onward is <1 mg/dm3. Possible historical unit/scale issue; no correction applied.,,,"р. Верхня Біленька, 1 км,  м. Лисичанськ, гирло, міста, міст",Дон,SRC001,2003-01-01_2007-12-31_output,,retain_unchanged_with_qc_flag,unit_scale_unresolved,official_resource_identified_raw_row_not_directly_inspected,,7737beec-69f0-4173-8c1e-28cd358dd686,
SWM_27178_20050404,27178,2005-04-04,Simazin,mg/dm3,2300.0,DQ002_SIMAZIN_SCALE_ERA,high,2004–2006 Simazin values >=1 form a multi-order-of-magnitude scale discontinuity; max from 2007 onward is <1 mg/dm3. Possible historical unit/scale issue; no correction applied.,,,"р. Сіверський Донець, 610 км, м.Ізюм, вище м.Ізюм, міст автостради ""Харків - Ростов""",Дон,SRC001,2003-01-01_2007-12-31_output,,retain_unchanged_with_qc_flag,unit_scale_unresolved,official_resource_identified_raw_row_not_directly_inspected,,7737beec-69f0-4173-8c1e-28cd358dd686,
SWM_27181_20050404,27181,2005-04-04,Simazin,mg/dm3,600.0,DQ002_SIMAZIN_SCALE_ERA,high,2004–2006 Simazin values >=1 form a multi-order-of-magnitude scale discontinuity; max from 2007 onward is <1 mg/dm3. Possible historical unit/scale issue; no correction applied.,,,"р. Сіверський Донець, 522 км, м.Слов""янськ, Райгородська гребля, питний водозабір  у канал ""Сіверський Донець-Донбас""",Дон,SRC001,2003-01-01_2007-12-31_output,,retain_unchanged_with_qc_flag,unit_scale_unresolved,official_resource_identified_raw_row_not_directly_inspected,,7737beec-69f0-4173-8c1e-28cd358dd686,
SWM_27182_20050404,27182,2005-04-04,Simazin,mg/dm3,6200.0,DQ002_SIMAZIN_SCALE_ERA,high,2004–2006 Simazin values >=1 form a multi-order-of-magnitude scale discontinuity; max from 2007 onward is <1 mg/dm3. Possible historical unit/scale issue; no correction applied.,,,"р. Сіверський Донець, 510 км, Райстародубівська гребля, водозабір Слов'янської ТЕС",Дон,SRC001,2003-01-01_2007-12-31_output,,retain_unchanged_with_qc_flag,unit_scale_unresolved,official_resource_identified_raw_row_not_directly_inspected,,7737beec-69f0-4173-8c1e-28cd358dd686,
SWM_27200_20050404,27200,2005-04-04,Simazin,mg/dm3,500.0,DQ002_SIMAZIN_SCALE_ERA,high,2004–2006 Simazin values >=1 form a multi-order-of-magnitude scale discontinuity; max from 2007 onward is <1 mg/dm3. Possible historical unit/scale issue; no correction applied.,,,"р. Оскіл, 11 км, Червонооскільське вдсх,  н/б'єф",Дон,SRC001,2003-01-01_2007-12-31_output,,retain_unchanged_with_qc_flag,unit_scale_unresolved,official_resource_identified_raw_row_not_directly_inspected,,7737beec-69f0-4173-8c1e-28cd358dd686,
SWM_27203_20050404,27203,2005-04-04,Simazin,mg/dm3,24000.0,DQ002_SIMAZIN_SCALE_ERA,high,2004–2006 Simazin values >=1 form a multi-order-of-magnitude scale discontinuity; max from 2007 onward is <1 mg/dm3. Possible historical unit/scale issue; no correction applied.,,,"р. Казений Торець, 1 км, с. Райгородок, гирло",Дон,SRC001,2003-01-01_2007-12-31_output,,retain_unchanged_with_qc_flag,unit_scale_unresolved,official_resource_identified_raw_row_not_directly_inspected,,7737beec-69f0-4173-8c1e-28cd358dd686,
SWM_27210_20050418,27210,2005-04-18,Simazin,mg/dm3,240000.0,DQ002_SIMAZIN_SCALE_ERA,high,2004–2006 Simazin values >=1 form a multi-order-of-magnitude scale discontinuity; max from 2007 onward is <1 mg/dm3. Possible historical unit/scale issue; no correction applied.,,,"р. Верхня Біленька, 1 км,  м. Лисичанськ, гирло, міста, міст",Дон,SRC001,2003-01-01_2007-12-31_output,,retain_unchanged_with_qc_flag,unit_scale_unresolved,official_resource_identified_raw_row_not_directly_inspected,,7737beec-69f0-4173-8c1e-28cd358dd686,
SWM_27178_20050510,27178,2005-05-10,Simazin,mg/dm3,1300.0,DQ002_SIMAZIN_SCALE_ERA,high,2004–2006 Simazin values >=1 form a multi-order-of-magnitude scale discontinuity; max from 2007 onward is <1 mg/dm3. Possible historical unit/scale issue; no correction applied.,,,"р. Сіверський Донець, 610 км, м.Ізюм, вище м.Ізюм, міст автостради ""Харків - Ростов""",Дон,SRC001,2003-01-01_2007-12-31_output,,retain_unchanged_with_qc_flag,unit_scale_unresolved,official_resource_identified_raw_row_not_directly_inspected,,7737beec-69f0-4173-8c1e-28cd358dd686,
SWM_27181_20050510,27181,2005-05-10,Simazin,mg/dm3,500.0,DQ002_SIMAZIN_SCALE_ERA,high,2004–2006 Simazin values >=1 form a multi-order-of-magnitude scale discontinuity; max from 2007 onward is <1 mg/dm3. Possible historical unit/scale issue; no correction applied.,,,"р. Сіверський Донець, 522 км, м.Слов""янськ, Райгородська гребля, питний водозабір  у канал ""Сіверський Донець-Донбас""",Дон,SRC001,2003-01-01_2007-12-31_output,,retain_unchanged_with_qc_flag,unit_scale_unresolved,official_resource_identified_raw_row_not_directly_inspected,,7737beec-69f0-4173-8c1e-28cd358dd686,
SWM_27182_20050510,27182,2005-05-10,Simazin,mg/dm3,2300.0,DQ002_SIMAZIN_SCALE_ERA,high,2004–2006 Simazin values >=1 form a multi-order-of-magnitude scale discontinuity; max from 2007 onward is <1 mg/dm3. Possible historical unit/scale issue; no correction applied.,,,"р. Сіверський Донець, 510 км, Райстародубівська гребля, водозабір Слов'янської ТЕС",Дон,SRC001,2003-01-01_2007-12-31_output,,retain_unchanged_with_qc_flag,unit_scale_unresolved,official_resource_identified_raw_row_not_directly_inspected,,7737beec-69f0-4173-8c1e-28cd358dd686,
SWM_27200_20050510,27200,2005-05-10,Simazin,mg/dm3,500.0,DQ002_SIMAZIN_SCALE_ERA,high,2004–2006 Simazin values >=1 form a multi-order-of-magnitude scale discontinuity; max from 2007 onward is <1 mg/dm3. Possible historical unit/scale issue; no correction applied.,,,"р. Оскіл, 11 км, Червонооскільське вдсх,  н/б'єф",Дон,SRC001,2003-01-01_2007-12-31_output,,retain_unchanged_with_qc_flag,unit_scale_unresolved,official_resource_identified_raw_row_not_directly_inspected,,7737beec-69f0-4173-8c1e-28cd358dd686,
SWM_27203_20050510,27203,2005-05-10,Simazin,mg/dm3,6200.0,DQ002_SIMAZIN_SCALE_ERA,high,2004–2006 Simazin values >=1 form a multi-order-of-magnitude scale discontinuity; max from 2007 onward is <1 mg/dm3. Possible historical unit/scale issue; no correction applied.,,,"р. Казений Торець, 1 км, с. Райгородок, гирло",Дон,SRC001,2003-01-01_2007-12-31_output,,retain_unchanged_with_qc_flag,unit_scale_unresolved,official_resource_identified_raw_row_not_directly_inspected,,7737beec-69f0-4173-8c1e-28cd358dd686,
SWM_27205_20050523,27205,2005-05-23,Simazin,mg/dm3,24000.0,DQ002_SIMAZIN_SCALE_ERA,high,2004–2006 Simazin values >=1 form a multi-order-of-magnitude scale discontinuity; max from 2007 onward is <1 mg/dm3. Possible historical unit/scale issue; no correction applied.,,,"р. Казений Торець, 34 км, м.Слов'янськ, вище міста,  Ясногорівська гребля",Дон,SRC001,2003-01-01_2007-12-31_output,,retain_unchanged_with_qc_flag,unit_scale_unresolved,official_resource_identified_raw_row_not_directly_inspected,,7737beec-69f0-4173-8c1e-28cd358dd686,
SWM_27206_20050523,27206,2005-05-23,Simazin,mg/dm3,24000.0,DQ002_SIMAZIN_SCALE_ERA,high,2004–2006 Simazin values >=1 form a multi-order-of-magnitude scale discontinuity; max from 2007 onward is <1 mg/dm3. Possible historical unit/scale issue; no correction applied.,,,"р. Казений Торець, 55 км, м. Дружковки, нижче впадіння нижче міста технічний в/забір",Дон,SRC001,2003-01-01_2007-12-31_output,,retain_unchanged_with_qc_flag,unit_scale_unresolved,official_resource_identified_raw_row_not_directly_inspected,,7737beec-69f0-4173-8c1e-28cd358dd686,
SWM_27178_20050607,27178,2005-06-07,Simazin,mg/dm3,2300.0,DQ002_SIMAZIN_SCALE_ERA,high,2004–2006 Simazin values >=1 form a multi-order-of-magnitude scale discontinuity; max from 2007 onward is <1 mg/dm3. Possible historical unit/scale issue; no correction applied.,,,"р. Сіверський Донець, 610 км, м.Ізюм, вище м.Ізюм, міст автостради ""Харків - Ростов""",Дон,SRC001,2003-01-01_2007-12-31_output,,retain_unchanged_with_qc_flag,unit_scale_unresolved,official_resource_identified_raw_row_not_directly_inspected,,7737beec-69f0-4173-8c1e-28cd358dd686,
SWM_27181_20050607,27181,2005-06-07,Simazin,mg/dm3,2300.0,DQ002_SIMAZIN_SCALE_ERA,high,2004–2006 Simazin values >=1 form a multi-order-of-magnitude scale discontinuity; max from 2007 onward is <1 mg/dm3. Possible historical unit/scale issue; no correction applied.,,,"р. Сіверський Донець, 522 км, м.Слов""янськ, Райгородська гребля, питний водозабір  у канал ""Сіверський Донець-Донбас""",Дон,SRC001,2003-01-01_2007-12-31_output,,retain_unchanged_with_qc_flag,unit_scale_unresolved,official_resource_identified_raw_row_not_directly_inspected,,7737beec-69f0-4173-8c1e-28cd358dd686,
SWM_27182_20050607,27182,2005-06-07,Simazin,mg/dm3,6200.0,DQ002_SIMAZIN_SCALE_ERA,high,2004–2006 Simazin values >=1 form a multi-order-of-magnitude scale discontinuity; max from 2007 onward is <1 mg/dm3. Possible historical unit/scale issue; no correction applied.,,,"р. Сіверський Донець, 510 км, Райстародубівська гребля, водозабір Слов'янської ТЕС",Дон,SRC001,2003-01-01_2007-12-31_output,,retain_unchanged_with_qc_flag,unit_scale_unresolved,official_resource_identified_raw_row_not_directly_inspected,,7737beec-69f0-4173-8c1e-28cd358dd686,
SWM_27200_20050607,27200,2005-06-07,Simazin,mg/dm3,600.0,DQ002_SIMAZIN_SCALE_ERA,high,2004–2006 Simazin values >=1 form a multi-order-of-magnitude scale discontinuity; max from 2007 onward is <1 mg/dm3. Possible historical unit/scale issue; no correction applied.,,,"р. Оскіл, 11 км, Червонооскільське вдсх,  н/б'єф",Дон,SRC001,2003-01-01_2007-12-31_output,,retain_unchanged_with_qc_flag,unit_scale_unresolved,official_resource_identified_raw_row_not_directly_inspected,,7737beec-69f0-4173-8c1e-28cd358dd686,
SWM_27203_20050607,27203,2005-06-07,Simazin,mg/dm3,24000.0,DQ002_SIMAZIN_SCALE_ERA,high,2004–2006 Simazin values >=1 form a multi-order-of-magnitude scale discontinuity; max from 2007 onward is <1 mg/dm3. Possible historical unit/scale issue; no correction applied.,,,"р. Казений Торець, 1 км, с. Райгородок, гирло",Дон,SRC001,2003-01-01_2007-12-31_output,,retain_unchanged_with_qc_flag,unit_scale_unresolved,official_resource_identified_raw_row_not_directly_inspected,,7737beec-69f0-4173-8c1e-28cd358dd686,
SWM_27181_20050622,27181,2005-06-22,Simazin,mg/dm3,600.0,DQ002_SIMAZIN_SCALE_ERA,high,2004–2006 Simazin values >=1 form a multi-order-of-magnitude scale discontinuity; max from 2007 onward is <1 mg/dm3. Possible historical unit/scale issue; no correction applied.,,,"р. Сіверський Донець, 522 км, м.Слов""янськ, Райгородська гребля, питний водозабір  у канал ""Сіверський Донець-Донбас""",Дон,SRC001,2003-01-01_2007-12-31_output,,retain_unchanged_with_qc_flag,unit_scale_unresolved,official_resource_identified_raw_row_not_directly_inspected,,7737beec-69f0-4173-8c1e-28cd358dd686,
SWM_27182_20050622,27182,2005-06-22,Simazin,mg/dm3,6200.0,DQ002_SIMAZIN_SCALE_ERA,high,2004–2006 Simazin values >=1 form a multi-order-of-magnitude scale discontinuity; max from 2007 onward is <1 mg/dm3. Possible historical unit/scale issue; no correction applied.,,,"р. Сіверський Донець, 510 км, Райстародубівська гребля, водозабір Слов'янської ТЕС",Дон,SRC001,2003-01-01_2007-12-31_output,,retain_unchanged_with_qc_flag,unit_scale_unresolved,official_resource_identified_raw_row_not_directly_inspected,,7737beec-69f0-4173-8c1e-28cd358dd686,
SWM_27203_20050622,27203,2005-06-22,Simazin,mg/dm3,70000.0,DQ002_SIMAZIN_SCALE_ERA,high,2004–2006 Simazin values >=1 form a multi-order-of-magnitude scale discontinuity; max from 2007 onward is <1 mg/dm3. Possible historical unit/scale issue; no correction applied.,,,"р. Казений Торець, 1 км, с. Райгородок, гирло",Дон,SRC001,2003-01-01_2007-12-31_output,,retain_unchanged_with_qc_flag,unit_scale_unresolved,official_resource_identified_raw_row_not_directly_inspected,,7737beec-69f0-4173-8c1e-28cd358dd686,
SWM_27182_20051205,27182,2005-12-05,Simazin,mg/dm3,2300.0,DQ002_SIMAZIN_SCALE_ERA,high,2004–2006 Simazin values >=1 form a multi-order-of-magnitude scale discontinuity; max from 2007 onward is <1 mg/dm3. Possible historical unit/scale issue; no correction applied.,,,"р. Сіверський Донець, 510 км, Райстародубівська гребля, водозабір Слов'янської ТЕС",Дон,SRC001,2003-01-01_2007-12-31_output,,retain_unchanged_with_qc_flag,unit_scale_unresolved,official_resource_identified_raw_row_not_directly_inspected,,7737beec-69f0-4173-8c1e-28cd358dd686,
SWM_27182_20060221,27182,2006-02-21,Simazin,mg/dm3,4300.0,DQ002_SIMAZIN_SCALE_ERA,high,2004–2006 Simazin values >=1 form a multi-order-of-magnitude scale discontinuity; max from 2007 onward is <1 mg/dm3. Possible historical unit/scale issue; no correction applied.,,,"р. Сіверський Донець, 510 км, Райстародубівська гребля, водозабір Слов'янської ТЕС",Дон,SRC001,2003-01-01_2007-12-31_output,,retain_unchanged_with_qc_flag,unit_scale_unresolved,official_resource_identified_raw_row_not_directly_inspected,,7737beec-69f0-4173-8c1e-28cd358dd686,
SWM_27131_20031124,27131,2003-11-24,Hlorid,mg/dm3,0.23,DQ003_DECIMAL_SHIFT_CANDIDATE,high,"Isolated value is ~10^2 different from two temporally adjacent, mutually consistent observations. Do not auto-correct.",22.1,26.5,"р. Південний Буг, 755 км, м. Хмельницький , Хмельницьке вдсх.",Південний Буг,SRC001,2003-01-01_2007-12-31_output,ratio_to_geometric_neighbor_center=0.00950405; neighbor_ratio=1.2,retain_source_published_value_with_qc_flag,source_anomaly_candidate,official_resource_identified_raw_row_not_directly_inspected,,7737beec-69f0-4173-8c1e-28cd358dd686,
SWM_27263_20040317,27263,2004-03-17,Nitrat,mg/dm3,109.12,DQ003_DECIMAL_SHIFT_CANDIDATE,high,"Isolated value is ~10^2 different from two temporally adjacent, mutually consistent observations. Do not auto-correct.",0.6,1.8,"р. Окни, 28 км, с. Лабушне, кордон з Молдовою",Дністер,SRC001,2003-01-01_2007-12-31_output,ratio_to_geometric_neighbor_center=105.001; neighbor_ratio=3,retain_source_published_value_with_qc_flag,source_anomaly_candidate,official_resource_identified_raw_row_not_directly_inspected,,7737beec-69f0-4173-8c1e-28cd358dd686,
SWM_27196_20040720,27196,2004-07-20,Nitrat,mg/dm3,0.34,DQ003_DECIMAL_SHIFT_CANDIDATE,high,"Isolated value is ~10^2 different from two temporally adjacent, mutually consistent observations. Do not auto-correct.",28.98,38.93,"р. Лопань, 1 км, м. Харків , гирло",Дон,SRC001,2003-01-01_2007-12-31_output,ratio_to_geometric_neighbor_center=0.0101225; neighbor_ratio=1.34,retain_source_published_value_with_qc_flag,source_anomaly_candidate,official_resource_identified_raw_row_not_directly_inspected,,7737beec-69f0-4173-8c1e-28cd358dd686,
SWM_27002_20071016,27002,2007-10-16,Fosfat,mg/dm3,33.0,DQ003_DECIMAL_SHIFT_CANDIDATE,high,"Isolated value is ~10^2 different from two temporally adjacent, mutually consistent observations. Do not auto-correct.",0.26,0.36,"р. Сейм, 42 км, м. Батурин, Бахмацького р-ну",Дніпро,SRC001,2003-01-01_2007-12-31_output,ratio_to_geometric_neighbor_center=107.864; neighbor_ratio=1.38,retain_source_published_value_with_qc_flag,source_anomaly_candidate,official_resource_identified_raw_row_not_directly_inspected,,7737beec-69f0-4173-8c1e-28cd358dd686,
SWM_27224_20071121,27224,2007-11-21,Kisen,mg/dm3,0.11,DQ003_DECIMAL_SHIFT_CANDIDATE,high,"Isolated value is ~10^2 different from two temporally adjacent, mutually consistent observations. Do not auto-correct.",8.64,12.16,"р. Дністер, 826 км, м. Хотин, в/з, лівий берег, 600 м вище мосту дороги Чернівці-Камян.-Под.",Дністер,SRC001,2003-01-01_2007-12-31_output,ratio_to_geometric_neighbor_center=0.0107317; neighbor_ratio=1.41,retain_source_published_value_with_qc_flag,source_anomaly_candidate,official_resource_identified_raw_row_not_directly_inspected,,7737beec-69f0-4173-8c1e-28cd358dd686,
SWM_27141_20091007,27141,2009-10-07,Nitrit,mg/dm3,0.001,DQ003_DECIMAL_SHIFT_CANDIDATE,high,"Isolated value is ~10^2 different from two temporally adjacent, mutually consistent observations. Do not auto-correct.",0.106,0.086,"р. Південний Буг, 400 км, м. Ладижин, Ладижинське вдсх,",Південний Буг,SRC002,2008-01-01_2012-12-30_output,ratio_to_geometric_neighbor_center=0.0104736; neighbor_ratio=1.23,retain_source_published_value_with_qc_flag,source_anomaly_candidate,official_resource_identified_raw_row_not_directly_inspected,,a92aa8d3-0612-4bbc-b13d-c2893061eb3d,
SWM_27265_20140522,27265,2014-05-22,Sulfat,mg/dm3,1.9,DQ003_DECIMAL_SHIFT_CANDIDATE,high,"Isolated value is ~10^2 different from two temporally adjacent, mutually consistent observations. Do not auto-correct.",249.6,168.0,"р. Турунчук, 47 км, с. Троїцьке, (рукав Дністра), міст",Дністер,SRC003,2012-12-31_2015-12-31_output,ratio_to_geometric_neighbor_center=0.00927848; neighbor_ratio=1.49,retain_source_published_value_with_qc_flag,source_anomaly_candidate,direct_official_raw_exact,1.8999999999999999,d2abc0aa-89c5-4a21-95ba-f1493575d261,223996
SWM_27253_20150728,27253,2015-07-28,BSK5,mgO2/dm3,202.0,DQ003_DECIMAL_SHIFT_CANDIDATE,high,"Isolated value is ~10^2 different from two temporally adjacent, mutually consistent observations. Do not auto-correct.",1.9,2.2,"р. Сівка, 11 км, смт. Войнилів, вплив стоків Калуського пром вузла, лів. берег, 80 м вище мосту по дорозі Калуш-Бурштин",Дністер,SRC003,2012-12-31_2015-12-31_output,ratio_to_geometric_neighbor_center=98.8014; neighbor_ratio=1.16,retain_source_published_value_with_qc_flag,source_anomaly_candidate,direct_official_raw_exact,202.0,d2abc0aa-89c5-4a21-95ba-f1493575d261,223996
SWM_27266_20170301,27266,2017-03-01,Fosfat,mg/dm3,0.05,DQ003_DECIMAL_SHIFT_CANDIDATE,high,"Isolated value is ~10^2 different from two temporally adjacent, mutually consistent observations. Do not auto-correct.",4.77,5.1,"р. Кучурган, 6 км, с. Степанівка, впадає в Кучурганський лиман, кордон з Молдовою",Дністер,SRC004,2016-01-01_2018-12-31_output,ratio_to_geometric_neighbor_center=0.0101374; neighbor_ratio=1.07,retain_source_published_value_with_qc_flag,source_anomaly_candidate,direct_official_raw_exact,0.05,c1ab3675-34ad-48f1-ae14-2b81cd4cd66f,223995
SWM_27309_20180606,27309,2018-06-06,Nitrit,mg/dm3,135.0,DQ003_DECIMAL_SHIFT_CANDIDATE,high,"Isolated value is ~10^3 different from two temporally adjacent, mutually consistent observations. Do not auto-correct.",0.222,0.085,"р. Прут, 759 км, с. Магала, лівий берег, 3 км нижче мосту по дорозі Чернівці-Хотин, 600 м нище скиду стічних вод м. Чернівці",Дунай,SRC004,2016-01-01_2018-12-31_output,ratio_to_geometric_neighbor_center=982.761; neighbor_ratio=2.61,retain_source_published_value_with_qc_flag,source_anomaly_candidate,direct_official_raw_exact,135.0,c1ab3675-34ad-48f1-ae14-2b81cd4cd66f,223995
SWM_27328_20210712,27328,2021-07-12,Azot,mg/dm3,1421.0,DQ003_DECIMAL_SHIFT_CANDIDATE,high,"Isolated value is ~10^2 different from two temporally adjacent, mutually consistent observations. Do not auto-correct.",18.68,10.02,"р. Киргиж-Китай, 49 км, с. М. Ярославець, кордон з Молдовою",Дунай,SRC017,2021-07-01_2021-07-31_output,ratio_to_geometric_neighbor_center=103.866; neighbor_ratio=1.86,retain_source_published_value_with_qc_flag,source_anomaly_candidate,official_resource_identified_raw_row_not_directly_inspected,,c883602e-5ffb-4fdb-b369-57c465106249,
SWM_27271_20211213,27271,2021-12-13,Sulfat,mg/dm3,0.9,DQ003_DECIMAL_SHIFT_CANDIDATE,high,"Isolated value is ~10^2 different from two temporally adjacent, mutually consistent observations. Do not auto-correct.",57.7,131.6,"р. Дунай, 48 км, м. Кілія, питний в/з",Дунай,SRC022,2021-12-01_2021-12-31_output,ratio_to_geometric_neighbor_center=0.0103282; neighbor_ratio=2.28,retain_source_published_value_with_qc_flag,source_anomaly_candidate,official_resource_identified_raw_row_not_directly_inspected,,deef55ce-96a5-4aa2-b753-7ffc8855b871,
SWM_27315_20220110,27315,2022-01-10,Nitrat,mg/dm3,4.5,DQ003_DECIMAL_SHIFT_CANDIDATE,high,"Isolated value is ~10^3 different from two temporally adjacent, mutually consistent observations. Do not auto-correct.",0.0045,0.0045,"оз. Ялпуг-Кугурлуй, 0 км, с. Оксамитне Болградського району, Болградський питний в/з",Дунай,SRC023,2022-01-01_2022-01-31_output,ratio_to_geometric_neighbor_center=1000; neighbor_ratio=1,retain_source_published_value_with_qc_flag,source_anomaly_candidate,official_resource_identified_raw_row_not_directly_inspected,,189a4d76-fe15-4562-b819-5f790c7a6a0b,
SWM_27268_20220815,27268,2022-08-15,Nitrat,mg/dm3,0.004,DQ003_DECIMAL_SHIFT_CANDIDATE,high,"Isolated value is ~10^3 different from two temporally adjacent, mutually consistent observations. Do not auto-correct.",3.3,5.0,"р. Кучурган, 20 км, с. Кучургани, Кучурганське вдсх., на східному березі вдсх, 2 км нижче мосту через річку",Дністер,SRC030,2022-08-01_2022-08-31_output,ratio_to_geometric_neighbor_center=0.000984732; neighbor_ratio=1.52,retain_source_published_value_with_qc_flag,source_anomaly_candidate,official_resource_identified_raw_row_not_directly_inspected,,364618a5-b82d-4019-b6f3-5b5e72eea42d,
SWM_27268_20230306,27268,2023-03-06,Nitrat,mg/dm3,4.0,DQ003_DECIMAL_SHIFT_CANDIDATE,high,"Isolated value is ~10^3 different from two temporally adjacent, mutually consistent observations. Do not auto-correct.",0.004,0.004,"р. Кучурган, 20 км, с. Кучургани, Кучурганське вдсх., на східному березі вдсх, 2 км нижче мосту через річку",Дністер,SRC037,2023-03-01_2023-03-31_output,ratio_to_geometric_neighbor_center=1000; neighbor_ratio=1,retain_source_published_value_with_qc_flag,source_anomaly_candidate,official_resource_identified_raw_row_not_directly_inspected,,42a23bad-0e89-455b-bd6f-78ed0c4d46ea,
SWM_27027_20250210,27027,2025-02-10,Nitrit,mg/dm3,32.0,DQ003_DECIMAL_SHIFT_CANDIDATE,high,"Isolated value is ~10^3 different from two temporally adjacent, mutually consistent observations. Do not auto-correct.",0.035,0.032,"р. Рось, 64 км,  м.Корсунь-Шевченківський, питний в/з",Дніпро,SRC060,2025-02-february,ratio_to_geometric_neighbor_center=956.183; neighbor_ratio=1.09,retain_source_published_value_with_qc_flag,source_anomaly_candidate,direct_official_raw_exact,32.0,14d1af19-6090-486a-a8fc-008ba8bfd8cb,461337
SWM_27241_20030528,27241,2003-05-28,BSK5,mgO2/dm3,321.0,DQ004_GLOBAL_EXTREME_TAIL,review,Value exceeds global P99.9 (128) and is >10x global median where median >0. Screening flag only.,,,"р. Саджава, 9 км, м. Долина, лівий берег, 20 м нижче моста по дорозі Долина - Болехів",Дністер,SRC001,2003-01-01_2007-12-31_output,,retain_unchanged,screening_only,,,,
SWM_27241_20030528,27241,2003-05-28,HSK,mgO2/dm3,643.0,DQ004_GLOBAL_EXTREME_TAIL,review,Value exceeds global P99.9 (416.316) and is >10x global median where median >0. Screening flag only.,,,"р. Саджава, 9 км, м. Долина, лівий берег, 20 м нижче моста по дорозі Долина - Болехів",Дністер,SRC001,2003-01-01_2007-12-31_output,,retain_unchanged,screening_only,,,,
SWM_27277_20030715,27277,2003-07-15,Zavisli,mg/dm3,569.0,DQ004_GLOBAL_EXTREME_TAIL,review,Value exceeds global P99.9 (467.01) and is >10x global median where median >0. Screening flag only.,,,"р. Тиса, 882 км, м. Тячів, питний в/з, АІВС якості***",Дунай,SRC001,2003-01-01_2007-12-31_output,,retain_unchanged,screening_only,,,,
SWM_27262_20030806,27262,2003-08-06,Zavisli,mg/dm3,606.69,DQ004_GLOBAL_EXTREME_TAIL,review,Value exceeds global P99.9 (467.01) and is >10x global median where median >0. Screening flag only.,,,"р. Білоч, 15 км, с. Шершенці, кордон з Молдовою",Дністер,SRC001,2003-01-01_2007-12-31_output,,retain_unchanged,screening_only,,,,
SWM_27241_20030813,27241,2003-08-13,BSK5,mgO2/dm3,292.0,DQ004_GLOBAL_EXTREME_TAIL,review,Value exceeds global P99.9 (128) and is >10x global median where median >0. Screening flag only.,,,"р. Саджава, 9 км, м. Долина, лівий берег, 20 м нижче моста по дорозі Долина - Болехів",Дністер,SRC001,2003-01-01_2007-12-31_output,,retain_unchanged,screening_only,,,,
SWM_27241_20030813,27241,2003-08-13,HSK,mgO2/dm3,660.0,DQ004_GLOBAL_EXTREME_TAIL,review,Value exceeds global P99.9 (416.316) and is >10x global median where median >0. Screening flag only.,,,"р. Саджава, 9 км, м. Долина, лівий берег, 20 м нижче моста по дорозі Долина - Болехів",Дністер,SRC001,2003-01-01_2007-12-31_output,,retain_unchanged,screening_only,,,,
SWM_26934_20030910,26934,2003-09-10,Amoniy,mg/dm3,39.0,DQ004_GLOBAL_EXTREME_TAIL,review,Value exceeds global P99.9 (27.9369) and is >10x global median where median >0. Screening flag only.,,,"р. Стир, 308 км, м.Луцьк, питний в/з міста",Дніпро,SRC001,2003-01-01_2007-12-31_output,,retain_unchanged,screening_only,,,,
SWM_27241_20031111,27241,2003-11-11,BSK5,mgO2/dm3,156.0,DQ004_GLOBAL_EXTREME_TAIL,review,Value exceeds global P99.9 (128) and is >10x global median where median >0. Screening flag only.,,,"р. Саджава, 9 км, м. Долина, лівий берег, 20 м нижче моста по дорозі Долина - Болехів",Дністер,SRC001,2003-01-01_2007-12-31_output,,retain_unchanged,screening_only,,,,
SWM_27130_20031124,27130,2003-11-24,Nitrit,mg/dm3,13.0,DQ004_GLOBAL_EXTREME_TAIL,review,Value exceeds global P99.9 (8.10944) and is >10x global median where median >0. Screening flag only.,,,"р. Південний Буг, 773 км, смт. Чорний Острів, Мар'янівське вдсх.",Південний Буг,SRC001,2003-01-01_2007-12-31_output,,retain_unchanged,screening_only,,,,
SWM_27130_20031124,27130,2003-11-24,Permanganat,mgO2/dm3,320.0,DQ004_GLOBAL_EXTREME_TAIL,review,Value exceeds global P99.9 (49.1515) and is >10x global median where median >0. Screening flag only.,,,"р. Південний Буг, 773 км, смт. Чорний Острів, Мар'янівське вдсх.",Південний Буг,SRC001,2003-01-01_2007-12-31_output,,retain_unchanged,screening_only,,,,
SWM_27131_20031124,27131,2003-11-24,Nitrit,mg/dm3,14.2,DQ004_GLOBAL_EXTREME_TAIL,review,Value exceeds global P99.9 (8.10944) and is >10x global median where median >0. Screening flag only.,,,"р. Південний Буг, 755 км, м. Хмельницький , Хмельницьке вдсх.",Південний Буг,SRC001,2003-01-01_2007-12-31_output,,retain_unchanged,screening_only,,,,
SWM_27131_20031124,27131,2003-11-24,Permanganat,mgO2/dm3,385.0,DQ004_GLOBAL_EXTREME_TAIL,review,Value exceeds global P99.9 (49.1515) and is >10x global median where median >0. Screening flag only.,,,"р. Південний Буг, 755 км, м. Хмельницький , Хмельницьке вдсх.",Південний Буг,SRC001,2003-01-01_2007-12-31_output,,retain_unchanged,screening_only,,,,
SWM_27132_20031124,27132,2003-11-24,Nitrit,mg/dm3,15.6,DQ004_GLOBAL_EXTREME_TAIL,review,Value exceeds global P99.9 (8.10944) and is >10x global median where median >0. Screening flag only.,,,"р. Південний Буг, 744 км, с. Копистин, нижче м.Хмельницький",Південний Буг,SRC001,2003-01-01_2007-12-31_output,,retain_unchanged,screening_only,,,,
SWM_27132_20031124,27132,2003-11-24,Permanganat,mgO2/dm3,413.0,DQ004_GLOBAL_EXTREME_TAIL,review,Value exceeds global P99.9 (49.1515) and is >10x global median where median >0. Screening flag only.,,,"р. Південний Буг, 744 км, с. Копистин, нижче м.Хмельницький",Південний Буг,SRC001,2003-01-01_2007-12-31_output,,retain_unchanged,screening_only,,,,
SWM_27112_20040317,27112,2004-03-17,Fosfat,mg/dm3,14.4,DQ004_GLOBAL_EXTREME_TAIL,review,Value exceeds global P99.9 (10.8546) and is >10x global median where median >0. Screening flag only.,,,"р. Дніпро, 40 км, м. Херсон, 1 км вище міста",Дніпро,SRC001,2003-01-01_2007-12-31_output,,retain_unchanged,screening_only,,,,
SWM_27263_20040317,27263,2004-03-17,Nitrat,mg/dm3,109.12,DQ004_GLOBAL_EXTREME_TAIL,review,Value exceeds global P99.9 (106.16) and is >10x global median where median >0. Screening flag only.,,,"р. Окни, 28 км, с. Лабушне, кордон з Молдовою",Дністер,SRC001,2003-01-01_2007-12-31_output,,retain_unchanged,screening_only,,,,
SWM_27225_20040324,27225,2004-03-24,SPAR,mg/dm3,1.12,DQ004_GLOBAL_EXTREME_TAIL,review,Value exceeds global P99.9 (0.90093) and is >10x global median where median >0. Screening flag only.,,,"р. Дністер, 783 км, м. Кам'янець-Подільський, Дністровське вдсх., питний водозабір міста",Дністер,SRC001,2003-01-01_2007-12-31_output,,retain_unchanged,screening_only,,,,
SWM_26973_20040706,26973,2004-07-06,Fosfat,mg/dm3,11.4,DQ004_GLOBAL_EXTREME_TAIL,review,Value exceeds global P99.9 (10.8546) and is >10x global median where median >0. Screening flag only.,,,"р. Кізка, 5 км, с.Демидів, вплив зворотних вод ""Агромарс""",Дніпро,SRC001,2003-01-01_2007-12-31_output,,retain_unchanged,screening_only,,,,
SWM_27188_20040714,27188,2004-07-14,Simazin,mg/dm3,70000.0,DQ004_GLOBAL_EXTREME_TAIL,review,Value exceeds global P99.9 (24000) and is >10x global median where median >0. Screening flag only.,,,"р. Сіверський Донець, 406 км, с.Світличне, паром",Дон,SRC001,2003-01-01_2007-12-31_output,,retain_unchanged,screening_only,,,,
SWM_27210_20040714,27210,2004-07-14,Simazin,mg/dm3,70000.0,DQ004_GLOBAL_EXTREME_TAIL,review,Value exceeds global P99.9 (24000) and is >10x global median where median >0. Screening flag only.,,,"р. Верхня Біленька, 1 км,  м. Лисичанськ, гирло, міста, міст",Дон,SRC001,2003-01-01_2007-12-31_output,,retain_unchanged,screening_only,,,,
SWM_27179_20040810,27179,2004-08-10,Simazin,mg/dm3,70000.0,DQ004_GLOBAL_EXTREME_TAIL,review,Value exceeds global P99.9 (24000) and is >10x global median where median >0. Screening flag only.,,,"р. Сіверський Донець, 600 км, м.Ізюм. , нижче м.Ізюм.",Дон,SRC001,2003-01-01_2007-12-31_output,,retain_unchanged,screening_only,,,,
SWM_26973_20040901,26973,2004-09-01,BSK5,mgO2/dm3,155.3,DQ004_GLOBAL_EXTREME_TAIL,review,Value exceeds global P99.9 (128) and is >10x global median where median >0. Screening flag only.,,,"р. Кізка, 5 км, с.Демидів, вплив зворотних вод ""Агромарс""",Дніпро,SRC001,2003-01-01_2007-12-31_output,,retain_unchanged,screening_only,,,,
SWM_26973_20040901,26973,2004-09-01,Amoniy,mg/dm3,44.3,DQ004_GLOBAL_EXTREME_TAIL,review,Value exceeds global P99.9 (27.9369) and is >10x global median where median >0. Screening flag only.,,,"р. Кізка, 5 км, с.Демидів, вплив зворотних вод ""Агромарс""",Дніпро,SRC001,2003-01-01_2007-12-31_output,,retain_unchanged,screening_only,,,,
SWM_26973_20040901,26973,2004-09-01,Fosfat,mg/dm3,172.4,DQ004_GLOBAL_EXTREME_TAIL,review,Value exceeds global P99.9 (10.8546) and is >10x global median where median >0. Screening flag only.,,,"р. Кізка, 5 км, с.Демидів, вплив зворотних вод ""Агромарс""",Дніпро,SRC001,2003-01-01_2007-12-31_output,,retain_unchanged,screening_only,,,,
SWM_26973_20040901,26973,2004-09-01,HSK,mgO2/dm3,459.3,DQ004_GLOBAL_EXTREME_TAIL,review,Value exceeds global P99.9 (416.316) and is >10x global median where median >0. Screening flag only.,,,"р. Кізка, 5 км, с.Демидів, вплив зворотних вод ""Агромарс""",Дніпро,SRC001,2003-01-01_2007-12-31_output,,retain_unchanged,screening_only,,,,
SWM_27241_20040930,27241,2004-09-30,BSK5,mgO2/dm3,196.0,DQ004_GLOBAL_EXTREME_TAIL,review,Value exceeds global P99.9 (128) and is >10x global median where median >0. Screening flag only.,,,"р. Саджава, 9 км, м. Долина, лівий берег, 20 м нижче моста по дорозі Долина - Болехів",Дністер,SRC001,2003-01-01_2007-12-31_output,,retain_unchanged,screening_only,,,,
SWM_27187_20041019,27187,2004-10-19,Simazin,mg/dm3,70000.0,DQ004_GLOBAL_EXTREME_TAIL,review,Value exceeds global P99.9 (24000) and is >10x global median where median >0. Screening flag only.,,,"р. Сіверський Донець, 428 км, м. Лисичанська, нижче міста",Дон,SRC001,2003-01-01_2007-12-31_output,,retain_unchanged,screening_only,,,,
SWM_27205_20041122,27205,2004-11-22,Simazin,mg/dm3,70000.0,DQ004_GLOBAL_EXTREME_TAIL,review,Value exceeds global P99.9 (24000) and is >10x global median where median >0. Screening flag only.,,,"р. Казений Торець, 34 км, м.Слов'янськ, вище міста,  Ясногорівська гребля",Дон,SRC001,2003-01-01_2007-12-31_output,,retain_unchanged,screening_only,,,,
SWM_27206_20041122,27206,2004-11-22,Simazin,mg/dm3,70000.0,DQ004_GLOBAL_EXTREME_TAIL,review,Value exceeds global P99.9 (24000) and is >10x global median where median >0. Screening flag only.,,,"р. Казений Торець, 55 км, м. Дружковки, нижче впадіння нижче міста технічний в/забір",Дон,SRC001,2003-01-01_2007-12-31_output,,retain_unchanged,screening_only,,,,
SWM_27241_20041214,27241,2004-12-14,BSK5,mgO2/dm3,190.0,DQ004_GLOBAL_EXTREME_TAIL,review,Value exceeds global P99.9 (128) and is >10x global median where median >0. Screening flag only.,,,"р. Саджава, 9 км, м. Долина, лівий берег, 20 м нижче моста по дорозі Долина - Болехів",Дністер,SRC001,2003-01-01_2007-12-31_output,,retain_unchanged,screening_only,,,,
SWM_27187_20041220,27187,2004-12-20,Simazin,mg/dm3,70000.0,DQ004_GLOBAL_EXTREME_TAIL,review,Value exceeds global P99.9 (24000) and is >10x global median where median >0. Screening flag only.,,,"р. Сіверський Донець, 428 км, м. Лисичанська, нижче міста",Дон,SRC001,2003-01-01_2007-12-31_output,,retain_unchanged,screening_only,,,,
SWM_27210_20041220,27210,2004-12-20,Simazin,mg/dm3,70000.0,DQ004_GLOBAL_EXTREME_TAIL,review,Value exceeds global P99.9 (24000) and is >10x global median where median >0. Screening flag only.,,,"р. Верхня Біленька, 1 км,  м. Лисичанськ, гирло, міста, міст",Дон,SRC001,2003-01-01_2007-12-31_output,,retain_unchanged,screening_only,,,,
SWM_27203_20050117,27203,2005-01-17,Simazin,mg/dm3,240000.0,DQ004_GLOBAL_EXTREME_TAIL,review,Value exceeds global P99.9 (24000) and is >10x global median where median >0. Screening flag only.,,,"р. Казений Торець, 1 км, с. Райгородок, гирло",Дон,SRC001,2003-01-01_2007-12-31_output,,retain_unchanged,screening_only,,,,
SWM_27210_20050124,27210,2005-01-24,Simazin,mg/dm3,240000.0,DQ004_GLOBAL_EXTREME_TAIL,review,Value exceeds global P99.9 (24000) and is >10x global median where median >0. Screening flag only.,,,"р. Верхня Біленька, 1 км,  м. Лисичанськ, гирло, міста, міст",Дон,SRC001,2003-01-01_2007-12-31_output,,retain_unchanged,screening_only,,,,
SWM_27206_20050131,27206,2005-01-31,Simazin,mg/dm3,240000.0,DQ004_GLOBAL_EXTREME_TAIL,review,Value exceeds global P99.9 (24000) and is >10x global median where median >0. Screening flag only.,,,"р. Казений Торець, 55 км, м. Дружковки, нижче впадіння нижче міста технічний в/забір",Дон,SRC001,2003-01-01_2007-12-31_output,,retain_unchanged,screening_only,,,,
SWM_27203_20050214,27203,2005-02-14,Simazin,mg/dm3,240000.0,DQ004_GLOBAL_EXTREME_TAIL,review,Value exceeds global P99.9 (24000) and is >10x global median where median >0. Screening flag only.,,,"р. Казений Торець, 1 км, с. Райгородок, гирло",Дон,SRC001,2003-01-01_2007-12-31_output,,retain_unchanged,screening_only,,,,
SWM_27187_20050222,27187,2005-02-22,Simazin,mg/dm3,70000.0,DQ004_GLOBAL_EXTREME_TAIL,review,Value exceeds global P99.9 (24000) and is >10x global median where median >0. Screening flag only.,,,"р. Сіверський Донець, 428 км, м. Лисичанська, нижче міста",Дон,SRC001,2003-01-01_2007-12-31_output,,retain_unchanged,screening_only,,,,
SWM_27203_20050225,27203,2005-02-25,Simazin,mg/dm3,70000.0,DQ004_GLOBAL_EXTREME_TAIL,review,Value exceeds global P99.9 (24000) and is >10x global median where median >0. Screening flag only.,,,"р. Казений Торець, 1 км, с. Райгородок, гирло",Дон,SRC001,2003-01-01_2007-12-31_output,,retain_unchanged,screening_only,,,,
SWM_27133_20050302,27133,2005-03-02,Zavisli,mg/dm3,595.0,DQ004_GLOBAL_EXTREME_TAIL,review,Value exceeds global P99.9 (467.01) and is >10x global median where median >0. Screening flag only.,,,"р. Південний Буг, 711 км,  смт. Меджибіж, Меджибіжське вдсх.",Південний Буг,SRC001,2003-01-01_2007-12-31_output,,retain_unchanged,screening_only,,,,
SWM_27133_20050302,27133,2005-03-02,Nitrit,mg/dm3,11.12,DQ004_GLOBAL_EXTREME_TAIL,review,Value exceeds global P99.9 (8.10944) and is >10x global median where median >0. Screening flag only.,,,"р. Південний Буг, 711 км,  смт. Меджибіж, Меджибіжське вдсх.",Південний Буг,SRC001,2003-01-01_2007-12-31_output,,retain_unchanged,screening_only,,,,
SWM_27210_20050314,27210,2005-03-14,Simazin,mg/dm3,240000.0,DQ004_GLOBAL_EXTREME_TAIL,review,Value exceeds global P99.9 (24000) and is >10x global median where median >0. Screening flag only.,,,"р. Верхня Біленька, 1 км,  м. Лисичанськ, гирло, міста, міст",Дон,SRC001,2003-01-01_2007-12-31_output,,retain_unchanged,screening_only,,,,
SWM_27241_20050330,27241,2005-03-30,BSK5,mgO2/dm3,196.0,DQ004_GLOBAL_EXTREME_TAIL,review,Value exceeds global P99.9 (128) and is >10x global median where median >0. Screening flag only.,,,"р. Саджава, 9 км, м. Долина, лівий берег, 20 м нижче моста по дорозі Долина - Болехів",Дністер,SRC001,2003-01-01_2007-12-31_output,,retain_unchanged,screening_only,,,,
SWM_27210_20050418,27210,2005-04-18,Simazin,mg/dm3,240000.0,DQ004_GLOBAL_EXTREME_TAIL,review,Value exceeds global P99.9 (24000) and is >10x global median where median >0. Screening flag only.,,,"р. Верхня Біленька, 1 км,  м. Лисичанськ, гирло, міста, міст",Дон,SRC001,2003-01-01_2007-12-31_output,,retain_unchanged,screening_only,,,,
SWM_26973_20050621,26973,2005-06-21,Fosfat,mg/dm3,19.73,DQ004_GLOBAL_EXTREME_TAIL,review,Value exceeds global P99.9 (10.8546) and is >10x global median where median >0. Screening flag only.,,,"р. Кізка, 5 км, с.Демидів, вплив зворотних вод ""Агромарс""",Дніпро,SRC001,2003-01-01_2007-12-31_output,,retain_unchanged,screening_only,,,,
SWM_27203_20050622,27203,2005-06-22,Simazin,mg/dm3,70000.0,DQ004_GLOBAL_EXTREME_TAIL,review,Value exceeds global P99.9 (24000) and is >10x global median where median >0. Screening flag only.,,,"р. Казений Торець, 1 км, с. Райгородок, гирло",Дон,SRC001,2003-01-01_2007-12-31_output,,retain_unchanged,screening_only,,,,
SWM_26973_20050712,26973,2005-07-12,Fosfat,mg/dm3,12.52,DQ004_GLOBAL_EXTREME_TAIL,review,Value exceeds global P99.9 (10.8546) and is >10x global median where median >0. Screening flag only.,,,"р. Кізка, 5 км, с.Демидів, вплив зворотних вод ""Агромарс""",Дніпро,SRC001,2003-01-01_2007-12-31_output,,retain_unchanged,screening_only,,,,
SWM_27318_20050712,27318,2005-07-12,Zavisli,mg/dm3,565.0,DQ004_GLOBAL_EXTREME_TAIL,review,Value exceeds global P99.9 (467.01) and is >10x global median where median >0. Screening flag only.,,,"р. Карасулак, 3,3 км, с. Криничне",Дунай,SRC001,2003-01-01_2007-12-31_output,,retain_unchanged,screening_only,,,,
SWM_27263_20050817,27263,2005-08-17,Nitrat,mg/dm3,130.24,DQ004_GLOBAL_EXTREME_TAIL,review,Value exceeds global P99.9 (106.16) and is >10x global median where median >0. Screening flag only.,,,"р. Окни, 28 км, с. Лабушне, кордон з Молдовою",Дністер,SRC001,2003-01-01_2007-12-31_output,,retain_unchanged,screening_only,,,,
SWM_26889_20050906,26889,2005-09-06,Fosfat,mg/dm3,17.05,DQ004_GLOBAL_EXTREME_TAIL,review,Value exceeds global P99.9 (10.8546) and is >10x global median where median >0. Screening flag only.,,,"р. Дніпро, 922 км, с.Козаровичі, Київське водосховище",Дніпро,SRC001,2003-01-01_2007-12-31_output,,retain_unchanged,screening_only,,,,
SWM_26972_20050906,26972,2005-09-06,Fosfat,mg/dm3,17.05,DQ004_GLOBAL_EXTREME_TAIL,review,Value exceeds global P99.9 (10.8546) and is >10x global median where median >0. Screening flag only.,,,"р. Ірпінь, 0,1 км, с.Козаровичі, гирло",Дніпро,SRC001,2003-01-01_2007-12-31_output,,retain_unchanged,screening_only,,,,
SWM_26973_20050906,26973,2005-09-06,BSK5,mgO2/dm3,136.2,DQ004_GLOBAL_EXTREME_TAIL,review,Value exceeds global P99.9 (128) and is >10x global median where median >0. Screening flag only.,,,"р. Кізка, 5 км, с.Демидів, вплив зворотних вод ""Агромарс""",Дніпро,SRC001,2003-01-01_2007-12-31_output,,retain_unchanged,screening_only,,,,
SWM_26973_20050906,26973,2005-09-06,Amoniy,mg/dm3,32.03,DQ004_GLOBAL_EXTREME_TAIL,review,Value exceeds global P99.9 (27.9369) and is >10x global median where median >0. Screening flag only.,,,"р. Кізка, 5 км, с.Демидів, вплив зворотних вод ""Агромарс""",Дніпро,SRC001,2003-01-01_2007-12-31_output,,retain_unchanged,screening_only,,,,
SWM_26973_20050906,26973,2005-09-06,Fosfat,mg/dm3,35.76,DQ004_GLOBAL_EXTREME_TAIL,review,Value exceeds global P99.9 (10.8546) and is >10x global median where median >0. Screening flag only.,,,"р. Кізка, 5 км, с.Демидів, вплив зворотних вод ""Агромарс""",Дніпро,SRC001,2003-01-01_2007-12-31_output,,retain_unchanged,screening_only,,,,
SWM_26973_20050906,26973,2005-09-06,HSK,mgO2/dm3,438.9,DQ004_GLOBAL_EXTREME_TAIL,review,Value exceeds global P99.9 (416.316) and is >10x global median where median >0. Screening flag only.,,,"р. Кізка, 5 км, с.Демидів, вплив зворотних вод ""Агромарс""",Дніпро,SRC001,2003-01-01_2007-12-31_output,,retain_unchanged,screening_only,,,,
SWM_27241_20051108,27241,2005-11-08,BSK5,mgO2/dm3,194.0,DQ004_GLOBAL_EXTREME_TAIL,review,Value exceeds global P99.9 (128) and is >10x global median where median >0. Screening flag only.,,,"р. Саджава, 9 км, м. Долина, лівий берег, 20 м нижче моста по дорозі Долина - Болехів",Дністер,SRC001,2003-01-01_2007-12-31_output,,retain_unchanged,screening_only,,,,
SWM_27263_20051110,27263,2005-11-10,Nitrat,mg/dm3,118.8,DQ004_GLOBAL_EXTREME_TAIL,review,Value exceeds global P99.9 (106.16) and is >10x global median where median >0. Screening flag only.,,,"р. Окни, 28 км, с. Лабушне, кордон з Молдовою",Дністер,SRC001,2003-01-01_2007-12-31_output,,retain_unchanged,screening_only,,,,
SWM_27329_20060321,27329,2006-03-21,Sulfat,mg/dm3,3544.7,DQ004_GLOBAL_EXTREME_TAIL,review,Value exceeds global P99.9 (3492.32) and is >10x global median where median >0. Screening flag only.,,,"р. Аліяга, 4,8 км, автодорожний  міст",Дунай,SRC001,2003-01-01_2007-12-31_output,,retain_unchanged,screening_only,,,,
SWM_27329_20060321,27329,2006-03-21,Hlorid,mg/dm3,7576.8,DQ004_GLOBAL_EXTREME_TAIL,review,Value exceeds global P99.9 (6859.39) and is >10x global median where median >0. Screening flag only.,,,"р. Аліяга, 4,8 км, автодорожний  міст",Дунай,SRC001,2003-01-01_2007-12-31_output,,retain_unchanged,screening_only,,,,
SWM_27327_20060411,27327,2006-04-11,Hlorid,mg/dm3,6869.4,DQ004_GLOBAL_EXTREME_TAIL,review,Value exceeds global P99.9 (6859.39) and is >10x global median where median >0. Screening flag only.,,,"р. Киргиж-Китай, 4,2 км, автодорожний міст",Дунай,SRC001,2003-01-01_2007-12-31_output,,retain_unchanged,screening_only,,,,
SWM_27329_20060411,27329,2006-04-11,Hlorid,mg/dm3,7111.3,DQ004_GLOBAL_EXTREME_TAIL,review,Value exceeds global P99.9 (6859.39) and is >10x global median where median >0. Screening flag only.,,,"р. Аліяга, 4,8 км, автодорожний  міст",Дунай,SRC001,2003-01-01_2007-12-31_output,,retain_unchanged,screening_only,,,,
SWM_27021_20060419,27021,2006-04-19,Fosfat,mg/dm3,44.62,DQ004_GLOBAL_EXTREME_TAIL,review,Value exceeds global P99.9 (10.8546) and is >10x global median where median >0. Screening flag only.,,,"р. Рось, 230 км, м.Богуслав, гідропост кордон Київської і Черкаської обл.",Дніпро,SRC001,2003-01-01_2007-12-31_output,,retain_unchanged,screening_only,,,,
SWM_27023_20060419,27023,2006-04-19,Fosfat,mg/dm3,44.62,DQ004_GLOBAL_EXTREME_TAIL,review,Value exceeds global P99.9 (10.8546) and is >10x global median where median >0. Screening flag only.,,,"р. Рось, 118 км, м.Богуслав, питний в/з міста",Дніпро,SRC001,2003-01-01_2007-12-31_output,,retain_unchanged,screening_only,,,,
SWM_27021_20060420,27021,2006-04-20,SPAR,mg/dm3,1.2,DQ004_GLOBAL_EXTREME_TAIL,review,Value exceeds global P99.9 (0.90093) and is >10x global median where median >0. Screening flag only.,,,"р. Рось, 230 км, м.Богуслав, гідропост кордон Київської і Черкаської обл.",Дніпро,SRC001,2003-01-01_2007-12-31_output,,retain_unchanged,screening_only,,,,
SWM_27023_20060420,27023,2006-04-20,SPAR,mg/dm3,1.2,DQ004_GLOBAL_EXTREME_TAIL,review,Value exceeds global P99.9 (0.90093) and is >10x global median where median >0. Screening flag only.,,,"р. Рось, 118 км, м.Богуслав, питний в/з міста",Дніпро,SRC001,2003-01-01_2007-12-31_output,,retain_unchanged,screening_only,,,,
SWM_27241_20060524,27241,2006-05-24,BSK5,mgO2/dm3,133.0,DQ004_GLOBAL_EXTREME_TAIL,review,Value exceeds global P99.9 (128) and is >10x global median where median >0. Screening flag only.,,,"р. Саджава, 9 км, м. Долина, лівий берег, 20 м нижче моста по дорозі Долина - Болехів",Дністер,SRC001,2003-01-01_2007-12-31_output,,retain_unchanged,screening_only,,,,
SWM_27246_20060601,27246,2006-06-01,Zavisli,mg/dm3,704.0,DQ004_GLOBAL_EXTREME_TAIL,review,Value exceeds global P99.9 (467.01) and is >10x global median where median >0. Screening flag only.,,,"р. Бистриця Надвірнянська, 16 км, с. Черніів, питний в/з Ів.Франківська, 10 м нижче мосту",Дністер,SRC001,2003-01-01_2007-12-31_output,,retain_unchanged,screening_only,,,,
SWM_27247_20060601,27247,2006-06-01,Zavisli,mg/dm3,826.0,DQ004_GLOBAL_EXTREME_TAIL,review,Value exceeds global P99.9 (467.01) and is >10x global median where median >0. Screening flag only.,,,"р. Бистриця Солотвинська, 18 км, с. Скобичівка, питний в/з Ів.-Франк., 10 м нижче мосту",Дністер,SRC001,2003-01-01_2007-12-31_output,,retain_unchanged,screening_only,,,,
SWM_26965_20060705,26965,2006-07-05,Fosfat,mg/dm3,13.6,DQ004_GLOBAL_EXTREME_TAIL,review,Value exceeds global P99.9 (10.8546) and is >10x global median where median >0. Screening flag only.,,,"р. Тетерів, 10 км, с. Оране, вплив зворотних та с/г вод м. Іванкова",Дніпро,SRC001,2003-01-01_2007-12-31_output,,retain_unchanged,screening_only,,,,
SWM_26965_20060705,26965,2006-07-05,SPAR,mg/dm3,5.08,DQ004_GLOBAL_EXTREME_TAIL,review,Value exceeds global P99.9 (0.90093) and is >10x global median where median >0. Screening flag only.,,,"р. Тетерів, 10 км, с. Оране, вплив зворотних та с/г вод м. Іванкова",Дніпро,SRC001,2003-01-01_2007-12-31_output,,retain_unchanged,screening_only,,,,
SWM_27329_20060706,27329,2006-07-06,Sulfat,mg/dm3,3783.4,DQ004_GLOBAL_EXTREME_TAIL,review,Value exceeds global P99.9 (3492.32) and is >10x global median where median >0. Screening flag only.,,,"р. Аліяга, 4,8 км, автодорожний  міст",Дунай,SRC001,2003-01-01_2007-12-31_output,,retain_unchanged,screening_only,,,,
SWM_27329_20060706,27329,2006-07-06,Hlorid,mg/dm3,7764.8,DQ004_GLOBAL_EXTREME_TAIL,review,Value exceeds global P99.9 (6859.39) and is >10x global median where median >0. Screening flag only.,,,"р. Аліяга, 4,8 км, автодорожний  міст",Дунай,SRC001,2003-01-01_2007-12-31_output,,retain_unchanged,screening_only,,,,
SWM_27348_20060706,27348,2006-07-06,HSK,mgO2/dm3,475.6,DQ004_GLOBAL_EXTREME_TAIL,review,Value exceeds global P99.9 (416.316) and is >10x global median where median >0. Screening flag only.,,,"р. Сарата, 14,3 км, с. Білолісся",Річки Причорномор'я,SRC001,2003-01-01_2007-12-31_output,,retain_unchanged,screening_only,,,,
SWM_27359_20060817,27359,2006-08-17,HSK,mgO2/dm3,768.0,DQ004_GLOBAL_EXTREME_TAIL,review,Value exceeds global P99.9 (416.316) and is >10x global median where median >0. Screening flag only.,,,"р. М.Куяльник, 8,1 км, с. Бараново",Річки Причорномор'я,SRC001,2003-01-01_2007-12-31_output,,retain_unchanged,screening_only,,,,
SWM_27241_20061123,27241,2006-11-23,BSK5,mgO2/dm3,152.0,DQ004_GLOBAL_EXTREME_TAIL,review,Value exceeds global P99.9 (128) and is >10x global median where median >0. Screening flag only.,,,"р. Саджава, 9 км, м. Долина, лівий берег, 20 м нижче моста по дорозі Долина - Болехів",Дністер,SRC001,2003-01-01_2007-12-31_output,,retain_unchanged,screening_only,,,,
SWM_27223_20070118,27223,2007-01-18,Nitrit,mg/dm3,12.42,DQ004_GLOBAL_EXTREME_TAIL,review,Value exceeds global P99.9 (8.10944) and is >10x global median where median >0. Screening flag only.,,,"р. Дністер, 900 км, с. Митків, правий берег, 200 м вище станції першого підйому в/з м. Чернівці",Дністер,SRC001,2003-01-01_2007-12-31_output,,retain_unchanged,screening_only,,,,
SWM_27328_20070209,27328,2007-02-09,BSK5,mgO2/dm3,166.25,DQ004_GLOBAL_EXTREME_TAIL,review,Value exceeds global P99.9 (128) and is >10x global median where median >0. Screening flag only.,,,"р. Киргиж-Китай, 49 км, с. М. Ярославець, кордон з Молдовою",Дунай,SRC001,2003-01-01_2007-12-31_output,,retain_unchanged,screening_only,,,,
SWM_27263_20070214,27263,2007-02-14,Nitrat,mg/dm3,128.0,DQ004_GLOBAL_EXTREME_TAIL,review,Value exceeds global P99.9 (106.16) and is >10x global median where median >0. Screening flag only.,,,"р. Окни, 28 км, с. Лабушне, кордон з Молдовою",Дністер,SRC001,2003-01-01_2007-12-31_output,,retain_unchanged,screening_only,,,,
SWM_27223_20070221,27223,2007-02-21,Nitrit,mg/dm3,12.3,DQ004_GLOBAL_EXTREME_TAIL,review,Value exceeds global P99.9 (8.10944) and is >10x global median where median >0. Screening flag only.,,,"р. Дністер, 900 км, с. Митків, правий берег, 200 м вище станції першого підйому в/з м. Чернівці",Дністер,SRC001,2003-01-01_2007-12-31_output,,retain_unchanged,screening_only,,,,
SWM_27224_20070221,27224,2007-02-21,Nitrit,mg/dm3,12.1,DQ004_GLOBAL_EXTREME_TAIL,review,Value exceeds global P99.9 (8.10944) and is >10x global median where median >0. Screening flag only.,,,"р. Дністер, 826 км, м. Хотин, в/з, лівий берег, 600 м вище мосту дороги Чернівці-Камян.-Под.",Дністер,SRC001,2003-01-01_2007-12-31_output,,retain_unchanged,screening_only,,,,
SWM_27222_20070312,27222,2007-03-12,Nitrit,mg/dm3,12.16,DQ004_GLOBAL_EXTREME_TAIL,review,Value exceeds global P99.9 (8.10944) and is >10x global median where median >0. Screening flag only.,,,"р. Дністер, 936 км, м. Заліщики, в/з, прав. берег, 50 м нижче мосту через річку по дорозі Чернівці - Тернопіль",Дністер,SRC001,2003-01-01_2007-12-31_output,,retain_unchanged,screening_only,,,,
SWM_27223_20070312,27223,2007-03-12,Nitrit,mg/dm3,11.6,DQ004_GLOBAL_EXTREME_TAIL,review,Value exceeds global P99.9 (8.10944) and is >10x global median where median >0. Screening flag only.,,,"р. Дністер, 900 км, с. Митків, правий берег, 200 м вище станції першого підйому в/з м. Чернівці",Дністер,SRC001,2003-01-01_2007-12-31_output,,retain_unchanged,screening_only,,,,
SWM_27034_20070315,27034,2007-03-15,Zavisli,mg/dm3,487.0,DQ004_GLOBAL_EXTREME_TAIL,review,Value exceeds global P99.9 (467.01) and is >10x global median where median >0. Screening flag only.,,,"р. Сула, 106 км, м.Лубни, технічний в/з міста",Дніпро,SRC001,2003-01-01_2007-12-31_output,,retain_unchanged,screening_only,,,,
SWM_27231_20070315,27231,2007-03-15,Nitrit,mg/dm3,8.53,DQ004_GLOBAL_EXTREME_TAIL,review,Value exceeds global P99.9 (8.10944) and is >10x global median where median >0. Screening flag only.,,,"р. Дністер, 550 км, с. Цикинівка, Ямпільський р-н, Вінницької обл. кордон з Молдовою, лівий берег, після скиду з очисних споруд м. Сороки (Молдова)",Дністер,SRC001,2003-01-01_2007-12-31_output,,retain_unchanged,screening_only,,,,
SWM_27272_20070327,27272,2007-03-27,Zavisli,mg/dm3,891.0,DQ004_GLOBAL_EXTREME_TAIL,review,Value exceeds global P99.9 (467.01) and is >10x global median where median >0. Screening flag only.,,,"р. Дунай, 20 км, м. Вилкове, питний в/з",Дунай,SRC001,2003-01-01_2007-12-31_output,,retain_unchanged,screening_only,,,,
SWM_27241_20070405,27241,2007-04-05,BSK5,mgO2/dm3,238.0,DQ004_GLOBAL_EXTREME_TAIL,review,Value exceeds global P99.9 (128) and is >10x global median where median >0. Screening flag only.,,,"р. Саджава, 9 км, м. Долина, лівий берег, 20 м нижче моста по дорозі Долина - Болехів",Дністер,SRC001,2003-01-01_2007-12-31_output,,retain_unchanged,screening_only,,,,
SWM_27241_20070405,27241,2007-04-05,HSK,mgO2/dm3,525.0,DQ004_GLOBAL_EXTREME_TAIL,review,Value exceeds global P99.9 (416.316) and is >10x global median where median >0. Screening flag only.,,,"р. Саджава, 9 км, м. Долина, лівий берег, 20 м нижче моста по дорозі Долина - Болехів",Дністер,SRC001,2003-01-01_2007-12-31_output,,retain_unchanged,screening_only,,,,
SWM_27231_20070418,27231,2007-04-18,Nitrit,mg/dm3,8.67,DQ004_GLOBAL_EXTREME_TAIL,review,Value exceeds global P99.9 (8.10944) and is >10x global median where median >0. Screening flag only.,,,"р. Дністер, 550 км, с. Цикинівка, Ямпільський р-н, Вінницької обл. кордон з Молдовою, лівий берег, після скиду з очисних споруд м. Сороки (Молдова)",Дністер,SRC001,2003-01-01_2007-12-31_output,,retain_unchanged,screening_only,,,,
SWM_27115_20070424,27115,2007-04-24,Amoniy,mg/dm3,40.0,DQ004_GLOBAL_EXTREME_TAIL,review,Value exceeds global P99.9 (27.9369) and is >10x global median where median >0. Screening flag only.,,,"р. Дніпро, 0 км, с. Кізомис, (рукав Рвач)",Дніпро,SRC001,2003-01-01_2007-12-31_output,,retain_unchanged,screening_only,,,,
SWM_27327_20070424,27327,2007-04-24,Sulfat,mg/dm3,4538.0,DQ004_GLOBAL_EXTREME_TAIL,review,Value exceeds global P99.9 (3492.32) and is >10x global median where median >0. Screening flag only.,,,"р. Киргиж-Китай, 4,2 км, автодорожний міст",Дунай,SRC001,2003-01-01_2007-12-31_output,,retain_unchanged,screening_only,,,,
SWM_27327_20070424,27327,2007-04-24,Hlorid,mg/dm3,9293.7,DQ004_GLOBAL_EXTREME_TAIL,review,Value exceeds global P99.9 (6859.39) and is >10x global median where median >0. Screening flag only.,,,"р. Киргиж-Китай, 4,2 км, автодорожний міст",Дунай,SRC001,2003-01-01_2007-12-31_output,,retain_unchanged,screening_only,,,,
SWM_27328_20070428,27328,2007-04-28,BSK5,mgO2/dm3,365.0,DQ004_GLOBAL_EXTREME_TAIL,review,Value exceeds global P99.9 (128) and is >10x global median where median >0. Screening flag only.,,,"р. Киргиж-Китай, 49 км, с. М. Ярославець, кордон з Молдовою",Дунай,SRC001,2003-01-01_2007-12-31_output,,retain_unchanged,screening_only,,,,
SWM_27223_20070503,27223,2007-05-03,Nitrit,mg/dm3,10.88,DQ004_GLOBAL_EXTREME_TAIL,review,Value exceeds global P99.9 (8.10944) and is >10x global median where median >0. Screening flag only.,,,"р. Дністер, 900 км, с. Митків, правий берег, 200 м вище станції першого підйому в/з м. Чернівці",Дністер,SRC001,2003-01-01_2007-12-31_output,,retain_unchanged,screening_only,,,,
SWM_27224_20070503,27224,2007-05-03,Nitrit,mg/dm3,10.96,DQ004_GLOBAL_EXTREME_TAIL,review,Value exceeds global P99.9 (8.10944) and is >10x global median where median >0. Screening flag only.,,,"р. Дністер, 826 км, м. Хотин, в/з, лівий берег, 600 м вище мосту дороги Чернівці-Камян.-Под.",Дністер,SRC001,2003-01-01_2007-12-31_output,,retain_unchanged,screening_only,,,,
SWM_27030_20070515,27030,2007-05-15,Fosfat,mg/dm3,17.0,DQ004_GLOBAL_EXTREME_TAIL,review,Value exceeds global P99.9 (10.8546) and is >10x global median where median >0. Screening flag only.,,,"р. Роставиця, 41 км, с.Строків, кордон Київської і Житомирської обл.""",Дніпро,SRC001,2003-01-01_2007-12-31_output,,retain_unchanged,screening_only,,,,
SWM_26977_20070516,26977,2007-05-16,Fosfat,mg/dm3,11.35,DQ004_GLOBAL_EXTREME_TAIL,review,Value exceeds global P99.9 (10.8546) and is >10x global median where median >0. Screening flag only.,,,"р. Дніпро, 855 км, Скидний канал БСА",Дніпро,SRC001,2003-01-01_2007-12-31_output,,retain_unchanged,screening_only,,,,
SWM_27231_20070521,27231,2007-05-21,Nitrit,mg/dm3,9.95,DQ004_GLOBAL_EXTREME_TAIL,review,Value exceeds global P99.9 (8.10944) and is >10x global median where median >0. Screening flag only.,,,"р. Дністер, 550 км, с. Цикинівка, Ямпільський р-н, Вінницької обл. кордон з Молдовою, лівий берег, після скиду з очисних споруд м. Сороки (Молдова)",Дністер,SRC001,2003-01-01_2007-12-31_output,,retain_unchanged,screening_only,,,,
SWM_27263_20070521,27263,2007-05-21,Nitrat,mg/dm3,151.2,DQ004_GLOBAL_EXTREME_TAIL,review,Value exceeds global P99.9 (106.16) and is >10x global median where median >0. Screening flag only.,,,"р. Окни, 28 км, с. Лабушне, кордон з Молдовою",Дністер,SRC001,2003-01-01_2007-12-31_output,,retain_unchanged,screening_only,,,,
SWM_27353_20070522,27353,2007-05-22,Nitrit,mg/dm3,19.8,DQ004_GLOBAL_EXTREME_TAIL,review,Value exceeds global P99.9 (8.10944) and is >10x global median where median >0. Screening flag only.,,,"р. Хаджидер, 10,1 км, с. Сергіївка",Річки Причорномор'я,SRC001,2003-01-01_2007-12-31_output,,retain_unchanged,screening_only,,,,
SWM_27356_20070522,27356,2007-05-22,Sulfat,mg/dm3,3957.6,DQ004_GLOBAL_EXTREME_TAIL,review,Value exceeds global P99.9 (3492.32) and is >10x global median where median >0. Screening flag only.,,,"р. Алкалія, 7 км, с. Широке",Річки Причорномор'я,SRC001,2003-01-01_2007-12-31_output,,retain_unchanged,screening_only,,,,
SWM_27356_20070522,27356,2007-05-22,Hlorid,mg/dm3,7222.96,DQ004_GLOBAL_EXTREME_TAIL,review,Value exceeds global P99.9 (6859.39) and is >10x global median where median >0. Screening flag only.,,,"р. Алкалія, 7 км, с. Широке",Річки Причорномор'я,SRC001,2003-01-01_2007-12-31_output,,retain_unchanged,screening_only,,,,
SWM_27231_20070627,27231,2007-06-27,Nitrit,mg/dm3,8.75,DQ004_GLOBAL_EXTREME_TAIL,review,Value exceeds global P99.9 (8.10944) and is >10x global median where median >0. Screening flag only.,,,"р. Дністер, 550 км, с. Цикинівка, Ямпільський р-н, Вінницької обл. кордон з Молдовою, лівий берег, після скиду з очисних споруд м. Сороки (Молдова)",Дністер,SRC001,2003-01-01_2007-12-31_output,,retain_unchanged,screening_only,,,,
SWM_27323_20070814,27323,2007-08-14,Sulfat,mg/dm3,3886.6,DQ004_GLOBAL_EXTREME_TAIL,review,Value exceeds global P99.9 (3492.32) and is >10x global median where median >0. Screening flag only.,,,"р. Єніка, 0,1 км, с. Першотравневе, 0,1 км, гирло,",Дунай,SRC001,2003-01-01_2007-12-31_output,,retain_unchanged,screening_only,,,,
SWM_27323_20070814,27323,2007-08-14,Hlorid,mg/dm3,8358.8,DQ004_GLOBAL_EXTREME_TAIL,review,Value exceeds global P99.9 (6859.39) and is >10x global median where median >0. Screening flag only.,,,"р. Єніка, 0,1 км, с. Першотравневе, 0,1 км, гирло,",Дунай,SRC001,2003-01-01_2007-12-31_output,,retain_unchanged,screening_only,,,,
SWM_27166_20070820,27166,2007-08-20,SPAR,mg/dm3,0.91,DQ004_GLOBAL_EXTREME_TAIL,review,Value exceeds global P99.9 (0.90093) and is >10x global median where median >0. Screening flag only.,,,"р. Інгул, 100 км, с. Привільне, Інгульська ЗС",Південний Буг,SRC001,2003-01-01_2007-12-31_output,,retain_unchanged,screening_only,,,,
SWM_27224_20070827,27224,2007-08-27,Nitrit,mg/dm3,8.64,DQ004_GLOBAL_EXTREME_TAIL,review,Value exceeds global P99.9 (8.10944) and is >10x global median where median >0. Screening flag only.,,,"р. Дністер, 826 км, м. Хотин, в/з, лівий берег, 600 м вище мосту дороги Чернівці-Камян.-Под.",Дністер,SRC001,2003-01-01_2007-12-31_output,,retain_unchanged,screening_only,,,,
SWM_27314_20070828,27314,2007-08-28,Zavisli,mg/dm3,469.0,DQ004_GLOBAL_EXTREME_TAIL,review,Value exceeds global P99.9 (467.01) and is >10x global median where median >0. Screening flag only.,,,"оз. Кагул, 0 км, ГНС Нагірне",Дунай,SRC001,2003-01-01_2007-12-31_output,,retain_unchanged,screening_only,,,,
SWM_26995_20070905,26995,2007-09-05,Fosfat,mg/dm3,34.4,DQ004_GLOBAL_EXTREME_TAIL,review,Value exceeds global P99.9 (10.8546) and is >10x global median where median >0. Screening flag only.,,,"р. Івотка, 41 км, м. Ямпіль, вище міста,гідротехн.спор.",Дніпро,SRC001,2003-01-01_2007-12-31_output,,retain_unchanged,screening_only,,,,
SWM_27222_20070912,27222,2007-09-12,Nitrit,mg/dm3,10.8,DQ004_GLOBAL_EXTREME_TAIL,review,Value exceeds global P99.9 (8.10944) and is >10x global median where median >0. Screening flag only.,,,"р. Дністер, 936 км, м. Заліщики, в/з, прав. берег, 50 м нижче мосту через річку по дорозі Чернівці - Тернопіль",Дністер,SRC001,2003-01-01_2007-12-31_output,,retain_unchanged,screening_only,,,,
SWM_27223_20070912,27223,2007-09-12,Nitrit,mg/dm3,10.24,DQ004_GLOBAL_EXTREME_TAIL,review,Value exceeds global P99.9 (8.10944) and is >10x global median where median >0. Screening flag only.,,,"р. Дністер, 900 км, с. Митків, правий берег, 200 м вище станції першого підйому в/з м. Чернівці",Дністер,SRC001,2003-01-01_2007-12-31_output,,retain_unchanged,screening_only,,,,
SWM_27225_20070920,27225,2007-09-20,Nitrit,mg/dm3,127.0,DQ004_GLOBAL_EXTREME_TAIL,review,Value exceeds global P99.9 (8.10944) and is >10x global median where median >0. Screening flag only.,,,"р. Дністер, 783 км, м. Кам'янець-Подільський, Дністровське вдсх., питний водозабір міста",Дністер,SRC001,2003-01-01_2007-12-31_output,,retain_unchanged,screening_only,,,,
SWM_27223_20070927,27223,2007-09-27,Nitrit,mg/dm3,9.2,DQ004_GLOBAL_EXTREME_TAIL,review,Value exceeds global P99.9 (8.10944) and is >10x global median where median >0. Screening flag only.,,,"р. Дністер, 900 км, с. Митків, правий берег, 200 м вище станції першого підйому в/з м. Чернівці",Дністер,SRC001,2003-01-01_2007-12-31_output,,retain_unchanged,screening_only,,,,
SWM_27231_20071011,27231,2007-10-11,Nitrit,mg/dm3,13.1,DQ004_GLOBAL_EXTREME_TAIL,review,Value exceeds global P99.9 (8.10944) and is >10x global median where median >0. Screening flag only.,,,"р. Дністер, 550 км, с. Цикинівка, Ямпільський р-н, Вінницької обл. кордон з Молдовою, лівий берег, після скиду з очисних споруд м. Сороки (Молдова)",Дністер,SRC001,2003-01-01_2007-12-31_output,,retain_unchanged,screening_only,,,,
SWM_27002_20071016,27002,2007-10-16,Fosfat,mg/dm3,33.0,DQ004_GLOBAL_EXTREME_TAIL,review,Value exceeds global P99.9 (10.8546) and is >10x global median where median >0. Screening flag only.,,,"р. Сейм, 42 км, м. Батурин, Бахмацького р-ну",Дніпро,SRC001,2003-01-01_2007-12-31_output,,retain_unchanged,screening_only,,,,
SWM_27225_20071018,27225,2007-10-18,Nitrit,mg/dm3,8.16,DQ004_GLOBAL_EXTREME_TAIL,review,Value exceeds global P99.9 (8.10944) and is >10x global median where median >0. Screening flag only.,,,"р. Дністер, 783 км, м. Кам'янець-Подільський, Дністровське вдсх., питний водозабір міста",Дністер,SRC001,2003-01-01_2007-12-31_output,,retain_unchanged,screening_only,,,,
SWM_27318_20071023,27318,2007-10-23,Zavisli,mg/dm3,648.5,DQ004_GLOBAL_EXTREME_TAIL,review,Value exceeds global P99.9 (467.01) and is >10x global median where median >0. Screening flag only.,,,"р. Карасулак, 3,3 км, с. Криничне",Дунай,SRC001,2003-01-01_2007-12-31_output,,retain_unchanged,screening_only,,,,
SWM_27225_20071128,27225,2007-11-28,Nitrit,mg/dm3,9.2,DQ004_GLOBAL_EXTREME_TAIL,review,Value exceeds global P99.9 (8.10944) and is >10x global median where median >0. Screening flag only.,,,"р. Дністер, 783 км, м. Кам'янець-Подільський, Дністровське вдсх., питний водозабір міста",Дністер,SRC001,2003-01-01_2007-12-31_output,,retain_unchanged,screening_only,,,,
SWM_27231_20071211,27231,2007-12-11,Nitrit,mg/dm3,12.0,DQ004_GLOBAL_EXTREME_TAIL,review,Value exceeds global P99.9 (8.10944) and is >10x global median where median >0. Screening flag only.,,,"р. Дністер, 550 км, с. Цикинівка, Ямпільський р-н, Вінницької обл. кордон з Молдовою, лівий берег, після скиду з очисних споруд м. Сороки (Молдова)",Дністер,SRC001,2003-01-01_2007-12-31_output,,retain_unchanged,screening_only,,,,
SWM_27222_20071213,27222,2007-12-13,Nitrit,mg/dm3,13.44,DQ004_GLOBAL_EXTREME_TAIL,review,Value exceeds global P99.9 (8.10944) and is >10x global median where median >0. Screening flag only.,,,"р. Дністер, 936 км, м. Заліщики, в/з, прав. берег, 50 м нижче мосту через річку по дорозі Чернівці - Тернопіль",Дністер,SRC001,2003-01-01_2007-12-31_output,,retain_unchanged,screening_only,,,,
SWM_27223_20071213,27223,2007-12-13,Nitrit,mg/dm3,12.88,DQ004_GLOBAL_EXTREME_TAIL,review,Value exceeds global P99.9 (8.10944) and is >10x global median where median >0. Screening flag only.,,,"р. Дністер, 900 км, с. Митків, правий берег, 200 м вище станції першого підйому в/з м. Чернівці",Дністер,SRC001,2003-01-01_2007-12-31_output,,retain_unchanged,screening_only,,,,
SWM_27353_20080507,27353,2008-05-07,Zavisli,mg/dm3,482.0,DQ004_GLOBAL_EXTREME_TAIL,review,Value exceeds global P99.9 (467.01) and is >10x global median where median >0. Screening flag only.,,,"р. Хаджидер, 10,1 км, с. Сергіївка",Річки Причорномор'я,SRC002,2008-01-01_2012-12-30_output,,retain_unchanged,screening_only,,,,
SWM_27275_20080625,27275,2008-06-25,Zavisli,mg/dm3,478.0,DQ004_GLOBAL_EXTREME_TAIL,review,Value exceeds global P99.9 (467.01) and is >10x global median where median >0. Screening flag only.,,,"р. Тиса, 927 км, смт. В. Бичків, в/з, автомат.г/мет станц.",Дунай,SRC002,2008-01-01_2012-12-30_output,,retain_unchanged,screening_only,,,,
SWM_27277_20080625,27277,2008-06-25,Zavisli,mg/dm3,478.0,DQ004_GLOBAL_EXTREME_TAIL,review,Value exceeds global P99.9 (467.01) and is >10x global median where median >0. Screening flag only.,,,"р. Тиса, 882 км, м. Тячів, питний в/з, АІВС якості***",Дунай,SRC002,2008-01-01_2012-12-30_output,,retain_unchanged,screening_only,,,,
SWM_27314_20080820,27314,2008-08-20,Nitrat,mg/dm3,2026.4,DQ004_GLOBAL_EXTREME_TAIL,review,Value exceeds global P99.9 (106.16) and is >10x global median where median >0. Screening flag only.,,,"оз. Кагул, 0 км, ГНС Нагірне",Дунай,SRC002,2008-01-01_2012-12-30_output,,retain_unchanged,screening_only,,,,
SWM_27320_20080820,27320,2008-08-20,Nitrat,mg/dm3,2026.4,DQ004_GLOBAL_EXTREME_TAIL,review,Value exceeds global P99.9 (106.16) and is >10x global median where median >0. Screening flag only.,,,"оз. Катлабух, 0 км, Суворовська ГНС",Дунай,SRC002,2008-01-01_2012-12-30_output,,retain_unchanged,screening_only,,,,
SWM_27321_20080820,27321,2008-08-20,Sulfat,mg/dm3,4296.9,DQ004_GLOBAL_EXTREME_TAIL,review,Value exceeds global P99.9 (3492.32) and is >10x global median where median >0. Screening flag only.,,,"р. В.Катлабух, 2 км, а/д міст",Дунай,SRC002,2008-01-01_2012-12-30_output,,retain_unchanged,screening_only,,,,
SWM_27321_20080820,27321,2008-08-20,Hlorid,mg/dm3,8992.4,DQ004_GLOBAL_EXTREME_TAIL,review,Value exceeds global P99.9 (6859.39) and is >10x global median where median >0. Screening flag only.,,,"р. В.Катлабух, 2 км, а/д міст",Дунай,SRC002,2008-01-01_2012-12-30_output,,retain_unchanged,screening_only,,,,
SWM_27317_20080821,27317,2008-08-21,Sulfat,mg/dm3,4417.4,DQ004_GLOBAL_EXTREME_TAIL,review,Value exceeds global P99.9 (3492.32) and is >10x global median where median >0. Screening flag only.,,,"р. В.Ялпуг, 5,4 км, с. Табаки Болградського р-ну,  впадає в оз.Ялпуг, кордон з Молдовою",Дунай,SRC002,2008-01-01_2012-12-30_output,,retain_unchanged,screening_only,,,,
SWM_27317_20080821,27317,2008-08-21,Hlorid,mg/dm3,10444.9,DQ004_GLOBAL_EXTREME_TAIL,review,Value exceeds global P99.9 (6859.39) and is >10x global median where median >0. Screening flag only.,,,"р. В.Ялпуг, 5,4 км, с. Табаки Болградського р-ну,  впадає в оз.Ялпуг, кордон з Молдовою",Дунай,SRC002,2008-01-01_2012-12-30_output,,retain_unchanged,screening_only,,,,
SWM_27353_20080821,27353,2008-08-21,Sulfat,mg/dm3,4761.6,DQ004_GLOBAL_EXTREME_TAIL,review,Value exceeds global P99.9 (3492.32) and is >10x global median where median >0. Screening flag only.,,,"р. Хаджидер, 10,1 км, с. Сергіївка",Річки Причорномор'я,SRC002,2008-01-01_2012-12-30_output,,retain_unchanged,screening_only,,,,
SWM_27353_20080821,27353,2008-08-21,Hlorid,mg/dm3,9029.3,DQ004_GLOBAL_EXTREME_TAIL,review,Value exceeds global P99.9 (6859.39) and is >10x global median where median >0. Screening flag only.,,,"р. Хаджидер, 10,1 км, с. Сергіївка",Річки Причорномор'я,SRC002,2008-01-01_2012-12-30_output,,retain_unchanged,screening_only,,,,
SWM_27150_20080903,27150,2008-09-03,Sulfat,mg/dm3,3573.4,DQ004_GLOBAL_EXTREME_TAIL,review,Value exceeds global P99.9 (3492.32) and is >10x global median where median >0. Screening flag only.,,,"р. Південний Буг, 0,5 км, м. Миколаїв, Бузький лиман, тех. в/з Миколаївської ТЕЦ (ліва частина морського порту)",Південний Буг,SRC002,2008-01-01_2012-12-30_output,,retain_unchanged,screening_only,,,,
SWM_27150_20080903,27150,2008-09-03,Nitrit,mg/dm3,109.0,DQ004_GLOBAL_EXTREME_TAIL,review,Value exceeds global P99.9 (8.10944) and is >10x global median where median >0. Screening flag only.,,,"р. Південний Буг, 0,5 км, м. Миколаїв, Бузький лиман, тех. в/з Миколаївської ТЕЦ (ліва частина морського порту)",Південний Буг,SRC002,2008-01-01_2012-12-30_output,,retain_unchanged,screening_only,,,,
SWM_27113_20081016,27113,2008-10-16,Amoniy,mg/dm3,29.0,DQ004_GLOBAL_EXTREME_TAIL,review,Value exceeds global P99.9 (27.9369) and is >10x global median where median >0. Screening flag only.,,,"р. Дніпро, 15 км, с. Дніпровське, в/з рибзаводу (рукав Кошова)",Дніпро,SRC002,2008-01-01_2012-12-30_output,,retain_unchanged,screening_only,,,,
SWM_27317_20081021,27317,2008-10-21,Hlorid,mg/dm3,8466.4,DQ004_GLOBAL_EXTREME_TAIL,review,Value exceeds global P99.9 (6859.39) and is >10x global median where median >0. Screening flag only.,,,"р. В.Ялпуг, 5,4 км, с. Табаки Болградського р-ну,  впадає в оз.Ялпуг, кордон з Молдовою",Дунай,SRC002,2008-01-01_2012-12-30_output,,retain_unchanged,screening_only,,,,
SWM_27358_20081111,27358,2008-11-11,Nitrat,mg/dm3,160.6,DQ004_GLOBAL_EXTREME_TAIL,review,Value exceeds global P99.9 (106.16) and is >10x global median where median >0. Screening flag only.,,,"р. В.Куяльник, 8,2 км, с. Руська Слобідка",Річки Причорномор'я,SRC002,2008-01-01_2012-12-30_output,,retain_unchanged,screening_only,,,,
SWM_27360_20081111,27360,2008-11-11,Nitrat,mg/dm3,110.0,DQ004_GLOBAL_EXTREME_TAIL,review,Value exceeds global P99.9 (106.16) and is >10x global median where median >0. Screening flag only.,,,"р. Тілігул, 17,5 км, смт. Березівка",Річки Причорномор'я,SRC002,2008-01-01_2012-12-30_output,,retain_unchanged,screening_only,,,,
SWM_27133_20081121,27133,2008-11-21,Nitrit,mg/dm3,10.58,DQ004_GLOBAL_EXTREME_TAIL,review,Value exceeds global P99.9 (8.10944) and is >10x global median where median >0. Screening flag only.,,,"р. Південний Буг, 711 км,  смт. Меджибіж, Меджибіжське вдсх.",Південний Буг,SRC002,2008-01-01_2012-12-30_output,,retain_unchanged,screening_only,,,,
SWM_26994_20090226,26994,2009-02-26,BSK5,mgO2/dm3,319.0,DQ004_GLOBAL_EXTREME_TAIL,review,Value exceeds global P99.9 (128) and is >10x global median where median >0. Screening flag only.,,,"руч. Знаменка, 5 км, смт. Білі Березки, нижче міста, кордон з РФ",Дніпро,SRC002,2008-01-01_2012-12-30_output,,retain_unchanged,screening_only,,,,
SWM_26994_20090226,26994,2009-02-26,HSK,mgO2/dm3,675.2,DQ004_GLOBAL_EXTREME_TAIL,review,Value exceeds global P99.9 (416.316) and is >10x global median where median >0. Screening flag only.,,,"руч. Знаменка, 5 км, смт. Білі Березки, нижче міста, кордон з РФ",Дніпро,SRC002,2008-01-01_2012-12-30_output,,retain_unchanged,screening_only,,,,
SWM_27153_20090303,27153,2009-03-03,Nitrit,mg/dm3,88.0,DQ004_GLOBAL_EXTREME_TAIL,review,Value exceeds global P99.9 (8.10944) and is >10x global median where median >0. Screening flag only.,,,"р. Кодима, 103 км, м. Балта, сільгосп. в/з",Південний Буг,SRC002,2008-01-01_2012-12-30_output,,retain_unchanged,screening_only,,,,
SWM_27328_20090310,27328,2009-03-10,BSK5,mgO2/dm3,222.0,DQ004_GLOBAL_EXTREME_TAIL,review,Value exceeds global P99.9 (128) and is >10x global median where median >0. Screening flag only.,,,"р. Киргиж-Китай, 49 км, с. М. Ярославець, кордон з Молдовою",Дунай,SRC002,2008-01-01_2012-12-30_output,,retain_unchanged,screening_only,,,,
SWM_27321_20090317,27321,2009-03-17,Sulfat,mg/dm3,3708.0,DQ004_GLOBAL_EXTREME_TAIL,review,Value exceeds global P99.9 (3492.32) and is >10x global median where median >0. Screening flag only.,,,"р. В.Катлабух, 2 км, а/д міст",Дунай,SRC002,2008-01-01_2012-12-30_output,,retain_unchanged,screening_only,,,,
SWM_27328_20090514,27328,2009-05-14,BSK5,mgO2/dm3,245.0,DQ004_GLOBAL_EXTREME_TAIL,review,Value exceeds global P99.9 (128) and is >10x global median where median >0. Screening flag only.,,,"р. Киргиж-Китай, 49 км, с. М. Ярославець, кордон з Молдовою",Дунай,SRC002,2008-01-01_2012-12-30_output,,retain_unchanged,screening_only,,,,
SWM_27354_20090528,27354,2009-05-28,Zavisli,mg/dm3,525.0,DQ004_GLOBAL_EXTREME_TAIL,review,Value exceeds global P99.9 (467.01) and is >10x global median where median >0. Screening flag only.,,,"р. Хаджидер, 68 км, с. Чистоводне, кордон з Молдовою",Річки Причорномор'я,SRC002,2008-01-01_2012-12-30_output,,retain_unchanged,screening_only,,,,
SWM_27328_20090618,27328,2009-06-18,Amoniy,mg/dm3,32.31,DQ004_GLOBAL_EXTREME_TAIL,review,Value exceeds global P99.9 (27.9369) and is >10x global median where median >0. Screening flag only.,,,"р. Киргиж-Китай, 49 км, с. М. Ярославець, кордон з Молдовою",Дунай,SRC002,2008-01-01_2012-12-30_output,,retain_unchanged,screening_only,,,,
SWM_27317_20090826,27317,2009-08-26,Hlorid,mg/dm3,10341.2,DQ004_GLOBAL_EXTREME_TAIL,review,Value exceeds global P99.9 (6859.39) and is >10x global median where median >0. Screening flag only.,,,"р. В.Ялпуг, 5,4 км, с. Табаки Болградського р-ну,  впадає в оз.Ялпуг, кордон з Молдовою",Дунай,SRC002,2008-01-01_2012-12-30_output,,retain_unchanged,screening_only,,,,
SWM_27150_20090904,27150,2009-09-04,Nitrat,mg/dm3,129.9,DQ004_GLOBAL_EXTREME_TAIL,review,Value exceeds global P99.9 (106.16) and is >10x global median where median >0. Screening flag only.,,,"р. Південний Буг, 0,5 км, м. Миколаїв, Бузький лиман, тех. в/з Миколаївської ТЕЦ (ліва частина морського порту)",Південний Буг,SRC002,2008-01-01_2012-12-30_output,,retain_unchanged,screening_only,,,,
SWM_27153_20090916,27153,2009-09-16,Nitrit,mg/dm3,15.8,DQ004_GLOBAL_EXTREME_TAIL,review,Value exceeds global P99.9 (8.10944) and is >10x global median where median >0. Screening flag only.,,,"р. Кодима, 103 км, м. Балта, сільгосп. в/з",Південний Буг,SRC002,2008-01-01_2012-12-30_output,,retain_unchanged,screening_only,,,,
SWM_27167_20091005,27167,2009-10-05,Nitrat,mg/dm3,129.75,DQ004_GLOBAL_EXTREME_TAIL,review,Value exceeds global P99.9 (106.16) and is >10x global median where median >0. Screening flag only.,,,"р. Інгул, 2 км, м. Миколаїв, вул. Набережна, 2,  старий пішохідний міст через р. Інгул",Південний Буг,SRC002,2008-01-01_2012-12-30_output,,retain_unchanged,screening_only,,,,
SWM_27153_20091016,27153,2009-10-16,Nitrit,mg/dm3,15.0,DQ004_GLOBAL_EXTREME_TAIL,review,Value exceeds global P99.9 (8.10944) and is >10x global median where median >0. Screening flag only.,,,"р. Кодима, 103 км, м. Балта, сільгосп. в/з",Південний Буг,SRC002,2008-01-01_2012-12-30_output,,retain_unchanged,screening_only,,,,
SWM_27150_20091106,27150,2009-11-06,Nitrat,mg/dm3,109.0,DQ004_GLOBAL_EXTREME_TAIL,review,Value exceeds global P99.9 (106.16) and is >10x global median where median >0. Screening flag only.,,,"р. Південний Буг, 0,5 км, м. Миколаїв, Бузький лиман, тех. в/з Миколаївської ТЕЦ (ліва частина морського порту)",Південний Буг,SRC002,2008-01-01_2012-12-30_output,,retain_unchanged,screening_only,,,,
SWM_27348_20091109,27348,2009-11-09,Hlorid,mg/dm3,7237.78,DQ004_GLOBAL_EXTREME_TAIL,review,Value exceeds global P99.9 (6859.39) and is >10x global median where median >0. Screening flag only.,,,"р. Сарата, 14,3 км, с. Білолісся",Річки Причорномор'я,SRC002,2008-01-01_2012-12-30_output,,retain_unchanged,screening_only,,,,
SWM_27353_20091109,27353,2009-11-09,Zavisli,mg/dm3,632.0,DQ004_GLOBAL_EXTREME_TAIL,review,Value exceeds global P99.9 (467.01) and is >10x global median where median >0. Screening flag only.,,,"р. Хаджидер, 10,1 км, с. Сергіївка",Річки Причорномор'я,SRC002,2008-01-01_2012-12-30_output,,retain_unchanged,screening_only,,,,
SWM_27355_20091109,27355,2009-11-09,Nitrit,mg/dm3,20.0,DQ004_GLOBAL_EXTREME_TAIL,review,Value exceeds global P99.9 (8.10944) and is >10x global median where median >0. Screening flag only.,,,"р. Каплань, 19 км, с. Крутоярівка, кордон з Молдовою",Річки Причорномор'я,SRC002,2008-01-01_2012-12-30_output,,retain_unchanged,screening_only,,,,
SWM_27132_20091224,27132,2009-12-24,Nitrit,mg/dm3,12.8,DQ004_GLOBAL_EXTREME_TAIL,review,Value exceeds global P99.9 (8.10944) and is >10x global median where median >0. Screening flag only.,,,"р. Південний Буг, 744 км, с. Копистин, нижче м.Хмельницький",Південний Буг,SRC002,2008-01-01_2012-12-30_output,,retain_unchanged,screening_only,,,,
SWM_27153_20100118,27153,2010-01-18,Nitrit,mg/dm3,46.0,DQ004_GLOBAL_EXTREME_TAIL,review,Value exceeds global P99.9 (8.10944) and is >10x global median where median >0. Screening flag only.,,,"р. Кодима, 103 км, м. Балта, сільгосп. в/з",Південний Буг,SRC002,2008-01-01_2012-12-30_output,,retain_unchanged,screening_only,,,,
SWM_27317_20100302,27317,2010-03-02,Nitrat,mg/dm3,112.5,DQ004_GLOBAL_EXTREME_TAIL,review,Value exceeds global P99.9 (106.16) and is >10x global median where median >0. Screening flag only.,,,"р. В.Ялпуг, 5,4 км, с. Табаки Болградського р-ну,  впадає в оз.Ялпуг, кордон з Молдовою",Дунай,SRC002,2008-01-01_2012-12-30_output,,retain_unchanged,screening_only,,,,
SWM_26990_20100310,26990,2010-03-10,Amoniy,mg/dm3,31.7,DQ004_GLOBAL_EXTREME_TAIL,review,Value exceeds global P99.9 (27.9369) and is >10x global median where median >0. Screening flag only.,,,"р. Бобрик, 9 км, смт. Середина-Буда, нижче очисних споруд, а/д міст",Дніпро,SRC002,2008-01-01_2012-12-30_output,,retain_unchanged,screening_only,,,,
SWM_27321_20100310,27321,2010-03-10,Nitrat,mg/dm3,113.0,DQ004_GLOBAL_EXTREME_TAIL,review,Value exceeds global P99.9 (106.16) and is >10x global median where median >0. Screening flag only.,,,"р. В.Катлабух, 2 км, а/д міст",Дунай,SRC002,2008-01-01_2012-12-30_output,,retain_unchanged,screening_only,,,,
SWM_27318_20100406,27318,2010-04-06,Nitrat,mg/dm3,118.0,DQ004_GLOBAL_EXTREME_TAIL,review,Value exceeds global P99.9 (106.16) and is >10x global median where median >0. Screening flag only.,,,"р. Карасулак, 3,3 км, с. Криничне",Дунай,SRC002,2008-01-01_2012-12-30_output,,retain_unchanged,screening_only,,,,
SWM_27358_20100409,27358,2010-04-09,SPAR,mg/dm3,0.913,DQ004_GLOBAL_EXTREME_TAIL,review,Value exceeds global P99.9 (0.90093) and is >10x global median where median >0. Screening flag only.,,,"р. В.Куяльник, 8,2 км, с. Руська Слобідка",Річки Причорномор'я,SRC002,2008-01-01_2012-12-30_output,,retain_unchanged,screening_only,,,,
SWM_27321_20100511,27321,2010-05-11,Sulfat,mg/dm3,5079.1,DQ004_GLOBAL_EXTREME_TAIL,review,Value exceeds global P99.9 (3492.32) and is >10x global median where median >0. Screening flag only.,,,"р. В.Катлабух, 2 км, а/д міст",Дунай,SRC002,2008-01-01_2012-12-30_output,,retain_unchanged,screening_only,,,,
SWM_27321_20100511,27321,2010-05-11,Hlorid,mg/dm3,10170.7,DQ004_GLOBAL_EXTREME_TAIL,review,Value exceeds global P99.9 (6859.39) and is >10x global median where median >0. Screening flag only.,,,"р. В.Катлабух, 2 км, а/д міст",Дунай,SRC002,2008-01-01_2012-12-30_output,,retain_unchanged,screening_only,,,,
SWM_27327_20100511,27327,2010-05-11,Sulfat,mg/dm3,3658.6,DQ004_GLOBAL_EXTREME_TAIL,review,Value exceeds global P99.9 (3492.32) and is >10x global median where median >0. Screening flag only.,,,"р. Киргиж-Китай, 4,2 км, автодорожний міст",Дунай,SRC002,2008-01-01_2012-12-30_output,,retain_unchanged,screening_only,,,,
SWM_27354_20100531,27354,2010-05-31,Zavisli,mg/dm3,657.0,DQ004_GLOBAL_EXTREME_TAIL,review,Value exceeds global P99.9 (467.01) and is >10x global median where median >0. Screening flag only.,,,"р. Хаджидер, 68 км, с. Чистоводне, кордон з Молдовою",Річки Причорномор'я,SRC002,2008-01-01_2012-12-30_output,,retain_unchanged,screening_only,,,,
SWM_27241_20100722,27241,2010-07-22,BSK5,mgO2/dm3,149.0,DQ004_GLOBAL_EXTREME_TAIL,review,Value exceeds global P99.9 (128) and is >10x global median where median >0. Screening flag only.,,,"р. Саджава, 9 км, м. Долина, лівий берег, 20 м нижче моста по дорозі Долина - Болехів",Дністер,SRC002,2008-01-01_2012-12-30_output,,retain_unchanged,screening_only,,,,
SWM_27241_20100722,27241,2010-07-22,HSK,mgO2/dm3,565.0,DQ004_GLOBAL_EXTREME_TAIL,review,Value exceeds global P99.9 (416.316) and is >10x global median where median >0. Screening flag only.,,,"р. Саджава, 9 км, м. Долина, лівий берег, 20 м нижче моста по дорозі Долина - Болехів",Дністер,SRC002,2008-01-01_2012-12-30_output,,retain_unchanged,screening_only,,,,
SWM_27348_20100816,27348,2010-08-16,Sulfat,mg/dm3,3555.4,DQ004_GLOBAL_EXTREME_TAIL,review,Value exceeds global P99.9 (3492.32) and is >10x global median where median >0. Screening flag only.,,,"р. Сарата, 14,3 км, с. Білолісся",Річки Причорномор'я,SRC002,2008-01-01_2012-12-30_output,,retain_unchanged,screening_only,,,,
SWM_27348_20100816,27348,2010-08-16,Hlorid,mg/dm3,9709.07,DQ004_GLOBAL_EXTREME_TAIL,review,Value exceeds global P99.9 (6859.39) and is >10x global median where median >0. Screening flag only.,,,"р. Сарата, 14,3 км, с. Білолісся",Річки Причорномор'я,SRC002,2008-01-01_2012-12-30_output,,retain_unchanged,screening_only,,,,
SWM_27150_20100903,27150,2010-09-03,Nitrat,mg/dm3,133.4,DQ004_GLOBAL_EXTREME_TAIL,review,Value exceeds global P99.9 (106.16) and is >10x global median where median >0. Screening flag only.,,,"р. Південний Буг, 0,5 км, м. Миколаїв, Бузький лиман, тех. в/з Миколаївської ТЕЦ (ліва частина морського порту)",Південний Буг,SRC002,2008-01-01_2012-12-30_output,,retain_unchanged,screening_only,,,,
SWM_27321_20100914,27321,2010-09-14,Hlorid,mg/dm3,6907.0,DQ004_GLOBAL_EXTREME_TAIL,review,Value exceeds global P99.9 (6859.39) and is >10x global median where median >0. Screening flag only.,,,"р. В.Катлабух, 2 км, а/д міст",Дунай,SRC002,2008-01-01_2012-12-30_output,,retain_unchanged,screening_only,,,,
SWM_26973_20100915,26973,2010-09-15,Amoniy,mg/dm3,58.1,DQ004_GLOBAL_EXTREME_TAIL,review,Value exceeds global P99.9 (27.9369) and is >10x global median where median >0. Screening flag only.,,,"р. Кізка, 5 км, с.Демидів, вплив зворотних вод ""Агромарс""",Дніпро,SRC002,2008-01-01_2012-12-30_output,,retain_unchanged,screening_only,,,,
SWM_27348_20101005,27348,2010-10-05,Hlorid,mg/dm3,9173.8,DQ004_GLOBAL_EXTREME_TAIL,review,Value exceeds global P99.9 (6859.39) and is >10x global median where median >0. Screening flag only.,,,"р. Сарата, 14,3 км, с. Білолісся",Річки Причорномор'я,SRC002,2008-01-01_2012-12-30_output,,retain_unchanged,screening_only,,,,
SWM_27327_20110215,27327,2011-02-15,Sulfat,mg/dm3,4587.0,DQ004_GLOBAL_EXTREME_TAIL,review,Value exceeds global P99.9 (3492.32) and is >10x global median where median >0. Screening flag only.,,,"р. Киргиж-Китай, 4,2 км, автодорожний міст",Дунай,SRC002,2008-01-01_2012-12-30_output,,retain_unchanged,screening_only,,,,
SWM_27318_20110309,27318,2011-03-09,Nitrat,mg/dm3,138.0,DQ004_GLOBAL_EXTREME_TAIL,review,Value exceeds global P99.9 (106.16) and is >10x global median where median >0. Screening flag only.,,,"р. Карасулак, 3,3 км, с. Криничне",Дунай,SRC002,2008-01-01_2012-12-30_output,,retain_unchanged,screening_only,,,,
SWM_27034_20110316,27034,2011-03-16,Amoniy,mg/dm3,67.0,DQ004_GLOBAL_EXTREME_TAIL,review,Value exceeds global P99.9 (27.9369) and is >10x global median where median >0. Screening flag only.,,,"р. Сула, 106 км, м.Лубни, технічний в/з міста",Дніпро,SRC002,2008-01-01_2012-12-30_output,,retain_unchanged,screening_only,,,,
SWM_27241_20110505,27241,2011-05-05,HSK,mgO2/dm3,460.0,DQ004_GLOBAL_EXTREME_TAIL,review,Value exceeds global P99.9 (416.316) and is >10x global median where median >0. Screening flag only.,,,"р. Саджава, 9 км, м. Долина, лівий берег, 20 м нижче моста по дорозі Долина - Болехів",Дністер,SRC002,2008-01-01_2012-12-30_output,,retain_unchanged,screening_only,,,,
SWM_27327_20110510,27327,2011-05-10,Sulfat,mg/dm3,4536.4,DQ004_GLOBAL_EXTREME_TAIL,review,Value exceeds global P99.9 (3492.32) and is >10x global median where median >0. Screening flag only.,,,"р. Киргиж-Китай, 4,2 км, автодорожний міст",Дунай,SRC002,2008-01-01_2012-12-30_output,,retain_unchanged,screening_only,,,,
SWM_26994_20110830,26994,2011-08-30,Fosfat,mg/dm3,12.89,DQ004_GLOBAL_EXTREME_TAIL,review,Value exceeds global P99.9 (10.8546) and is >10x global median where median >0. Screening flag only.,,,"руч. Знаменка, 5 км, смт. Білі Березки, нижче міста, кордон з РФ",Дніпро,SRC002,2008-01-01_2012-12-30_output,,retain_unchanged,screening_only,,,,
SWM_27150_20110906,27150,2011-09-06,Nitrat,mg/dm3,121.0,DQ004_GLOBAL_EXTREME_TAIL,review,Value exceeds global P99.9 (106.16) and is >10x global median where median >0. Screening flag only.,,,"р. Південний Буг, 0,5 км, м. Миколаїв, Бузький лиман, тех. в/з Миколаївської ТЕЦ (ліва частина морського порту)",Південний Буг,SRC002,2008-01-01_2012-12-30_output,,retain_unchanged,screening_only,,,,
SWM_26977_20110920,26977,2011-09-20,Fosfat,mg/dm3,11.85,DQ004_GLOBAL_EXTREME_TAIL,review,Value exceeds global P99.9 (10.8546) and is >10x global median where median >0. Screening flag only.,,,"р. Дніпро, 855 км, Скидний канал БСА",Дніпро,SRC002,2008-01-01_2012-12-30_output,,retain_unchanged,screening_only,,,,
SWM_27153_20111017,27153,2011-10-17,Permanganat,mgO2/dm3,78.0,DQ004_GLOBAL_EXTREME_TAIL,review,Value exceeds global P99.9 (49.1515) and is >10x global median where median >0. Screening flag only.,,,"р. Кодима, 103 км, м. Балта, сільгосп. в/з",Південний Буг,SRC002,2008-01-01_2012-12-30_output,,retain_unchanged,screening_only,,,,
SWM_26989_20111019,26989,2011-10-19,Amoniy,mg/dm3,61.0,DQ004_GLOBAL_EXTREME_TAIL,review,Value exceeds global P99.9 (27.9369) and is >10x global median where median >0. Screening flag only.,,,"р. Бобрик, 13 км, смт. Середина-Буда, 13 км, , а/д міст,  кордон з Росією",Дніпро,SRC002,2008-01-01_2012-12-30_output,,retain_unchanged,screening_only,,,,
SWM_27315_20111025,27315,2011-10-25,Nitrit,mg/dm3,200.1,DQ004_GLOBAL_EXTREME_TAIL,review,Value exceeds global P99.9 (8.10944) and is >10x global median where median >0. Screening flag only.,,,"оз. Ялпуг-Кугурлуй, 0 км, с. Оксамитне Болградського району, Болградський питний в/з",Дунай,SRC002,2008-01-01_2012-12-30_output,,retain_unchanged,screening_only,,,,
SWM_27328_20111101,27328,2011-11-01,BSK5,mgO2/dm3,140.0,DQ004_GLOBAL_EXTREME_TAIL,review,Value exceeds global P99.9 (128) and is >10x global median where median >0. Screening flag only.,,,"р. Киргиж-Китай, 49 км, с. М. Ярославець, кордон з Молдовою",Дунай,SRC002,2008-01-01_2012-12-30_output,,retain_unchanged,screening_only,,,,
SWM_27328_20111101,27328,2011-11-01,Permanganat,mgO2/dm3,92.6,DQ004_GLOBAL_EXTREME_TAIL,review,Value exceeds global P99.9 (49.1515) and is >10x global median where median >0. Screening flag only.,,,"р. Киргиж-Китай, 49 км, с. М. Ярославець, кордон з Молдовою",Дунай,SRC002,2008-01-01_2012-12-30_output,,retain_unchanged,screening_only,,,,
SWM_27328_20111101,27328,2011-11-01,HSK,mgO2/dm3,700.3,DQ004_GLOBAL_EXTREME_TAIL,review,Value exceeds global P99.9 (416.316) and is >10x global median where median >0. Screening flag only.,,,"р. Киргиж-Китай, 49 км, с. М. Ярославець, кордон з Молдовою",Дунай,SRC002,2008-01-01_2012-12-30_output,,retain_unchanged,screening_only,,,,
SWM_27328_20111110,27328,2011-11-10,Zavisli,mg/dm3,873.0,DQ004_GLOBAL_EXTREME_TAIL,review,Value exceeds global P99.9 (467.01) and is >10x global median where median >0. Screening flag only.,,,"р. Киргиж-Китай, 49 км, с. М. Ярославець, кордон з Молдовою",Дунай,SRC002,2008-01-01_2012-12-30_output,,retain_unchanged,screening_only,,,,
SWM_27328_20111110,27328,2011-11-10,SPAR,mg/dm3,1.95,DQ004_GLOBAL_EXTREME_TAIL,review,Value exceeds global P99.9 (0.90093) and is >10x global median where median >0. Screening flag only.,,,"р. Киргиж-Китай, 49 км, с. М. Ярославець, кордон з Молдовою",Дунай,SRC002,2008-01-01_2012-12-30_output,,retain_unchanged,screening_only,,,,
SWM_27241_20120301,27241,2012-03-01,HSK,mgO2/dm3,469.0,DQ004_GLOBAL_EXTREME_TAIL,review,Value exceeds global P99.9 (416.316) and is >10x global median where median >0. Screening flag only.,,,"р. Саджава, 9 км, м. Долина, лівий берег, 20 м нижче моста по дорозі Долина - Болехів",Дністер,SRC002,2008-01-01_2012-12-30_output,,retain_unchanged,screening_only,,,,
SWM_26978_20120320,26978,2012-03-20,Nitrit,mg/dm3,22.6,DQ004_GLOBAL_EXTREME_TAIL,review,Value exceeds global P99.9 (8.10944) and is >10x global median where median >0. Screening flag only.,,,"р. Дніпро, 854,5 км, водосховище, 500 м нижче БСА",Дніпро,SRC002,2008-01-01_2012-12-30_output,,retain_unchanged,screening_only,,,,
SWM_27227_20120504,27227,2012-05-04,Fosfat,mg/dm3,407.0,DQ004_GLOBAL_EXTREME_TAIL,review,Value exceeds global P99.9 (10.8546) and is >10x global median where median >0. Screening flag only.,,,"р. Дністер, 675 км, Дністровське вдсх, в/б'єф, пр. берег, 500 м вище греблі ГЕС - 1",Дністер,SRC002,2008-01-01_2012-12-30_output,,retain_unchanged,screening_only,,,,
SWM_27328_20120514,27328,2012-05-14,BSK5,mgO2/dm3,144.0,DQ004_GLOBAL_EXTREME_TAIL,review,Value exceeds global P99.9 (128) and is >10x global median where median >0. Screening flag only.,,,"р. Киргиж-Китай, 49 км, с. М. Ярославець, кордон з Молдовою",Дунай,SRC002,2008-01-01_2012-12-30_output,,retain_unchanged,screening_only,,,,
SWM_27354_20120515,27354,2012-05-15,Zavisli,mg/dm3,610.0,DQ004_GLOBAL_EXTREME_TAIL,review,Value exceeds global P99.9 (467.01) and is >10x global median where median >0. Screening flag only.,,,"р. Хаджидер, 68 км, с. Чистоводне, кордон з Молдовою",Річки Причорномор'я,SRC002,2008-01-01_2012-12-30_output,,retain_unchanged,screening_only,,,,
SWM_27317_20120521,27317,2012-05-21,Sulfat,mg/dm3,3705.1,DQ004_GLOBAL_EXTREME_TAIL,review,Value exceeds global P99.9 (3492.32) and is >10x global median where median >0. Screening flag only.,,,"р. В.Ялпуг, 5,4 км, с. Табаки Болградського р-ну,  впадає в оз.Ялпуг, кордон з Молдовою",Дунай,SRC002,2008-01-01_2012-12-30_output,,retain_unchanged,screening_only,,,,
SWM_27317_20120521,27317,2012-05-21,Hlorid,mg/dm3,9437.1,DQ004_GLOBAL_EXTREME_TAIL,review,Value exceeds global P99.9 (6859.39) and is >10x global median where median >0. Screening flag only.,,,"р. В.Ялпуг, 5,4 км, с. Табаки Болградського р-ну,  впадає в оз.Ялпуг, кордон з Молдовою",Дунай,SRC002,2008-01-01_2012-12-30_output,,retain_unchanged,screening_only,,,,
SWM_27348_20120814,27348,2012-08-14,Zavisli,mg/dm3,497.0,DQ004_GLOBAL_EXTREME_TAIL,review,Value exceeds global P99.9 (467.01) and is >10x global median where median >0. Screening flag only.,,,"р. Сарата, 14,3 км, с. Білолісся",Річки Причорномор'я,SRC002,2008-01-01_2012-12-30_output,,retain_unchanged,screening_only,,,,
SWM_27348_20120814,27348,2012-08-14,Hlorid,mg/dm3,6912.7,DQ004_GLOBAL_EXTREME_TAIL,review,Value exceeds global P99.9 (6859.39) and is >10x global median where median >0. Screening flag only.,,,"р. Сарата, 14,3 км, с. Білолісся",Річки Причорномор'я,SRC002,2008-01-01_2012-12-30_output,,retain_unchanged,screening_only,,,,
SWM_27351_20120814,27351,2012-08-14,Amoniy,mg/dm3,28.0,DQ004_GLOBAL_EXTREME_TAIL,review,Value exceeds global P99.9 (27.9369) and is >10x global median where median >0. Screening flag only.,,,"р. Когільник, 131 км, с. Серпневе, кордон з Молдовою",Річки Причорномор'я,SRC002,2008-01-01_2012-12-30_output,,retain_unchanged,screening_only,,,,
SWM_27352_20120814,27352,2012-08-14,Zavisli,mg/dm3,493.0,DQ004_GLOBAL_EXTREME_TAIL,review,Value exceeds global P99.9 (467.01) and is >10x global median where median >0. Screening flag only.,,,"р. Чага, 66 км, с. Петровка, кордон з Молдовою",Річки Причорномор'я,SRC002,2008-01-01_2012-12-30_output,,retain_unchanged,screening_only,,,,
SWM_27266_20121021,27266,2012-10-21,SPAR,mg/dm3,1.254,DQ004_GLOBAL_EXTREME_TAIL,review,Value exceeds global P99.9 (0.90093) and is >10x global median where median >0. Screening flag only.,,,"р. Кучурган, 6 км, с. Степанівка, впадає в Кучурганський лиман, кордон з Молдовою",Дністер,SRC002,2008-01-01_2012-12-30_output,,retain_unchanged,screening_only,,,,
SWM_27317_20121023,27317,2012-10-23,Hlorid,mg/dm3,8204.0,DQ004_GLOBAL_EXTREME_TAIL,review,Value exceeds global P99.9 (6859.39) and is >10x global median where median >0. Screening flag only.,,,"р. В.Ялпуг, 5,4 км, с. Табаки Болградського р-ну,  впадає в оз.Ялпуг, кордон з Молдовою",Дунай,SRC002,2008-01-01_2012-12-30_output,,retain_unchanged,screening_only,,,,
SWM_27328_20121119,27328,2012-11-19,BSK5,mgO2/dm3,146.0,DQ004_GLOBAL_EXTREME_TAIL,review,Value exceeds global P99.9 (128) and is >10x global median where median >0. Screening flag only.,,,"р. Киргиж-Китай, 49 км, с. М. Ярославець, кордон з Молдовою",Дунай,SRC002,2008-01-01_2012-12-30_output,,retain_unchanged,screening_only,,,,
SWM_27329_20130219,27329,2013-02-19,Sulfat,mg/dm3,4005.5,DQ004_GLOBAL_EXTREME_TAIL,review,Value exceeds global P99.9 (3492.32) and is >10x global median where median >0. Screening flag only.,,,"р. Аліяга, 4,8 км, автодорожний  міст",Дунай,SRC003,2012-12-31_2015-12-31_output,,retain_unchanged,screening_only,,,,
SWM_26977_20130318,26977,2013-03-18,Nitrit,mg/dm3,10.06,DQ004_GLOBAL_EXTREME_TAIL,review,Value exceeds global P99.9 (8.10944) and is >10x global median where median >0. Screening flag only.,,,"р. Дніпро, 855 км, Скидний канал БСА",Дніпро,SRC003,2012-12-31_2015-12-31_output,,retain_unchanged,screening_only,,,,
SWM_27353_20130327,27353,2013-03-27,Sulfat,mg/dm3,3771.8,DQ004_GLOBAL_EXTREME_TAIL,review,Value exceeds global P99.9 (3492.32) and is >10x global median where median >0. Screening flag only.,,,"р. Хаджидер, 10,1 км, с. Сергіївка",Річки Причорномор'я,SRC003,2012-12-31_2015-12-31_output,,retain_unchanged,screening_only,,,,
SWM_27353_20130327,27353,2013-03-27,Hlorid,mg/dm3,7010.9,DQ004_GLOBAL_EXTREME_TAIL,review,Value exceeds global P99.9 (6859.39) and is >10x global median where median >0. Screening flag only.,,,"р. Хаджидер, 10,1 км, с. Сергіївка",Річки Причорномор'я,SRC003,2012-12-31_2015-12-31_output,,retain_unchanged,screening_only,,,,
SWM_26977_20130403,26977,2013-04-03,Nitrit,mg/dm3,12.52,DQ004_GLOBAL_EXTREME_TAIL,review,Value exceeds global P99.9 (8.10944) and is >10x global median where median >0. Screening flag only.,,,"р. Дніпро, 855 км, Скидний канал БСА",Дніпро,SRC003,2012-12-31_2015-12-31_output,,retain_unchanged,screening_only,,,,
SWM_26970_20130409,26970,2013-04-09,Nitrit,mg/dm3,8.4,DQ004_GLOBAL_EXTREME_TAIL,review,Value exceeds global P99.9 (8.10944) and is >10x global median where median >0. Screening flag only.,,,"р. Здвиж, 21 км, с. Феневичі",Дніпро,SRC003,2012-12-31_2015-12-31_output,,retain_unchanged,screening_only,,,,
SWM_27329_20130409,27329,2013-04-09,Sulfat,mg/dm3,4276.7,DQ004_GLOBAL_EXTREME_TAIL,review,Value exceeds global P99.9 (3492.32) and is >10x global median where median >0. Screening flag only.,,,"р. Аліяга, 4,8 км, автодорожний  міст",Дунай,SRC003,2012-12-31_2015-12-31_output,,retain_unchanged,screening_only,,,,
SWM_27353_20130524,27353,2013-05-24,Hlorid,mg/dm3,7547.6,DQ004_GLOBAL_EXTREME_TAIL,review,Value exceeds global P99.9 (6859.39) and is >10x global median where median >0. Screening flag only.,,,"р. Хаджидер, 10,1 км, с. Сергіївка",Річки Причорномор'я,SRC003,2012-12-31_2015-12-31_output,,retain_unchanged,screening_only,,,,
SWM_27354_20130524,27354,2013-05-24,Zavisli,mg/dm3,674.0,DQ004_GLOBAL_EXTREME_TAIL,review,Value exceeds global P99.9 (467.01) and is >10x global median where median >0. Screening flag only.,,,"р. Хаджидер, 68 км, с. Чистоводне, кордон з Молдовою",Річки Причорномор'я,SRC003,2012-12-31_2015-12-31_output,,retain_unchanged,screening_only,,,,
SWM_27356_20130524,27356,2013-05-24,Zavisli,mg/dm3,766.0,DQ004_GLOBAL_EXTREME_TAIL,review,Value exceeds global P99.9 (467.01) and is >10x global median where median >0. Screening flag only.,,,"р. Алкалія, 7 км, с. Широке",Річки Причорномор'я,SRC003,2012-12-31_2015-12-31_output,,retain_unchanged,screening_only,,,,
SWM_27321_20130529,27321,2013-05-29,Sulfat,mg/dm3,3669.3,DQ004_GLOBAL_EXTREME_TAIL,review,Value exceeds global P99.9 (3492.32) and is >10x global median where median >0. Screening flag only.,,,"р. В.Катлабух, 2 км, а/д міст",Дунай,SRC003,2012-12-31_2015-12-31_output,,retain_unchanged,screening_only,,,,
SWM_27321_20130529,27321,2013-05-29,Hlorid,mg/dm3,7294.4,DQ004_GLOBAL_EXTREME_TAIL,review,Value exceeds global P99.9 (6859.39) and is >10x global median where median >0. Screening flag only.,,,"р. В.Катлабух, 2 км, а/д міст",Дунай,SRC003,2012-12-31_2015-12-31_output,,retain_unchanged,screening_only,,,,
SWM_27346_20130704,27346,2013-07-04,Zavisli,mg/dm3,548.0,DQ004_GLOBAL_EXTREME_TAIL,review,Value exceeds global P99.9 (467.01) and is >10x global median where median >0. Screening flag only.,,,"оз. Сасик, 0 км, Канал Дунай-Сасик, гирло",Річки Причорномор'я,SRC003,2012-12-31_2015-12-31_output,,retain_unchanged,screening_only,,,,
SWM_27357_20130711,27357,2013-07-11,Zavisli,mg/dm3,560.4,DQ004_GLOBAL_EXTREME_TAIL,review,Value exceeds global P99.9 (467.01) and is >10x global median where median >0. Screening flag only.,,,"р. Барабой, 17 км, с. Барабой, Санжинське вдсх., н/б'єф",Річки Причорномор'я,SRC003,2012-12-31_2015-12-31_output,,retain_unchanged,screening_only,,,,
SWM_27348_20130726,27348,2013-07-26,SPAR,mg/dm3,1.37,DQ004_GLOBAL_EXTREME_TAIL,review,Value exceeds global P99.9 (0.90093) and is >10x global median where median >0. Screening flag only.,,,"р. Сарата, 14,3 км, с. Білолісся",Річки Причорномор'я,SRC003,2012-12-31_2015-12-31_output,,retain_unchanged,screening_only,,,,
SWM_27353_20130726,27353,2013-07-26,Zavisli,mg/dm3,500.0,DQ004_GLOBAL_EXTREME_TAIL,review,Value exceeds global P99.9 (467.01) and is >10x global median where median >0. Screening flag only.,,,"р. Хаджидер, 10,1 км, с. Сергіївка",Річки Причорномор'я,SRC003,2012-12-31_2015-12-31_output,,retain_unchanged,screening_only,,,,
SWM_27328_20130910,27328,2013-09-10,BSK5,mgO2/dm3,728.0,DQ004_GLOBAL_EXTREME_TAIL,review,Value exceeds global P99.9 (128) and is >10x global median where median >0. Screening flag only.,,,"р. Киргиж-Китай, 49 км, с. М. Ярославець, кордон з Молдовою",Дунай,SRC003,2012-12-31_2015-12-31_output,,retain_unchanged,screening_only,,,,
SWM_27328_20130910,27328,2013-09-10,Fosfat,mg/dm3,20.1,DQ004_GLOBAL_EXTREME_TAIL,review,Value exceeds global P99.9 (10.8546) and is >10x global median where median >0. Screening flag only.,,,"р. Киргиж-Китай, 49 км, с. М. Ярославець, кордон з Молдовою",Дунай,SRC003,2012-12-31_2015-12-31_output,,retain_unchanged,screening_only,,,,
SWM_27328_20130910,27328,2013-09-10,Permanganat,mgO2/dm3,150.7,DQ004_GLOBAL_EXTREME_TAIL,review,Value exceeds global P99.9 (49.1515) and is >10x global median where median >0. Screening flag only.,,,"р. Киргиж-Китай, 49 км, с. М. Ярославець, кордон з Молдовою",Дунай,SRC003,2012-12-31_2015-12-31_output,,retain_unchanged,screening_only,,,,
SWM_27328_20130910,27328,2013-09-10,HSK,mgO2/dm3,1445.0,DQ004_GLOBAL_EXTREME_TAIL,review,Value exceeds global P99.9 (416.316) and is >10x global median where median >0. Screening flag only.,,,"р. Киргиж-Китай, 49 км, с. М. Ярославець, кордон з Молдовою",Дунай,SRC003,2012-12-31_2015-12-31_output,,retain_unchanged,screening_only,,,,
SWM_27266_20131114,27266,2013-11-14,Amoniy,mg/dm3,40.0,DQ004_GLOBAL_EXTREME_TAIL,review,Value exceeds global P99.9 (27.9369) and is >10x global median where median >0. Screening flag only.,,,"р. Кучурган, 6 км, с. Степанівка, впадає в Кучурганський лиман, кордон з Молдовою",Дністер,SRC003,2012-12-31_2015-12-31_output,,retain_unchanged,screening_only,,,,
SWM_27357_20131202,27357,2013-12-02,Zavisli,mg/dm3,2945.91,DQ004_GLOBAL_EXTREME_TAIL,review,Value exceeds global P99.9 (467.01) and is >10x global median where median >0. Screening flag only.,,,"р. Барабой, 17 км, с. Барабой, Санжинське вдсх., н/б'єф",Річки Причорномор'я,SRC003,2012-12-31_2015-12-31_output,,retain_unchanged,screening_only,,,,
SWM_27228_20131210,27228,2013-12-10,Nitrit,mg/dm3,452.0,DQ004_GLOBAL_EXTREME_TAIL,review,Value exceeds global P99.9 (8.10944) and is >10x global median where median >0. Screening flag only.,,,"р. Дністер, 674 км, Дністровське вдсх, н/б'єф, пр. берег, 500 м нижче греблі ГЕС - 1",Дністер,SRC003,2012-12-31_2015-12-31_output,,retain_unchanged,screening_only,,,,
SWM_27329_20131210,27329,2013-12-10,Sulfat,mg/dm3,4144.0,DQ004_GLOBAL_EXTREME_TAIL,review,Value exceeds global P99.9 (3492.32) and is >10x global median where median >0. Screening flag only.,,,"р. Аліяга, 4,8 км, автодорожний  міст",Дунай,SRC003,2012-12-31_2015-12-31_output,,retain_unchanged,screening_only,,,,
SWM_27329_20131210,27329,2013-12-10,Nitrat,mg/dm3,108.5,DQ004_GLOBAL_EXTREME_TAIL,review,Value exceeds global P99.9 (106.16) and is >10x global median where median >0. Screening flag only.,,,"р. Аліяга, 4,8 км, автодорожний  міст",Дунай,SRC003,2012-12-31_2015-12-31_output,,retain_unchanged,screening_only,,,,
SWM_26977_20131217,26977,2013-12-17,Amoniy,mg/dm3,29.5,DQ004_GLOBAL_EXTREME_TAIL,review,Value exceeds global P99.9 (27.9369) and is >10x global median where median >0. Screening flag only.,,,"р. Дніпро, 855 км, Скидний канал БСА",Дніпро,SRC003,2012-12-31_2015-12-31_output,,retain_unchanged,screening_only,,,,
SWM_27266_20140204,27266,2014-02-04,Fosfat,mg/dm3,15.41,DQ004_GLOBAL_EXTREME_TAIL,review,Value exceeds global P99.9 (10.8546) and is >10x global median where median >0. Screening flag only.,,,"р. Кучурган, 6 км, с. Степанівка, впадає в Кучурганський лиман, кордон з Молдовою",Дністер,SRC003,2012-12-31_2015-12-31_output,,retain_unchanged,screening_only,,,,
SWM_27266_20140213,27266,2014-02-13,BSK5,mgO2/dm3,265.0,DQ004_GLOBAL_EXTREME_TAIL,review,Value exceeds global P99.9 (128) and is >10x global median where median >0. Screening flag only.,,,"р. Кучурган, 6 км, с. Степанівка, впадає в Кучурганський лиман, кордон з Молдовою",Дністер,SRC003,2012-12-31_2015-12-31_output,,retain_unchanged,screening_only,,,,
SWM_26977_20140217,26977,2014-02-17,Nitrit,mg/dm3,8.87,DQ004_GLOBAL_EXTREME_TAIL,review,Value exceeds global P99.9 (8.10944) and is >10x global median where median >0. Screening flag only.,,,"р. Дніпро, 855 км, Скидний канал БСА",Дніпро,SRC003,2012-12-31_2015-12-31_output,,retain_unchanged,screening_only,,,,
SWM_27353_20140226,27353,2014-02-26,Nitrat,mg/dm3,144.4,DQ004_GLOBAL_EXTREME_TAIL,review,Value exceeds global P99.9 (106.16) and is >10x global median where median >0. Screening flag only.,,,"р. Хаджидер, 10,1 км, с. Сергіївка",Річки Причорномор'я,SRC003,2012-12-31_2015-12-31_output,,retain_unchanged,screening_only,,,,
SWM_27266_20140407,27266,2014-04-07,BSK5,mgO2/dm3,132.2,DQ004_GLOBAL_EXTREME_TAIL,review,Value exceeds global P99.9 (128) and is >10x global median where median >0. Screening flag only.,,,"р. Кучурган, 6 км, с. Степанівка, впадає в Кучурганський лиман, кордон з Молдовою",Дністер,SRC003,2012-12-31_2015-12-31_output,,retain_unchanged,screening_only,,,,
SWM_27266_20140407,27266,2014-04-07,SPAR,mg/dm3,1.025,DQ004_GLOBAL_EXTREME_TAIL,review,Value exceeds global P99.9 (0.90093) and is >10x global median where median >0. Screening flag only.,,,"р. Кучурган, 6 км, с. Степанівка, впадає в Кучурганський лиман, кордон з Молдовою",Дністер,SRC003,2012-12-31_2015-12-31_output,,retain_unchanged,screening_only,,,,
SWM_27354_20140526,27354,2014-05-26,Zavisli,mg/dm3,511.0,DQ004_GLOBAL_EXTREME_TAIL,review,Value exceeds global P99.9 (467.01) and is >10x global median where median >0. Screening flag only.,,,"р. Хаджидер, 68 км, с. Чистоводне, кордон з Молдовою",Річки Причорномор'я,SRC003,2012-12-31_2015-12-31_output,,retain_unchanged,screening_only,,,,
SWM_27360_20140717,27360,2014-07-17,BSK5,mgO2/dm3,131.6,DQ004_GLOBAL_EXTREME_TAIL,review,Value exceeds global P99.9 (128) and is >10x global median where median >0. Screening flag only.,,,"р. Тілігул, 17,5 км, смт. Березівка",Річки Причорномор'я,SRC003,2012-12-31_2015-12-31_output,,retain_unchanged,screening_only,,,,
SWM_27358_20140718,27358,2014-07-18,BSK5,mgO2/dm3,136.0,DQ004_GLOBAL_EXTREME_TAIL,review,Value exceeds global P99.9 (128) and is >10x global median where median >0. Screening flag only.,,,"р. В.Куяльник, 8,2 км, с. Руська Слобідка",Річки Причорномор'я,SRC003,2012-12-31_2015-12-31_output,,retain_unchanged,screening_only,,,,
SWM_26973_20140819,26973,2014-08-19,Amoniy,mg/dm3,37.8,DQ004_GLOBAL_EXTREME_TAIL,review,Value exceeds global P99.9 (27.9369) and is >10x global median where median >0. Screening flag only.,,,"р. Кізка, 5 км, с.Демидів, вплив зворотних вод ""Агромарс""",Дніпро,SRC003,2012-12-31_2015-12-31_output,,retain_unchanged,screening_only,,,,
SWM_27328_20140902,27328,2014-09-02,Zavisli,mg/dm3,3527.0,DQ004_GLOBAL_EXTREME_TAIL,review,Value exceeds global P99.9 (467.01) and is >10x global median where median >0. Screening flag only.,,,"р. Киргиж-Китай, 49 км, с. М. Ярославець, кордон з Молдовою",Дунай,SRC003,2012-12-31_2015-12-31_output,,retain_unchanged,screening_only,,,,
SWM_27348_20140902,27348,2014-09-02,Sulfat,mg/dm3,3586.1,DQ004_GLOBAL_EXTREME_TAIL,review,Value exceeds global P99.9 (3492.32) and is >10x global median where median >0. Screening flag only.,,,"р. Сарата, 14,3 км, с. Білолісся",Річки Причорномор'я,SRC003,2012-12-31_2015-12-31_output,,retain_unchanged,screening_only,,,,
SWM_27348_20140902,27348,2014-09-02,Hlorid,mg/dm3,9597.5,DQ004_GLOBAL_EXTREME_TAIL,review,Value exceeds global P99.9 (6859.39) and is >10x global median where median >0. Screening flag only.,,,"р. Сарата, 14,3 км, с. Білолісся",Річки Причорномор'я,SRC003,2012-12-31_2015-12-31_output,,retain_unchanged,screening_only,,,,
SWM_27353_20140902,27353,2014-09-02,Zavisli,mg/dm3,1139.0,DQ004_GLOBAL_EXTREME_TAIL,review,Value exceeds global P99.9 (467.01) and is >10x global median where median >0. Screening flag only.,,,"р. Хаджидер, 10,1 км, с. Сергіївка",Річки Причорномор'я,SRC003,2012-12-31_2015-12-31_output,,retain_unchanged,screening_only,,,,
SWM_26973_20140922,26973,2014-09-22,Amoniy,mg/dm3,35.3,DQ004_GLOBAL_EXTREME_TAIL,review,Value exceeds global P99.9 (27.9369) and is >10x global median where median >0. Screening flag only.,,,"р. Кізка, 5 км, с.Демидів, вплив зворотних вод ""Агромарс""",Дніпро,SRC003,2012-12-31_2015-12-31_output,,retain_unchanged,screening_only,,,,
SWM_27266_20141111,27266,2014-11-11,BSK5,mgO2/dm3,442.0,DQ004_GLOBAL_EXTREME_TAIL,review,Value exceeds global P99.9 (128) and is >10x global median where median >0. Screening flag only.,,,"р. Кучурган, 6 км, с. Степанівка, впадає в Кучурганський лиман, кордон з Молдовою",Дністер,SRC003,2012-12-31_2015-12-31_output,,retain_unchanged,screening_only,,,,
SWM_27266_20141111,27266,2014-11-11,HSK,mgO2/dm3,519.2,DQ004_GLOBAL_EXTREME_TAIL,review,Value exceeds global P99.9 (416.316) and is >10x global median where median >0. Screening flag only.,,,"р. Кучурган, 6 км, с. Степанівка, впадає в Кучурганський лиман, кордон з Молдовою",Дністер,SRC003,2012-12-31_2015-12-31_output,,retain_unchanged,screening_only,,,,
SWM_27328_20141114,27328,2014-11-14,Zavisli,mg/dm3,1315.0,DQ004_GLOBAL_EXTREME_TAIL,review,Value exceeds global P99.9 (467.01) and is >10x global median where median >0. Screening flag only.,,,"р. Киргиж-Китай, 49 км, с. М. Ярославець, кордон з Молдовою",Дунай,SRC003,2012-12-31_2015-12-31_output,,retain_unchanged,screening_only,,,,
SWM_27328_20141114,27328,2014-11-14,Amoniy,mg/dm3,40.0,DQ004_GLOBAL_EXTREME_TAIL,review,Value exceeds global P99.9 (27.9369) and is >10x global median where median >0. Screening flag only.,,,"р. Киргиж-Китай, 49 км, с. М. Ярославець, кордон з Молдовою",Дунай,SRC003,2012-12-31_2015-12-31_output,,retain_unchanged,screening_only,,,,
SWM_27328_20141114,27328,2014-11-14,Fosfat,mg/dm3,18.46,DQ004_GLOBAL_EXTREME_TAIL,review,Value exceeds global P99.9 (10.8546) and is >10x global median where median >0. Screening flag only.,,,"р. Киргиж-Китай, 49 км, с. М. Ярославець, кордон з Молдовою",Дунай,SRC003,2012-12-31_2015-12-31_output,,retain_unchanged,screening_only,,,,
SWM_27328_20141114,27328,2014-11-14,SPAR,mg/dm3,2.33,DQ004_GLOBAL_EXTREME_TAIL,review,Value exceeds global P99.9 (0.90093) and is >10x global median where median >0. Screening flag only.,,,"р. Киргиж-Китай, 49 км, с. М. Ярославець, кордон з Молдовою",Дунай,SRC003,2012-12-31_2015-12-31_output,,retain_unchanged,screening_only,,,,
SWM_27353_20141114,27353,2014-11-14,Zavisli,mg/dm3,1589.0,DQ004_GLOBAL_EXTREME_TAIL,review,Value exceeds global P99.9 (467.01) and is >10x global median where median >0. Screening flag only.,,,"р. Хаджидер, 10,1 км, с. Сергіївка",Річки Причорномор'я,SRC003,2012-12-31_2015-12-31_output,,retain_unchanged,screening_only,,,,
SWM_26973_20141124,26973,2014-11-24,Amoniy,mg/dm3,33.0,DQ004_GLOBAL_EXTREME_TAIL,review,Value exceeds global P99.9 (27.9369) and is >10x global median where median >0. Screening flag only.,,,"р. Кізка, 5 км, с.Демидів, вплив зворотних вод ""Агромарс""",Дніпро,SRC003,2012-12-31_2015-12-31_output,,retain_unchanged,screening_only,,,,
SWM_27328_20150311,27328,2015-03-11,BSK5,mgO2/dm3,320.0,DQ004_GLOBAL_EXTREME_TAIL,review,Value exceeds global P99.9 (128) and is >10x global median where median >0. Screening flag only.,,,"р. Киргиж-Китай, 49 км, с. М. Ярославець, кордон з Молдовою",Дунай,SRC003,2012-12-31_2015-12-31_output,,retain_unchanged,screening_only,,,,
SWM_27328_20150311,27328,2015-03-11,Permanganat,mgO2/dm3,102.8,DQ004_GLOBAL_EXTREME_TAIL,review,Value exceeds global P99.9 (49.1515) and is >10x global median where median >0. Screening flag only.,,,"р. Киргиж-Китай, 49 км, с. М. Ярославець, кордон з Молдовою",Дунай,SRC003,2012-12-31_2015-12-31_output,,retain_unchanged,screening_only,,,,
SWM_27328_20150311,27328,2015-03-11,HSK,mgO2/dm3,430.7,DQ004_GLOBAL_EXTREME_TAIL,review,Value exceeds global P99.9 (416.316) and is >10x global median where median >0. Screening flag only.,,,"р. Киргиж-Китай, 49 км, с. М. Ярославець, кордон з Молдовою",Дунай,SRC003,2012-12-31_2015-12-31_output,,retain_unchanged,screening_only,,,,
SWM_27329_20150311,27329,2015-03-11,Sulfat,mg/dm3,4376.3,DQ004_GLOBAL_EXTREME_TAIL,review,Value exceeds global P99.9 (3492.32) and is >10x global median where median >0. Screening flag only.,,,"р. Аліяга, 4,8 км, автодорожний  міст",Дунай,SRC003,2012-12-31_2015-12-31_output,,retain_unchanged,screening_only,,,,
SWM_26977_20150323,26977,2015-03-23,Nitrat,mg/dm3,146.0,DQ004_GLOBAL_EXTREME_TAIL,review,Value exceeds global P99.9 (106.16) and is >10x global median where median >0. Screening flag only.,,,"р. Дніпро, 855 км, Скидний канал БСА",Дніпро,SRC003,2012-12-31_2015-12-31_output,,retain_unchanged,screening_only,,,,
SWM_27266_20150409,27266,2015-04-09,SPAR,mg/dm3,1.51,DQ004_GLOBAL_EXTREME_TAIL,review,Value exceeds global P99.9 (0.90093) and is >10x global median where median >0. Screening flag only.,,,"р. Кучурган, 6 км, с. Степанівка, впадає в Кучурганський лиман, кордон з Молдовою",Дністер,SRC003,2012-12-31_2015-12-31_output,,retain_unchanged,screening_only,,,,
SWM_27266_20150409,27266,2015-04-09,HSK,mgO2/dm3,672.8,DQ004_GLOBAL_EXTREME_TAIL,review,Value exceeds global P99.9 (416.316) and is >10x global median where median >0. Screening flag only.,,,"р. Кучурган, 6 км, с. Степанівка, впадає в Кучурганський лиман, кордон з Молдовою",Дністер,SRC003,2012-12-31_2015-12-31_output,,retain_unchanged,screening_only,,,,
SWM_27323_20150415,27323,2015-04-15,Sulfat,mg/dm3,3605.6,DQ004_GLOBAL_EXTREME_TAIL,review,Value exceeds global P99.9 (3492.32) and is >10x global median where median >0. Screening flag only.,,,"р. Єніка, 0,1 км, с. Першотравневе, 0,1 км, гирло,",Дунай,SRC003,2012-12-31_2015-12-31_output,,retain_unchanged,screening_only,,,,
SWM_27329_20150415,27329,2015-04-15,Sulfat,mg/dm3,3953.3,DQ004_GLOBAL_EXTREME_TAIL,review,Value exceeds global P99.9 (3492.32) and is >10x global median where median >0. Screening flag only.,,,"р. Аліяга, 4,8 км, автодорожний  міст",Дунай,SRC003,2012-12-31_2015-12-31_output,,retain_unchanged,screening_only,,,,
SWM_27353_20150514,27353,2015-05-14,Hlorid,mg/dm3,7033.75,DQ004_GLOBAL_EXTREME_TAIL,review,Value exceeds global P99.9 (6859.39) and is >10x global median where median >0. Screening flag only.,,,"р. Хаджидер, 10,1 км, с. Сергіївка",Річки Причорномор'я,SRC003,2012-12-31_2015-12-31_output,,retain_unchanged,screening_only,,,,
SWM_26989_20150609,26989,2015-06-09,Fosfat,mg/dm3,12.6,DQ004_GLOBAL_EXTREME_TAIL,review,Value exceeds global P99.9 (10.8546) and is >10x global median where median >0. Screening flag only.,,,"р. Бобрик, 13 км, смт. Середина-Буда, 13 км, , а/д міст,  кордон з Росією",Дніпро,SRC003,2012-12-31_2015-12-31_output,,retain_unchanged,screening_only,,,,
SWM_26973_20150616,26973,2015-06-16,Amoniy,mg/dm3,28.9,DQ004_GLOBAL_EXTREME_TAIL,review,Value exceeds global P99.9 (27.9369) and is >10x global median where median >0. Screening flag only.,,,"р. Кізка, 5 км, с.Демидів, вплив зворотних вод ""Агромарс""",Дніпро,SRC003,2012-12-31_2015-12-31_output,,retain_unchanged,screening_only,,,,
SWM_26973_20150616,26973,2015-06-16,Fosfat,mg/dm3,19.9,DQ004_GLOBAL_EXTREME_TAIL,review,Value exceeds global P99.9 (10.8546) and is >10x global median where median >0. Screening flag only.,,,"р. Кізка, 5 км, с.Демидів, вплив зворотних вод ""Агромарс""",Дніпро,SRC003,2012-12-31_2015-12-31_output,,retain_unchanged,screening_only,,,,
SWM_27015_20150622,27015,2015-06-22,Fosfat,mg/dm3,10.9,DQ004_GLOBAL_EXTREME_TAIL,review,Value exceeds global P99.9 (10.8546) and is >10x global median where median >0. Screening flag only.,,,"р. Стугна, 7,5 км, м.Обухів",Дніпро,SRC003,2012-12-31_2015-12-31_output,,retain_unchanged,screening_only,,,,
SWM_27266_20150720,27266,2015-07-20,Amoniy,mg/dm3,31.5,DQ004_GLOBAL_EXTREME_TAIL,review,Value exceeds global P99.9 (27.9369) and is >10x global median where median >0. Screening flag only.,,,"р. Кучурган, 6 км, с. Степанівка, впадає в Кучурганський лиман, кордон з Молдовою",Дністер,SRC003,2012-12-31_2015-12-31_output,,retain_unchanged,screening_only,,,,
SWM_27253_20150728,27253,2015-07-28,BSK5,mgO2/dm3,202.0,DQ004_GLOBAL_EXTREME_TAIL,review,Value exceeds global P99.9 (128) and is >10x global median where median >0. Screening flag only.,,,"р. Сівка, 11 км, смт. Войнилів, вплив стоків Калуського пром вузла, лів. берег, 80 м вище мосту по дорозі Калуш-Бурштин",Дністер,SRC003,2012-12-31_2015-12-31_output,,retain_unchanged,screening_only,,,,
SWM_27323_20150804,27323,2015-08-04,Zavisli,mg/dm3,512.0,DQ004_GLOBAL_EXTREME_TAIL,review,Value exceeds global P99.9 (467.01) and is >10x global median where median >0. Screening flag only.,,,"р. Єніка, 0,1 км, с. Першотравневе, 0,1 км, гирло,",Дунай,SRC003,2012-12-31_2015-12-31_output,,retain_unchanged,screening_only,,,,
SWM_27328_20150807,27328,2015-08-07,Amoniy,mg/dm3,93.5,DQ004_GLOBAL_EXTREME_TAIL,review,Value exceeds global P99.9 (27.9369) and is >10x global median where median >0. Screening flag only.,,,"р. Киргиж-Китай, 49 км, с. М. Ярославець, кордон з Молдовою",Дунай,SRC003,2012-12-31_2015-12-31_output,,retain_unchanged,screening_only,,,,
SWM_27347_20150807,27347,2015-08-07,HSK,mgO2/dm3,655.8,DQ004_GLOBAL_EXTREME_TAIL,review,Value exceeds global P99.9 (416.316) and is >10x global median where median >0. Screening flag only.,,,"оз. Сасик, 0 км, с. Трапівка, ГНС-2",Річки Причорномор'я,SRC003,2012-12-31_2015-12-31_output,,retain_unchanged,screening_only,,,,
SWM_27348_20150807,27348,2015-08-07,Hlorid,mg/dm3,7996.1,DQ004_GLOBAL_EXTREME_TAIL,review,Value exceeds global P99.9 (6859.39) and is >10x global median where median >0. Screening flag only.,,,"р. Сарата, 14,3 км, с. Білолісся",Річки Причорномор'я,SRC003,2012-12-31_2015-12-31_output,,retain_unchanged,screening_only,,,,
SWM_27348_20150807,27348,2015-08-07,HSK,mgO2/dm3,918.7,DQ004_GLOBAL_EXTREME_TAIL,review,Value exceeds global P99.9 (416.316) and is >10x global median where median >0. Screening flag only.,,,"р. Сарата, 14,3 км, с. Білолісся",Річки Причорномор'я,SRC003,2012-12-31_2015-12-31_output,,retain_unchanged,screening_only,,,,
SWM_27352_20150807,27352,2015-08-07,HSK,mgO2/dm3,600.0,DQ004_GLOBAL_EXTREME_TAIL,review,Value exceeds global P99.9 (416.316) and is >10x global median where median >0. Screening flag only.,,,"р. Чага, 66 км, с. Петровка, кордон з Молдовою",Річки Причорномор'я,SRC003,2012-12-31_2015-12-31_output,,retain_unchanged,screening_only,,,,
SWM_27353_20150807,27353,2015-08-07,HSK,mgO2/dm3,784.5,DQ004_GLOBAL_EXTREME_TAIL,review,Value exceeds global P99.9 (416.316) and is >10x global median where median >0. Screening flag only.,,,"р. Хаджидер, 10,1 км, с. Сергіївка",Річки Причорномор'я,SRC003,2012-12-31_2015-12-31_output,,retain_unchanged,screening_only,,,,
SWM_26973_20150914,26973,2015-09-14,Fosfat,mg/dm3,12.3,DQ004_GLOBAL_EXTREME_TAIL,review,Value exceeds global P99.9 (10.8546) and is >10x global median where median >0. Screening flag only.,,,"р. Кізка, 5 км, с.Демидів, вплив зворотних вод ""Агромарс""",Дніпро,SRC003,2012-12-31_2015-12-31_output,,retain_unchanged,screening_only,,,,
SWM_27266_20151012,27266,2015-10-12,BSK5,mgO2/dm3,137.4,DQ004_GLOBAL_EXTREME_TAIL,review,Value exceeds global P99.9 (128) and is >10x global median where median >0. Screening flag only.,,,"р. Кучурган, 6 км, с. Степанівка, впадає в Кучурганський лиман, кордон з Молдовою",Дністер,SRC003,2012-12-31_2015-12-31_output,,retain_unchanged,screening_only,,,,
SWM_27358_20151013,27358,2015-10-13,Sulfat,mg/dm3,5469.1,DQ004_GLOBAL_EXTREME_TAIL,review,Value exceeds global P99.9 (3492.32) and is >10x global median where median >0. Screening flag only.,,,"р. В.Куяльник, 8,2 км, с. Руська Слобідка",Річки Причорномор'я,SRC003,2012-12-31_2015-12-31_output,,retain_unchanged,screening_only,,,,
SWM_27358_20151013,27358,2015-10-13,HSK,mgO2/dm3,758.3,DQ004_GLOBAL_EXTREME_TAIL,review,Value exceeds global P99.9 (416.316) and is >10x global median where median >0. Screening flag only.,,,"р. В.Куяльник, 8,2 км, с. Руська Слобідка",Річки Причорномор'я,SRC003,2012-12-31_2015-12-31_output,,retain_unchanged,screening_only,,,,
SWM_27153_20151020,27153,2015-10-20,SPAR,mg/dm3,0.949,DQ004_GLOBAL_EXTREME_TAIL,review,Value exceeds global P99.9 (0.90093) and is >10x global median where median >0. Screening flag only.,,,"р. Кодима, 103 км, м. Балта, сільгосп. в/з",Південний Буг,SRC003,2012-12-31_2015-12-31_output,,retain_unchanged,screening_only,,,,
SWM_27348_20151023,27348,2015-10-23,Sulfat,mg/dm3,6392.2,DQ004_GLOBAL_EXTREME_TAIL,review,Value exceeds global P99.9 (3492.32) and is >10x global median where median >0. Screening flag only.,,,"р. Сарата, 14,3 км, с. Білолісся",Річки Причорномор'я,SRC003,2012-12-31_2015-12-31_output,,retain_unchanged,screening_only,,,,
SWM_27348_20151023,27348,2015-10-23,HSK,mgO2/dm3,464.0,DQ004_GLOBAL_EXTREME_TAIL,review,Value exceeds global P99.9 (416.316) and is >10x global median where median >0. Screening flag only.,,,"р. Сарата, 14,3 км, с. Білолісся",Річки Причорномор'я,SRC003,2012-12-31_2015-12-31_output,,retain_unchanged,screening_only,,,,
SWM_27350_20151023,27350,2015-10-23,Sulfat,mg/dm3,4993.4,DQ004_GLOBAL_EXTREME_TAIL,review,Value exceeds global P99.9 (3492.32) and is >10x global median where median >0. Screening flag only.,,,"р. Когільник, 12 км, с. Новоолексіївка",Річки Причорномор'я,SRC003,2012-12-31_2015-12-31_output,,retain_unchanged,screening_only,,,,
SWM_27353_20151023,27353,2015-10-23,Sulfat,mg/dm3,6962.9,DQ004_GLOBAL_EXTREME_TAIL,review,Value exceeds global P99.9 (3492.32) and is >10x global median where median >0. Screening flag only.,,,"р. Хаджидер, 10,1 км, с. Сергіївка",Річки Причорномор'я,SRC003,2012-12-31_2015-12-31_output,,retain_unchanged,screening_only,,,,
SWM_27138_20151208,27138,2015-12-08,SPAR,mg/dm3,0.94,DQ004_GLOBAL_EXTREME_TAIL,review,Value exceeds global P99.9 (0.90093) and is >10x global median where median >0. Screening flag only.,,,"р. Південний Буг, 569,5 км, 500 м нижче скиду ВОКВП ВКГ ""Вінницяводоканал""   (1,5 км нижче греблі Сабарівського вдсх.)",Південний Буг,SRC003,2012-12-31_2015-12-31_output,,retain_unchanged,screening_only,,,,
SWM_27318_20160209,27318,2016-02-09,Nitrat,mg/dm3,132.0,DQ004_GLOBAL_EXTREME_TAIL,review,Value exceeds global P99.9 (106.16) and is >10x global median where median >0. Screening flag only.,,,"р. Карасулак, 3,3 км, с. Криничне",Дунай,SRC004,2016-01-01_2018-12-31_output,,retain_unchanged,screening_only,,,,
SWM_27241_20160223,27241,2016-02-23,HSK,mgO2/dm3,449.0,DQ004_GLOBAL_EXTREME_TAIL,review,Value exceeds global P99.9 (416.316) and is >10x global median where median >0. Screening flag only.,,,"р. Саджава, 9 км, м. Долина, лівий берег, 20 м нижче моста по дорозі Долина - Болехів",Дністер,SRC004,2016-01-01_2018-12-31_output,,retain_unchanged,screening_only,,,,
SWM_27266_20160223,27266,2016-02-23,BSK5,mgO2/dm3,346.0,DQ004_GLOBAL_EXTREME_TAIL,review,Value exceeds global P99.9 (128) and is >10x global median where median >0. Screening flag only.,,,"р. Кучурган, 6 км, с. Степанівка, впадає в Кучурганський лиман, кордон з Молдовою",Дністер,SRC004,2016-01-01_2018-12-31_output,,retain_unchanged,screening_only,,,,
SWM_27266_20160223,27266,2016-02-23,HSK,mgO2/dm3,602.8,DQ004_GLOBAL_EXTREME_TAIL,review,Value exceeds global P99.9 (416.316) and is >10x global median where median >0. Screening flag only.,,,"р. Кучурган, 6 км, с. Степанівка, впадає в Кучурганський лиман, кордон з Молдовою",Дністер,SRC004,2016-01-01_2018-12-31_output,,retain_unchanged,screening_only,,,,
SWM_27268_20160223,27268,2016-02-23,SPAR,mg/dm3,1.0,DQ004_GLOBAL_EXTREME_TAIL,review,Value exceeds global P99.9 (0.90093) and is >10x global median where median >0. Screening flag only.,,,"р. Кучурган, 0 км, с. Кучургани, Кучурганське вдсх., на східному березі вдсх, 2 км нижче мосту через річку",Дністер,SRC004,2016-01-01_2018-12-31_output,,retain_unchanged,screening_only,,,,
SWM_27329_20160223,27329,2016-02-23,Sulfat,mg/dm3,4384.1,DQ004_GLOBAL_EXTREME_TAIL,review,Value exceeds global P99.9 (3492.32) and is >10x global median where median >0. Screening flag only.,,,"р. Аліяга, 4,8 км, автодорожний  міст",Дунай,SRC004,2016-01-01_2018-12-31_output,,retain_unchanged,screening_only,,,,
SWM_27062_20160407,27062,2016-04-07,Fosfat,mg/dm3,17.8,DQ004_GLOBAL_EXTREME_TAIL,review,Value exceeds global P99.9 (10.8546) and is >10x global median where median >0. Screening flag only.,,,"р. Ворсклиця, 51 км, с. Пожня, Великописарівського р-ну,  а/д міст",Дніпро,SRC004,2016-01-01_2018-12-31_output,,retain_unchanged,screening_only,,,,
SWM_27241_20160419,27241,2016-04-19,BSK5,mgO2/dm3,152.0,DQ004_GLOBAL_EXTREME_TAIL,review,Value exceeds global P99.9 (128) and is >10x global median where median >0. Screening flag only.,,,"р. Саджава, 9 км, м. Долина, лівий берег, 20 м нижче моста по дорозі Долина - Болехів",Дністер,SRC004,2016-01-01_2018-12-31_output,,retain_unchanged,screening_only,,,,
SWM_27241_20160419,27241,2016-04-19,HSK,mgO2/dm3,500.0,DQ004_GLOBAL_EXTREME_TAIL,review,Value exceeds global P99.9 (416.316) and is >10x global median where median >0. Screening flag only.,,,"р. Саджава, 9 км, м. Долина, лівий берег, 20 м нижче моста по дорозі Долина - Болехів",Дністер,SRC004,2016-01-01_2018-12-31_output,,retain_unchanged,screening_only,,,,
SWM_27321_20160419,27321,2016-04-19,HSK,mgO2/dm3,21401.0,DQ004_GLOBAL_EXTREME_TAIL,review,Value exceeds global P99.9 (416.316) and is >10x global median where median >0. Screening flag only.,,,"р. В.Катлабух, 2 км, а/д міст",Дунай,SRC004,2016-01-01_2018-12-31_output,,retain_unchanged,screening_only,,,,
SWM_27322_20160419,27322,2016-04-19,Sulfat,mg/dm3,3775.1,DQ004_GLOBAL_EXTREME_TAIL,review,Value exceeds global P99.9 (3492.32) and is >10x global median where median >0. Screening flag only.,,,"р. М.Катлабух, 2,2 км, автодорожний  міст",Дунай,SRC004,2016-01-01_2018-12-31_output,,retain_unchanged,screening_only,,,,
SWM_27350_20160516,27350,2016-05-16,SPAR,mg/dm3,1.24,DQ004_GLOBAL_EXTREME_TAIL,review,Value exceeds global P99.9 (0.90093) and is >10x global median where median >0. Screening flag only.,,,"р. Когільник, 12 км, с. Новоолексіївка",Річки Причорномор'я,SRC004,2016-01-01_2018-12-31_output,,retain_unchanged,screening_only,,,,
SWM_27353_20160516,27353,2016-05-16,SPAR,mg/dm3,1.08,DQ004_GLOBAL_EXTREME_TAIL,review,Value exceeds global P99.9 (0.90093) and is >10x global median where median >0. Screening flag only.,,,"р. Хаджидер, 10,1 км, с. Сергіївка",Річки Причорномор'я,SRC004,2016-01-01_2018-12-31_output,,retain_unchanged,screening_only,,,,
SWM_27329_20160531,27329,2016-05-31,Sulfat,mg/dm3,3888.7,DQ004_GLOBAL_EXTREME_TAIL,review,Value exceeds global P99.9 (3492.32) and is >10x global median where median >0. Screening flag only.,,,"р. Аліяга, 4,8 км, автодорожний  міст",Дунай,SRC004,2016-01-01_2018-12-31_output,,retain_unchanged,screening_only,,,,
SWM_26996_20160606,26996,2016-06-06,Fosfat,mg/dm3,87.0,DQ004_GLOBAL_EXTREME_TAIL,review,Value exceeds global P99.9 (10.8546) and is >10x global median where median >0. Screening flag only.,,,"р. Івотка, 20 км, с. Івот, а/д міст",Дніпро,SRC004,2016-01-01_2018-12-31_output,,retain_unchanged,screening_only,,,,
SWM_27266_20160808,27266,2016-08-08,SPAR,mg/dm3,1.18,DQ004_GLOBAL_EXTREME_TAIL,review,Value exceeds global P99.9 (0.90093) and is >10x global median where median >0. Screening flag only.,,,"р. Кучурган, 6 км, с. Степанівка, впадає в Кучурганський лиман, кордон з Молдовою",Дністер,SRC004,2016-01-01_2018-12-31_output,,retain_unchanged,screening_only,,,,
SWM_27326_20160919,27326,2016-09-19,Zavisli,mg/dm3,622.0,DQ004_GLOBAL_EXTREME_TAIL,review,Value exceeds global P99.9 (467.01) and is >10x global median where median >0. Screening flag only.,,,"оз. Китай, 0 км, Червоноярська ГНС",Дунай,SRC004,2016-01-01_2018-12-31_output,,retain_unchanged,screening_only,,,,
SWM_27326_20161018,27326,2016-10-18,Zavisli,mg/dm3,599.5,DQ004_GLOBAL_EXTREME_TAIL,review,Value exceeds global P99.9 (467.01) and is >10x global median where median >0. Screening flag only.,,,"оз. Китай, 0 км, Червоноярська ГНС",Дунай,SRC004,2016-01-01_2018-12-31_output,,retain_unchanged,screening_only,,,,
SWM_27266_20161025,27266,2016-10-25,BSK5,mgO2/dm3,199.0,DQ004_GLOBAL_EXTREME_TAIL,review,Value exceeds global P99.9 (128) and is >10x global median where median >0. Screening flag only.,,,"р. Кучурган, 6 км, с. Степанівка, впадає в Кучурганський лиман, кордон з Молдовою",Дністер,SRC004,2016-01-01_2018-12-31_output,,retain_unchanged,screening_only,,,,
SWM_27266_20161025,27266,2016-10-25,HSK,mgO2/dm3,418.8,DQ004_GLOBAL_EXTREME_TAIL,review,Value exceeds global P99.9 (416.316) and is >10x global median where median >0. Screening flag only.,,,"р. Кучурган, 6 км, с. Степанівка, впадає в Кучурганський лиман, кордон з Молдовою",Дністер,SRC004,2016-01-01_2018-12-31_output,,retain_unchanged,screening_only,,,,
SWM_27348_20161101,27348,2016-11-01,Sulfat,mg/dm3,3646.1,DQ004_GLOBAL_EXTREME_TAIL,review,Value exceeds global P99.9 (3492.32) and is >10x global median where median >0. Screening flag only.,,,"р. Сарата, 14,3 км, с. Білолісся",Річки Причорномор'я,SRC004,2016-01-01_2018-12-31_output,,retain_unchanged,screening_only,,,,
SWM_27348_20161101,27348,2016-11-01,Hlorid,mg/dm3,10290.3,DQ004_GLOBAL_EXTREME_TAIL,review,Value exceeds global P99.9 (6859.39) and is >10x global median where median >0. Screening flag only.,,,"р. Сарата, 14,3 км, с. Білолісся",Річки Причорномор'я,SRC004,2016-01-01_2018-12-31_output,,retain_unchanged,screening_only,,,,
SWM_27348_20161101,27348,2016-11-01,HSK,mgO2/dm3,540.4,DQ004_GLOBAL_EXTREME_TAIL,review,Value exceeds global P99.9 (416.316) and is >10x global median where median >0. Screening flag only.,,,"р. Сарата, 14,3 км, с. Білолісся",Річки Причорномор'я,SRC004,2016-01-01_2018-12-31_output,,retain_unchanged,screening_only,,,,
SWM_27353_20161101,27353,2016-11-01,Hlorid,mg/dm3,6861.0,DQ004_GLOBAL_EXTREME_TAIL,review,Value exceeds global P99.9 (6859.39) and is >10x global median where median >0. Screening flag only.,,,"р. Хаджидер, 10,1 км, с. Сергіївка",Річки Причорномор'я,SRC004,2016-01-01_2018-12-31_output,,retain_unchanged,screening_only,,,,
SWM_27355_20161101,27355,2016-11-01,Zavisli,mg/dm3,553.0,DQ004_GLOBAL_EXTREME_TAIL,review,Value exceeds global P99.9 (467.01) and is >10x global median where median >0. Screening flag only.,,,"р. Каплань, 19 км, с. Крутоярівка, кордон з Молдовою",Річки Причорномор'я,SRC004,2016-01-01_2018-12-31_output,,retain_unchanged,screening_only,,,,
SWM_27329_20161108,27329,2016-11-08,Sulfat,mg/dm3,3804.7,DQ004_GLOBAL_EXTREME_TAIL,review,Value exceeds global P99.9 (3492.32) and is >10x global median where median >0. Screening flag only.,,,"р. Аліяга, 4,8 км, автодорожний  міст",Дунай,SRC004,2016-01-01_2018-12-31_output,,retain_unchanged,screening_only,,,,
SWM_27266_20170116,27266,2017-01-16,SPAR,mg/dm3,1.05,DQ004_GLOBAL_EXTREME_TAIL,review,Value exceeds global P99.9 (0.90093) and is >10x global median where median >0. Screening flag only.,,,"р. Кучурган, 6 км, с. Степанівка, впадає в Кучурганський лиман, кордон з Молдовою",Дністер,SRC004,2016-01-01_2018-12-31_output,,retain_unchanged,screening_only,,,,
SWM_27348_20170216,27348,2017-02-16,Hlorid,mg/dm3,9297.4,DQ004_GLOBAL_EXTREME_TAIL,review,Value exceeds global P99.9 (6859.39) and is >10x global median where median >0. Screening flag only.,,,"р. Сарата, 14,3 км, с. Білолісся",Річки Причорномор'я,SRC004,2016-01-01_2018-12-31_output,,retain_unchanged,screening_only,,,,
SWM_27348_20170216,27348,2017-02-16,SPAR,mg/dm3,1.09,DQ004_GLOBAL_EXTREME_TAIL,review,Value exceeds global P99.9 (0.90093) and is >10x global median where median >0. Screening flag only.,,,"р. Сарата, 14,3 км, с. Білолісся",Річки Причорномор'я,SRC004,2016-01-01_2018-12-31_output,,retain_unchanged,screening_only,,,,
SWM_27348_20170216,27348,2017-02-16,HSK,mgO2/dm3,440.0,DQ004_GLOBAL_EXTREME_TAIL,review,Value exceeds global P99.9 (416.316) and is >10x global median where median >0. Screening flag only.,,,"р. Сарата, 14,3 км, с. Білолісся",Річки Причорномор'я,SRC004,2016-01-01_2018-12-31_output,,retain_unchanged,screening_only,,,,
SWM_27266_20170301,27266,2017-03-01,BSK5,mgO2/dm3,130.0,DQ004_GLOBAL_EXTREME_TAIL,review,Value exceeds global P99.9 (128) and is >10x global median where median >0. Screening flag only.,,,"р. Кучурган, 6 км, с. Степанівка, впадає в Кучурганський лиман, кордон з Молдовою",Дністер,SRC004,2016-01-01_2018-12-31_output,,retain_unchanged,screening_only,,,,
SWM_26977_20170424,26977,2017-04-24,Fosfat,mg/dm3,14.98,DQ004_GLOBAL_EXTREME_TAIL,review,Value exceeds global P99.9 (10.8546) and is >10x global median where median >0. Screening flag only.,,,"р. Дніпро, 855 км, Скидний канал БСА",Дніпро,SRC004,2016-01-01_2018-12-31_output,,retain_unchanged,screening_only,,,,
SWM_27132_20170525,27132,2017-05-25,Fosfat,mg/dm3,11.66,DQ004_GLOBAL_EXTREME_TAIL,review,Value exceeds global P99.9 (10.8546) and is >10x global median where median >0. Screening flag only.,,,"р. Південний Буг, 744 км, с. Копистин, нижче м.Хмельницький",Південний Буг,SRC004,2016-01-01_2018-12-31_output,,retain_unchanged,screening_only,,,,
SWM_27354_20170601,27354,2017-06-01,Zavisli,mg/dm3,826.0,DQ004_GLOBAL_EXTREME_TAIL,review,Value exceeds global P99.9 (467.01) and is >10x global median where median >0. Screening flag only.,,,"р. Хаджидер, 68 км, с. Чистоводне, кордон з Молдовою",Річки Причорномор'я,SRC004,2016-01-01_2018-12-31_output,,retain_unchanged,screening_only,,,,
SWM_27118_20170609,27118,2017-06-09,HSK,mgO2/dm3,3232.0,DQ004_GLOBAL_EXTREME_TAIL,review,Value exceeds global P99.9 (416.316) and is >10x global median where median >0. Screening flag only.,,,"р. Інгулець, 393 км, смт. Петрово, Іскрівське вдсх., питний в/з  селища",Дніпро,SRC004,2016-01-01_2018-12-31_output,,retain_unchanged,screening_only,,,,
SWM_27358_20170703,27358,2017-07-03,SPAR,mg/dm3,1.18,DQ004_GLOBAL_EXTREME_TAIL,review,Value exceeds global P99.9 (0.90093) and is >10x global median where median >0. Screening flag only.,,,"р. В.Куяльник, 8,2 км, с. Руська Слобідка",Річки Причорномор'я,SRC004,2016-01-01_2018-12-31_output,,retain_unchanged,screening_only,,,,
SWM_27359_20170703,27359,2017-07-03,SPAR,mg/dm3,0.92,DQ004_GLOBAL_EXTREME_TAIL,review,Value exceeds global P99.9 (0.90093) and is >10x global median where median >0. Screening flag only.,,,"р. М.Куяльник, 8,1 км, с. Бараново",Річки Причорномор'я,SRC004,2016-01-01_2018-12-31_output,,retain_unchanged,screening_only,,,,
SWM_27320_20170815,27320,2017-08-15,Zavisli,mg/dm3,543.0,DQ004_GLOBAL_EXTREME_TAIL,review,Value exceeds global P99.9 (467.01) and is >10x global median where median >0. Screening flag only.,,,"оз. Катлабух, 0 км, Суворовська ГНС",Дунай,SRC004,2016-01-01_2018-12-31_output,,retain_unchanged,screening_only,,,,
SWM_27326_20170815,27326,2017-08-15,Zavisli,mg/dm3,1034.5,DQ004_GLOBAL_EXTREME_TAIL,review,Value exceeds global P99.9 (467.01) and is >10x global median where median >0. Screening flag only.,,,"оз. Китай, 0 км, Червоноярська ГНС",Дунай,SRC004,2016-01-01_2018-12-31_output,,retain_unchanged,screening_only,,,,
SWM_27360_20170906,27360,2017-09-06,SPAR,mg/dm3,1.02,DQ004_GLOBAL_EXTREME_TAIL,review,Value exceeds global P99.9 (0.90093) and is >10x global median where median >0. Screening flag only.,,,"р. Тілігул, 17,5 км, смт. Березівка",Річки Причорномор'я,SRC004,2016-01-01_2018-12-31_output,,retain_unchanged,screening_only,,,,
SWM_27153_20170914,27153,2017-09-14,SPAR,mg/dm3,1.37,DQ004_GLOBAL_EXTREME_TAIL,review,Value exceeds global P99.9 (0.90093) and is >10x global median where median >0. Screening flag only.,,,"р. Кодима, 103 км, м. Балта, сільгосп. в/з",Південний Буг,SRC004,2016-01-01_2018-12-31_output,,retain_unchanged,screening_only,,,,
SWM_27263_20171019,27263,2017-10-19,SPAR,mg/dm3,0.93,DQ004_GLOBAL_EXTREME_TAIL,review,Value exceeds global P99.9 (0.90093) and is >10x global median where median >0. Screening flag only.,,,"р. Окни, 28 км, с. Лабушне, кордон з Молдовою",Дністер,SRC004,2016-01-01_2018-12-31_output,,retain_unchanged,screening_only,,,,
SWM_27266_20171019,27266,2017-10-19,BSK5,mgO2/dm3,146.0,DQ004_GLOBAL_EXTREME_TAIL,review,Value exceeds global P99.9 (128) and is >10x global median where median >0. Screening flag only.,,,"р. Кучурган, 6 км, с. Степанівка, впадає в Кучурганський лиман, кордон з Молдовою",Дністер,SRC004,2016-01-01_2018-12-31_output,,retain_unchanged,screening_only,,,,
SWM_27266_20171019,27266,2017-10-19,SPAR,mg/dm3,0.91,DQ004_GLOBAL_EXTREME_TAIL,review,Value exceeds global P99.9 (0.90093) and is >10x global median where median >0. Screening flag only.,,,"р. Кучурган, 6 км, с. Степанівка, впадає в Кучурганський лиман, кордон з Молдовою",Дністер,SRC004,2016-01-01_2018-12-31_output,,retain_unchanged,screening_only,,,,
SWM_27348_20171103,27348,2017-11-03,Sulfat,mg/dm3,3715.7,DQ004_GLOBAL_EXTREME_TAIL,review,Value exceeds global P99.9 (3492.32) and is >10x global median where median >0. Screening flag only.,,,"р. Сарата, 14,3 км, с. Білолісся",Річки Причорномор'я,SRC004,2016-01-01_2018-12-31_output,,retain_unchanged,screening_only,,,,
SWM_27350_20171103,27350,2017-11-03,SPAR,mg/dm3,1.33,DQ004_GLOBAL_EXTREME_TAIL,review,Value exceeds global P99.9 (0.90093) and is >10x global median where median >0. Screening flag only.,,,"р. Когільник, 12 км, с. Новоолексіївка",Річки Причорномор'я,SRC004,2016-01-01_2018-12-31_output,,retain_unchanged,screening_only,,,,
SWM_27351_20171103,27351,2017-11-03,SPAR,mg/dm3,1.46,DQ004_GLOBAL_EXTREME_TAIL,review,Value exceeds global P99.9 (0.90093) and is >10x global median where median >0. Screening flag only.,,,"р. Когільник, 131 км, с. Серпневе, кордон з Молдовою",Річки Причорномор'я,SRC004,2016-01-01_2018-12-31_output,,retain_unchanged,screening_only,,,,
SWM_27132_20180129,27132,2018-01-29,Amoniy,mg/dm3,35.71,DQ004_GLOBAL_EXTREME_TAIL,review,Value exceeds global P99.9 (27.9369) and is >10x global median where median >0. Screening flag only.,,,"р. Південний Буг, 744 км, с. Копистин, нижче м.Хмельницький",Південний Буг,SRC004,2016-01-01_2018-12-31_output,,retain_unchanged,screening_only,,,,
SWM_27160_20180212,27160,2018-02-12,Fosfat,mg/dm3,406.0,DQ004_GLOBAL_EXTREME_TAIL,review,Value exceeds global P99.9 (10.8546) and is >10x global median where median >0. Screening flag only.,,,"Балка Ташлик, 6 км, Ташлицьке вдсх., став-охолоджувач ПУ АЕС (міст через Ташлицьке вдсх., південь м. Південно-Українськ)",Південний Буг,SRC004,2016-01-01_2018-12-31_output,,retain_unchanged,screening_only,,,,
SWM_27348_20180215,27348,2018-02-15,SPAR,mg/dm3,1.32,DQ004_GLOBAL_EXTREME_TAIL,review,Value exceeds global P99.9 (0.90093) and is >10x global median where median >0. Screening flag only.,,,"р. Сарата, 14,3 км, с. Білолісся",Річки Причорномор'я,SRC004,2016-01-01_2018-12-31_output,,retain_unchanged,screening_only,,,,
SWM_27349_20180215,27349,2018-02-15,SPAR,mg/dm3,1.25,DQ004_GLOBAL_EXTREME_TAIL,review,Value exceeds global P99.9 (0.90093) and is >10x global median where median >0. Screening flag only.,,,"р. Сарата, 94 км, с. Міняйлівка, кордон з Молдовою",Річки Причорномор'я,SRC004,2016-01-01_2018-12-31_output,,retain_unchanged,screening_only,,,,
SWM_27350_20180215,27350,2018-02-15,SPAR,mg/dm3,1.09,DQ004_GLOBAL_EXTREME_TAIL,review,Value exceeds global P99.9 (0.90093) and is >10x global median where median >0. Screening flag only.,,,"р. Когільник, 12 км, с. Новоолексіївка",Річки Причорномор'я,SRC004,2016-01-01_2018-12-31_output,,retain_unchanged,screening_only,,,,
SWM_27351_20180215,27351,2018-02-15,SPAR,mg/dm3,1.46,DQ004_GLOBAL_EXTREME_TAIL,review,Value exceeds global P99.9 (0.90093) and is >10x global median where median >0. Screening flag only.,,,"р. Когільник, 131 км, с. Серпневе, кордон з Молдовою",Річки Причорномор'я,SRC004,2016-01-01_2018-12-31_output,,retain_unchanged,screening_only,,,,
SWM_27352_20180215,27352,2018-02-15,SPAR,mg/dm3,1.07,DQ004_GLOBAL_EXTREME_TAIL,review,Value exceeds global P99.9 (0.90093) and is >10x global median where median >0. Screening flag only.,,,"р. Чага, 66 км, с. Петровка, кордон з Молдовою",Річки Причорномор'я,SRC004,2016-01-01_2018-12-31_output,,retain_unchanged,screening_only,,,,
SWM_27353_20180215,27353,2018-02-15,SPAR,mg/dm3,0.94,DQ004_GLOBAL_EXTREME_TAIL,review,Value exceeds global P99.9 (0.90093) and is >10x global median where median >0. Screening flag only.,,,"р. Хаджидер, 10,1 км, с. Сергіївка",Річки Причорномор'я,SRC004,2016-01-01_2018-12-31_output,,retain_unchanged,screening_only,,,,
SWM_27354_20180215,27354,2018-02-15,SPAR,mg/dm3,1.35,DQ004_GLOBAL_EXTREME_TAIL,review,Value exceeds global P99.9 (0.90093) and is >10x global median where median >0. Screening flag only.,,,"р. Хаджидер, 68 км, с. Чистоводне, кордон з Молдовою",Річки Причорномор'я,SRC004,2016-01-01_2018-12-31_output,,retain_unchanged,screening_only,,,,
SWM_27241_20180221,27241,2018-02-21,BSK5,mgO2/dm3,160.0,DQ004_GLOBAL_EXTREME_TAIL,review,Value exceeds global P99.9 (128) and is >10x global median where median >0. Screening flag only.,,,"р. Саджава, 9 км, м. Долина, лівий берег, 20 м нижче моста по дорозі Долина - Болехів",Дністер,SRC004,2016-01-01_2018-12-31_output,,retain_unchanged,screening_only,,,,
SWM_27241_20180221,27241,2018-02-21,HSK,mgO2/dm3,582.0,DQ004_GLOBAL_EXTREME_TAIL,review,Value exceeds global P99.9 (416.316) and is >10x global median where median >0. Screening flag only.,,,"р. Саджава, 9 км, м. Долина, лівий берег, 20 м нижче моста по дорозі Долина - Болехів",Дністер,SRC004,2016-01-01_2018-12-31_output,,retain_unchanged,screening_only,,,,
SWM_27132_20180222,27132,2018-02-22,Amoniy,mg/dm3,29.768,DQ004_GLOBAL_EXTREME_TAIL,review,Value exceeds global P99.9 (27.9369) and is >10x global median where median >0. Screening flag only.,,,"р. Південний Буг, 744 км, с. Копистин, нижче м.Хмельницький",Південний Буг,SRC004,2016-01-01_2018-12-31_output,,retain_unchanged,screening_only,,,,
SWM_26973_20180423,26973,2018-04-23,Fosfat,mg/dm3,11.4,DQ004_GLOBAL_EXTREME_TAIL,review,Value exceeds global P99.9 (10.8546) and is >10x global median where median >0. Screening flag only.,,,"р. Кізка, 5 км, с.Демидів, вплив зворотних вод ""Агромарс""",Дніпро,SRC004,2016-01-01_2018-12-31_output,,retain_unchanged,screening_only,,,,
SWM_27329_20180515,27329,2018-05-15,Sulfat,mg/dm3,3663.6,DQ004_GLOBAL_EXTREME_TAIL,review,Value exceeds global P99.9 (3492.32) and is >10x global median where median >0. Screening flag only.,,,"р. Аліяга, 4,8 км, автодорожний  міст",Дунай,SRC004,2016-01-01_2018-12-31_output,,retain_unchanged,screening_only,,,,
SWM_26973_20180521,26973,2018-05-21,Amoniy,mg/dm3,31.1,DQ004_GLOBAL_EXTREME_TAIL,review,Value exceeds global P99.9 (27.9369) and is >10x global median where median >0. Screening flag only.,,,"р. Кізка, 5 км, с.Демидів, вплив зворотних вод ""Агромарс""",Дніпро,SRC004,2016-01-01_2018-12-31_output,,retain_unchanged,screening_only,,,,
SWM_26973_20180521,26973,2018-05-21,Fosfat,mg/dm3,20.95,DQ004_GLOBAL_EXTREME_TAIL,review,Value exceeds global P99.9 (10.8546) and is >10x global median where median >0. Screening flag only.,,,"р. Кізка, 5 км, с.Демидів, вплив зворотних вод ""Агромарс""",Дніпро,SRC004,2016-01-01_2018-12-31_output,,retain_unchanged,screening_only,,,,
SWM_27132_20180523,27132,2018-05-23,Amoniy,mg/dm3,30.26,DQ004_GLOBAL_EXTREME_TAIL,review,Value exceeds global P99.9 (27.9369) and is >10x global median where median >0. Screening flag only.,,,"р. Південний Буг, 744 км, с. Копистин, нижче м.Хмельницький",Південний Буг,SRC004,2016-01-01_2018-12-31_output,,retain_unchanged,screening_only,,,,
SWM_27234_20180606,27234,2018-06-06,Amoniy,mg/dm3,29.6,DQ004_GLOBAL_EXTREME_TAIL,review,Value exceeds global P99.9 (27.9369) and is >10x global median where median >0. Screening flag only.,,,"р. Зубра, 30 км, с. Зубра, Пустомитівський р-н (біля кільцевої дороги)",Дністер,SRC004,2016-01-01_2018-12-31_output,,retain_unchanged,screening_only,,,,
SWM_27309_20180606,27309,2018-06-06,Nitrit,mg/dm3,135.0,DQ004_GLOBAL_EXTREME_TAIL,review,Value exceeds global P99.9 (8.10944) and is >10x global median where median >0. Screening flag only.,,,"р. Прут, 759 км, с. Магала, лівий берег, 3 км нижче мосту по дорозі Чернівці-Хотин, 600 м нище скиду стічних вод м. Чернівці",Дунай,SRC004,2016-01-01_2018-12-31_output,,retain_unchanged,screening_only,,,,
SWM_27309_20180606,27309,2018-06-06,Fosfat,mg/dm3,26.0,DQ004_GLOBAL_EXTREME_TAIL,review,Value exceeds global P99.9 (10.8546) and is >10x global median where median >0. Screening flag only.,,,"р. Прут, 759 км, с. Магала, лівий берег, 3 км нижче мосту по дорозі Чернівці-Хотин, 600 м нище скиду стічних вод м. Чернівці",Дунай,SRC004,2016-01-01_2018-12-31_output,,retain_unchanged,screening_only,,,,
SWM_27133_20180614,27133,2018-06-14,Fosfat,mg/dm3,13.879,DQ004_GLOBAL_EXTREME_TAIL,review,Value exceeds global P99.9 (10.8546) and is >10x global median where median >0. Screening flag only.,,,"р. Південний Буг, 711 км,  смт. Меджибіж, Меджибіжське вдсх.",Південний Буг,SRC004,2016-01-01_2018-12-31_output,,retain_unchanged,screening_only,,,,
SWM_27063_20180703,27063,2018-07-03,Fitoplan,thousand cells/dm3,429412.0,DQ004_GLOBAL_EXTREME_TAIL,review,Value exceeds global P99.9 (412274) and is >10x global median where median >0. Screening flag only.,,,"канал Дніпро-Донбас, 0,5 км, с. Шульгівка, після ГВК Дніпро-Донбас",Дніпро,SRC004,2016-01-01_2018-12-31_output,,retain_unchanged,screening_only,,,,
SWM_27355_20180717,27355,2018-07-17,Nitrat,mg/dm3,111.96,DQ004_GLOBAL_EXTREME_TAIL,review,Value exceeds global P99.9 (106.16) and is >10x global median where median >0. Screening flag only.,,,"р. Каплань, 19 км, с. Крутоярівка, кордон з Молдовою",Річки Причорномор'я,SRC004,2016-01-01_2018-12-31_output,,retain_unchanged,screening_only,,,,
SWM_27133_20180718,27133,2018-07-18,Fosfat,mg/dm3,13.127,DQ004_GLOBAL_EXTREME_TAIL,review,Value exceeds global P99.9 (10.8546) and is >10x global median where median >0. Screening flag only.,,,"р. Південний Буг, 711 км,  смт. Меджибіж, Меджибіжське вдсх.",Південний Буг,SRC004,2016-01-01_2018-12-31_output,,retain_unchanged,screening_only,,,,
SWM_27132_20180816,27132,2018-08-16,Fosfat,mg/dm3,11.59,DQ004_GLOBAL_EXTREME_TAIL,review,Value exceeds global P99.9 (10.8546) and is >10x global median where median >0. Screening flag only.,,,"р. Південний Буг, 744 км, с. Копистин, нижче м.Хмельницький",Південний Буг,SRC004,2016-01-01_2018-12-31_output,,retain_unchanged,screening_only,,,,
SWM_26977_20180827,26977,2018-08-27,Fosfat,mg/dm3,14.0,DQ004_GLOBAL_EXTREME_TAIL,review,Value exceeds global P99.9 (10.8546) and is >10x global median where median >0. Screening flag only.,,,"р. Дніпро, 855 км, Скидний канал БСА",Дніпро,SRC004,2016-01-01_2018-12-31_output,,retain_unchanged,screening_only,,,,
SWM_27326_20180904,27326,2018-09-04,Zavisli,mg/dm3,487.5,DQ004_GLOBAL_EXTREME_TAIL,review,Value exceeds global P99.9 (467.01) and is >10x global median where median >0. Screening flag only.,,,"оз. Китай, 0 км, Червоноярська ГНС",Дунай,SRC004,2016-01-01_2018-12-31_output,,retain_unchanged,screening_only,,,,
SWM_27329_20180918,27329,2018-09-18,Sulfat,mg/dm3,4519.9,DQ004_GLOBAL_EXTREME_TAIL,review,Value exceeds global P99.9 (3492.32) and is >10x global median where median >0. Screening flag only.,,,"р. Аліяга, 4,8 км, автодорожний  міст",Дунай,SRC004,2016-01-01_2018-12-31_output,,retain_unchanged,screening_only,,,,
SWM_27323_20181009,27323,2018-10-09,Sulfat,mg/dm3,4316.6,DQ004_GLOBAL_EXTREME_TAIL,review,Value exceeds global P99.9 (3492.32) and is >10x global median where median >0. Screening flag only.,,,"р. Єніка, 0,1 км, с. Першотравневе, 0,1 км, гирло,",Дунай,SRC004,2016-01-01_2018-12-31_output,,retain_unchanged,screening_only,,,,
SWM_27119_20181017,27119,2018-10-17,Nitrit,mg/dm3,8.27,DQ004_GLOBAL_EXTREME_TAIL,review,Value exceeds global P99.9 (8.10944) and is >10x global median where median >0. Screening flag only.,,,"р. Інгулець, 373 км, с. Іскрівка, нижче впадіння р. Жовта",Дніпро,SRC004,2016-01-01_2018-12-31_output,,retain_unchanged,screening_only,,,,
SWM_27322_20181106,27322,2018-11-06,Sulfat,mg/dm3,3982.9,DQ004_GLOBAL_EXTREME_TAIL,review,Value exceeds global P99.9 (3492.32) and is >10x global median where median >0. Screening flag only.,,,"р. М.Катлабух, 2,2 км, автодорожний  міст",Дунай,SRC004,2016-01-01_2018-12-31_output,,retain_unchanged,screening_only,,,,
SWM_27329_20181106,27329,2018-11-06,Sulfat,mg/dm3,4466.8,DQ004_GLOBAL_EXTREME_TAIL,review,Value exceeds global P99.9 (3492.32) and is >10x global median where median >0. Screening flag only.,,,"р. Аліяга, 4,8 км, автодорожний  міст",Дунай,SRC004,2016-01-01_2018-12-31_output,,retain_unchanged,screening_only,,,,
SWM_27353_20181107,27353,2018-11-07,Sulfat,mg/dm3,3519.8,DQ004_GLOBAL_EXTREME_TAIL,review,Value exceeds global P99.9 (3492.32) and is >10x global median where median >0. Screening flag only.,,,"р. Хаджидер, 10,1 км, с. Сергіївка",Річки Причорномор'я,SRC004,2016-01-01_2018-12-31_output,,retain_unchanged,screening_only,,,,
SWM_27355_20181107,27355,2018-11-07,Nitrat,mg/dm3,112.24,DQ004_GLOBAL_EXTREME_TAIL,review,Value exceeds global P99.9 (106.16) and is >10x global median where median >0. Screening flag only.,,,"р. Каплань, 19 км, с. Крутоярівка, кордон з Молдовою",Річки Причорномор'я,SRC004,2016-01-01_2018-12-31_output,,retain_unchanged,screening_only,,,,
SWM_27132_20181121,27132,2018-11-21,Amoniy,mg/dm3,39.427,DQ004_GLOBAL_EXTREME_TAIL,review,Value exceeds global P99.9 (27.9369) and is >10x global median where median >0. Screening flag only.,,,"р. Південний Буг, 744 км, с. Копистин, нижче м.Хмельницький",Південний Буг,SRC004,2016-01-01_2018-12-31_output,,retain_unchanged,screening_only,,,,
SWM_27222_20190507,27222,2019-05-07,Zavisli,mg/dm3,1442.0,DQ004_GLOBAL_EXTREME_TAIL,review,Value exceeds global P99.9 (467.01) and is >10x global median where median >0. Screening flag only.,,,"р. Дністер, 936 км, м. Заліщики, в/з, прав. берег, 50 м нижче мосту через річку по дорозі Чернівці - Тернопіль",Дністер,SRC006,2019-04-01_2019-06-30_output,,retain_unchanged,screening_only,,,,
SWM_27223_20190507,27223,2019-05-07,Zavisli,mg/dm3,1273.0,DQ004_GLOBAL_EXTREME_TAIL,review,Value exceeds global P99.9 (467.01) and is >10x global median where median >0. Screening flag only.,,,"р. Дністер, 900 км, с. Митків, правий берег, 200 м вище станції першого підйому в/з м. Чернівці",Дністер,SRC006,2019-04-01_2019-06-30_output,,retain_unchanged,screening_only,,,,
SWM_27224_20190507,27224,2019-05-07,Zavisli,mg/dm3,1128.0,DQ004_GLOBAL_EXTREME_TAIL,review,Value exceeds global P99.9 (467.01) and is >10x global median where median >0. Screening flag only.,,,"р. Дністер, 826 км, м. Хотин, в/з, лівий берег, 600 м вище мосту дороги Чернівці-Камян.-Под.",Дністер,SRC006,2019-04-01_2019-06-30_output,,retain_unchanged,screening_only,,,,
SWM_27304_20190507,27304,2019-05-07,Zavisli,mg/dm3,1012.0,DQ004_GLOBAL_EXTREME_TAIL,review,Value exceeds global P99.9 (467.01) and is >10x global median where median >0. Screening flag only.,,,"р. Сірет, 448 км, м. Сторожинець, в/з",Дунай,SRC006,2019-04-01_2019-06-30_output,,retain_unchanged,screening_only,,,,
SWM_27308_20190507,27308,2019-05-07,Zavisli,mg/dm3,1567.0,DQ004_GLOBAL_EXTREME_TAIL,review,Value exceeds global P99.9 (467.01) and is >10x global median where median >0. Screening flag only.,,,"р. Прут, 772 км, с.Ленківці, в/з м. Чернівці, лівий берег, 500 м вище мосту по дорозі на Чернівці",Дунай,SRC006,2019-04-01_2019-06-30_output,,retain_unchanged,screening_only,,,,
SWM_27303_20190508,27303,2019-05-08,Zavisli,mg/dm3,950.0,DQ004_GLOBAL_EXTREME_TAIL,review,Value exceeds global P99.9 (467.01) and is >10x global median where median >0. Screening flag only.,,,"р. Сірет, 418 км, с. Черепківці, міст, прикордонна зона з Румунією",Дунай,SRC006,2019-04-01_2019-06-30_output,,retain_unchanged,screening_only,,,,
SWM_27310_20190508,27310,2019-05-08,Zavisli,mg/dm3,2702.0,DQ004_GLOBAL_EXTREME_TAIL,review,Value exceeds global P99.9 (467.01) and is >10x global median where median >0. Screening flag only.,,,"р. Прут, 712 км, с. Тарасівці, (міст) – Орофтяни, прикордонна зона з Румунією",Дунай,SRC006,2019-04-01_2019-06-30_output,,retain_unchanged,screening_only,,,,
SWM_26989_20191030,26989,2019-10-30,Fosfat,mg/dm3,11.15,DQ004_GLOBAL_EXTREME_TAIL,review,Value exceeds global P99.9 (10.8546) and is >10x global median where median >0. Screening flag only.,,,"р. Бобрик, 13 км, смт. Середина-Буда, 13 км, , а/д міст,  кордон з Росією",Дніпро,SRC008,2019-10-01_2019-12-31_output,,retain_unchanged,screening_only,,,,
SWM_27328_20200120,27328,2020-01-20,Nitrat,mg/dm3,109.25,DQ004_GLOBAL_EXTREME_TAIL,review,Value exceeds global P99.9 (106.16) and is >10x global median where median >0. Screening flag only.,,,"р. Киргиж-Китай, 49 км, с. М. Ярославець, кордон з Молдовою",Дунай,SRC009,2020-01-01_2020-03-31_output,,retain_unchanged,screening_only,,,,
SWM_27263_20200224,27263,2020-02-24,BSK5,mgO2/dm3,157.4,DQ004_GLOBAL_EXTREME_TAIL,review,Value exceeds global P99.9 (128) and is >10x global median where median >0. Screening flag only.,,,"р. Окни, 28 км, с. Лабушне, кордон з Молдовою",Дністер,SRC009,2020-01-01_2020-03-31_output,,retain_unchanged,screening_only,,,,
SWM_27263_20200224,27263,2020-02-24,HSK,mgO2/dm3,430.0,DQ004_GLOBAL_EXTREME_TAIL,review,Value exceeds global P99.9 (416.316) and is >10x global median where median >0. Screening flag only.,,,"р. Окни, 28 км, с. Лабушне, кордон з Молдовою",Дністер,SRC009,2020-01-01_2020-03-31_output,,retain_unchanged,screening_only,,,,
SWM_27263_20200323,27263,2020-03-23,BSK5,mgO2/dm3,209.0,DQ004_GLOBAL_EXTREME_TAIL,review,Value exceeds global P99.9 (128) and is >10x global median where median >0. Screening flag only.,,,"р. Окни, 28 км, с. Лабушне, кордон з Молдовою",Дністер,SRC009,2020-01-01_2020-03-31_output,,retain_unchanged,screening_only,,,,
SWM_27263_20200323,27263,2020-03-23,HSK,mgO2/dm3,997.0,DQ004_GLOBAL_EXTREME_TAIL,review,Value exceeds global P99.9 (416.316) and is >10x global median where median >0. Screening flag only.,,,"р. Окни, 28 км, с. Лабушне, кордон з Молдовою",Дністер,SRC009,2020-01-01_2020-03-31_output,,retain_unchanged,screening_only,,,,
SWM_27263_20200423,27263,2020-04-23,BSK5,mgO2/dm3,200.0,DQ004_GLOBAL_EXTREME_TAIL,review,Value exceeds global P99.9 (128) and is >10x global median where median >0. Screening flag only.,,,"р. Окни, 28 км, с. Лабушне, кордон з Молдовою",Дністер,SRC010,2020-04-01_2020-06-30_output,,retain_unchanged,screening_only,,,,
SWM_27263_20200423,27263,2020-04-23,HSK,mgO2/dm3,740.0,DQ004_GLOBAL_EXTREME_TAIL,review,Value exceeds global P99.9 (416.316) and is >10x global median where median >0. Screening flag only.,,,"р. Окни, 28 км, с. Лабушне, кордон з Молдовою",Дністер,SRC010,2020-04-01_2020-06-30_output,,retain_unchanged,screening_only,,,,
SWM_37866_20200518,37866,2020-05-18,Nitrat,mg/dm3,122.3,DQ004_GLOBAL_EXTREME_TAIL,review,Value exceeds global P99.9 (106.16) and is >10x global median where median >0. Screening flag only.,,,"р. Нерушай, 29,2 км, с. Баштанівка, у межах с. Баштанівка",Дунай,SRC010,2020-04-01_2020-06-30_output,,retain_unchanged,screening_only,,,,
SWM_27263_20200525,27263,2020-05-25,BSK5,mgO2/dm3,190.0,DQ004_GLOBAL_EXTREME_TAIL,review,Value exceeds global P99.9 (128) and is >10x global median where median >0. Screening flag only.,,,"р. Окни, 28 км, с. Лабушне, кордон з Молдовою",Дністер,SRC010,2020-04-01_2020-06-30_output,,retain_unchanged,screening_only,,,,
SWM_27263_20200525,27263,2020-05-25,Zavisli,mg/dm3,556.0,DQ004_GLOBAL_EXTREME_TAIL,review,Value exceeds global P99.9 (467.01) and is >10x global median where median >0. Screening flag only.,,,"р. Окни, 28 км, с. Лабушне, кордон з Молдовою",Дністер,SRC010,2020-04-01_2020-06-30_output,,retain_unchanged,screening_only,,,,
SWM_27326_20200615,27326,2020-06-15,BSK5,mgO2/dm3,200.0,DQ004_GLOBAL_EXTREME_TAIL,review,Value exceeds global P99.9 (128) and is >10x global median where median >0. Screening flag only.,,,"оз. Китай, 0 км, Червоноярська ГНС",Дунай,SRC010,2020-04-01_2020-06-30_output,,retain_unchanged,screening_only,,,,
SWM_27263_20200622,27263,2020-06-22,Amoniy,mg/dm3,85.0,DQ004_GLOBAL_EXTREME_TAIL,review,Value exceeds global P99.9 (27.9369) and is >10x global median where median >0. Screening flag only.,,,"р. Окни, 28 км, с. Лабушне, кордон з Молдовою",Дністер,SRC010,2020-04-01_2020-06-30_output,,retain_unchanged,screening_only,,,,
SWM_27263_20200622,27263,2020-06-22,Fosfat,mg/dm3,12.39,DQ004_GLOBAL_EXTREME_TAIL,review,Value exceeds global P99.9 (10.8546) and is >10x global median where median >0. Screening flag only.,,,"р. Окни, 28 км, с. Лабушне, кордон з Молдовою",Дністер,SRC010,2020-04-01_2020-06-30_output,,retain_unchanged,screening_only,,,,
SWM_26989_20200818,26989,2020-08-18,Fosfat,mg/dm3,11.3,DQ004_GLOBAL_EXTREME_TAIL,review,Value exceeds global P99.9 (10.8546) and is >10x global median where median >0. Screening flag only.,,,"р. Бобрик, 13 км, смт. Середина-Буда, 13 км, , а/д міст,  кордон з Росією",Дніпро,SRC011,2020-07-01_2020-09-30_output,,retain_unchanged,screening_only,,,,
SWM_27266_20200825,27266,2020-08-25,Sulfat,mg/dm3,3651.0,DQ004_GLOBAL_EXTREME_TAIL,review,Value exceeds global P99.9 (3492.32) and is >10x global median where median >0. Screening flag only.,,,"р. Кучурган, 6 км, с. Степанівка, впадає в Кучурганський лиман, кордон з Молдовою",Дністер,SRC011,2020-07-01_2020-09-30_output,,retain_unchanged,screening_only,,,,
SWM_27320_20200915,27320,2020-09-15,BSK5,mgO2/dm3,142.0,DQ004_GLOBAL_EXTREME_TAIL,review,Value exceeds global P99.9 (128) and is >10x global median where median >0. Screening flag only.,,,"оз. Катлабух, 0 км, Суворовська ГНС",Дунай,SRC011,2020-07-01_2020-09-30_output,,retain_unchanged,screening_only,,,,
SWM_27326_20201012,27326,2020-10-12,BSK5,mgO2/dm3,134.2,DQ004_GLOBAL_EXTREME_TAIL,review,Value exceeds global P99.9 (128) and is >10x global median where median >0. Screening flag only.,,,"оз. Китай, 0 км, Червоноярська ГНС",Дунай,SRC012,2020-10-01_2020-12-31_output,,retain_unchanged,screening_only,,,,
SWM_27326_20201012,27326,2020-10-12,Sulfat,mg/dm3,4174.7,DQ004_GLOBAL_EXTREME_TAIL,review,Value exceeds global P99.9 (3492.32) and is >10x global median where median >0. Screening flag only.,,,"оз. Китай, 0 км, Червоноярська ГНС",Дунай,SRC012,2020-10-01_2020-12-31_output,,retain_unchanged,screening_only,,,,
SWM_27266_20201116,27266,2020-11-16,Sulfat,mg/dm3,3830.1,DQ004_GLOBAL_EXTREME_TAIL,review,Value exceeds global P99.9 (3492.32) and is >10x global median where median >0. Screening flag only.,,,"р. Кучурган, 6 км, с. Степанівка, впадає в Кучурганський лиман, кордон з Молдовою",Дністер,SRC012,2020-10-01_2020-12-31_output,,retain_unchanged,screening_only,,,,
SWM_26989_20201209,26989,2020-12-09,Fosfat,mg/dm3,13.8,DQ004_GLOBAL_EXTREME_TAIL,review,Value exceeds global P99.9 (10.8546) and is >10x global median where median >0. Screening flag only.,,,"р. Бобрик, 13 км, смт. Середина-Буда, 13 км, , а/д міст,  кордон з Росією",Дніпро,SRC012,2020-10-01_2020-12-31_output,,retain_unchanged,screening_only,,,,
SWM_27328_20210118,27328,2021-01-18,Azot,mg/dm3,62.94,DQ004_GLOBAL_EXTREME_TAIL,review,Value exceeds global P99.9 (54.1341) and is >10x global median where median >0. Screening flag only.,,,"р. Киргиж-Китай, 49 км, с. М. Ярославець, кордон з Молдовою",Дунай,SRC013,2021-01-01_2021-03_31-q1,,retain_unchanged,screening_only,,,,
SWM_27328_20210118,27328,2021-01-18,Nitrat,mg/dm3,270.0,DQ004_GLOBAL_EXTREME_TAIL,review,Value exceeds global P99.9 (106.16) and is >10x global median where median >0. Screening flag only.,,,"р. Киргиж-Китай, 49 км, с. М. Ярославець, кордон з Молдовою",Дунай,SRC013,2021-01-01_2021-03_31-q1,,retain_unchanged,screening_only,,,,
SWM_37866_20210118,37866,2021-01-18,Nitrat,mg/dm3,152.0,DQ004_GLOBAL_EXTREME_TAIL,review,Value exceeds global P99.9 (106.16) and is >10x global median where median >0. Screening flag only.,,,"р. Нерушай, 29,2 км, с. Баштанівка, у межах с. Баштанівка",Дунай,SRC013,2021-01-01_2021-03_31-q1,,retain_unchanged,screening_only,,,,
SWM_27328_20210315,27328,2021-03-15,Nitrat,mg/dm3,111.2,DQ004_GLOBAL_EXTREME_TAIL,review,Value exceeds global P99.9 (106.16) and is >10x global median where median >0. Screening flag only.,,,"р. Киргиж-Китай, 49 км, с. М. Ярославець, кордон з Молдовою",Дунай,SRC013,2021-01-01_2021-03_31-q1,,retain_unchanged,screening_only,,,,
SWM_37866_20210315,37866,2021-03-15,Nitrat,mg/dm3,117.0,DQ004_GLOBAL_EXTREME_TAIL,review,Value exceeds global P99.9 (106.16) and is >10x global median where median >0. Screening flag only.,,,"р. Нерушай, 29,2 км, с. Баштанівка, у межах с. Баштанівка",Дунай,SRC013,2021-01-01_2021-03_31-q1,,retain_unchanged,screening_only,,,,
SWM_37866_20210413,37866,2021-04-13,Nitrat,mg/dm3,126.0,DQ004_GLOBAL_EXTREME_TAIL,review,Value exceeds global P99.9 (106.16) and is >10x global median where median >0. Screening flag only.,,,"р. Нерушай, 29,2 км, с. Баштанівка, у межах с. Баштанівка",Дунай,SRC014,2021-04-01_2021-04-30_output,,retain_unchanged,screening_only,,,,
SWM_27326_20210524,27326,2021-05-24,Nitrat,mg/dm3,131.0,DQ004_GLOBAL_EXTREME_TAIL,review,Value exceeds global P99.9 (106.16) and is >10x global median where median >0. Screening flag only.,,,"оз. Китай, 0 км, Червоноярська ГНС",Дунай,SRC015,2021-05-01_2021-05-31_output,,retain_unchanged,screening_only,,,,
SWM_27326_20210614,27326,2021-06-14,Nitrat,mg/dm3,131.0,DQ004_GLOBAL_EXTREME_TAIL,review,Value exceeds global P99.9 (106.16) and is >10x global median where median >0. Screening flag only.,,,"оз. Китай, 0 км, Червоноярська ГНС",Дунай,SRC016,2021-06-01_2021-06-30_output,,retain_unchanged,screening_only,,,,
SWM_27326_20210712,27326,2021-07-12,Nitrat,mg/dm3,126.0,DQ004_GLOBAL_EXTREME_TAIL,review,Value exceeds global P99.9 (106.16) and is >10x global median where median >0. Screening flag only.,,,"оз. Китай, 0 км, Червоноярська ГНС",Дунай,SRC017,2021-07-01_2021-07-31_output,,retain_unchanged,screening_only,,,,
SWM_27328_20210712,27328,2021-07-12,Azot,mg/dm3,1421.0,DQ004_GLOBAL_EXTREME_TAIL,review,Value exceeds global P99.9 (54.1341) and is >10x global median where median >0. Screening flag only.,,,"р. Киргиж-Китай, 49 км, с. М. Ярославець, кордон з Молдовою",Дунай,SRC017,2021-07-01_2021-07-31_output,,retain_unchanged,screening_only,,,,
SWM_27027_20210907,27027,2021-09-07,Atrazin,mg/dm3,0.42773,DQ004_GLOBAL_EXTREME_TAIL,review,Value exceeds global P99.9 (0.311976) and is >10x global median where median >0. Screening flag only.,,,"р. Рось, 64 км,   м.Корсунь-Шевченківський, питний в/з",Дніпро,SRC019,2021-09-01_2021-09-30_output,,retain_unchanged,screening_only,,,,
SWM_27328_20211108,27328,2021-11-08,Nitrat,mg/dm3,113.18,DQ004_GLOBAL_EXTREME_TAIL,review,Value exceeds global P99.9 (106.16) and is >10x global median where median >0. Screening flag only.,,,"р. Киргиж-Китай, 49 км, с. М. Ярославець, кордон з Молдовою",Дунай,SRC021,2021-11-01_2021-11-30_output,,retain_unchanged,screening_only,,,,
SWM_27355_20211108,27355,2021-11-08,Nitrat,mg/dm3,107.4,DQ004_GLOBAL_EXTREME_TAIL,review,Value exceeds global P99.9 (106.16) and is >10x global median where median >0. Screening flag only.,,,"р. Каплань, 19 км, с. Крутоярівка, кордон з Молдовою",Річки Причорномор'я,SRC021,2021-11-01_2021-11-30_output,,retain_unchanged,screening_only,,,,
SWM_26968_20211221,26968,2021-12-21,Kisen,mg/dm3,312.0,DQ004_GLOBAL_EXTREME_TAIL,review,Value exceeds global P99.9 (19.3735) and is >10x global median where median >0. Screening flag only.,,,"р. Ірша, 31 км, м. Малин, питний в/з міста",Дніпро,SRC022,2021-12-01_2021-12-31_output,,retain_unchanged,screening_only,,,,
SWM_27328_20220117,27328,2022-01-17,Nitrat,mg/dm3,112.3,DQ004_GLOBAL_EXTREME_TAIL,review,Value exceeds global P99.9 (106.16) and is >10x global median where median >0. Screening flag only.,,,"р. Киргиж-Китай, 49 км, с. М. Ярославець, кордон з Молдовою",Дунай,SRC023,2022-01-01_2022-01-31_output,,retain_unchanged,screening_only,,,,
SWM_27027_20220201,27027,2022-02-01,Atrazin,mg/dm3,0.9811,DQ004_GLOBAL_EXTREME_TAIL,review,Value exceeds global P99.9 (0.311976) and is >10x global median where median >0. Screening flag only.,,,"р. Рось, 64 км,  м.Корсунь-Шевченківський, питний в/з",Дніпро,SRC024,2022-02-01_2022-02-28_output,,retain_unchanged,screening_only,,,,
SWM_38409_20220214,38409,2022-02-14,Azot,mg/dm3,94.0,DQ004_GLOBAL_EXTREME_TAIL,review,Value exceeds global P99.9 (54.1341) and is >10x global median where median >0. Screening flag only.,,,"р.Кропивник, 12 км, с. Мостище, автодорожний міст, вплив Домбровського карєру",Дністер,SRC024,2022-02-01_2022-02-28_output,,retain_unchanged,screening_only,,,,
SWM_38409_20220214,38409,2022-02-14,Hlorid,mg/dm3,7226.0,DQ004_GLOBAL_EXTREME_TAIL,review,Value exceeds global P99.9 (6859.39) and is >10x global median where median >0. Screening flag only.,,,"р.Кропивник, 12 км, с. Мостище, автодорожний міст, вплив Домбровського карєру",Дністер,SRC024,2022-02-01_2022-02-28_output,,retain_unchanged,screening_only,,,,
SWM_38409_20220214,38409,2022-02-14,Nitrat,mg/dm3,290.0,DQ004_GLOBAL_EXTREME_TAIL,review,Value exceeds global P99.9 (106.16) and is >10x global median where median >0. Screening flag only.,,,"р.Кропивник, 12 км, с. Мостище, автодорожний міст, вплив Домбровського карєру",Дністер,SRC024,2022-02-01_2022-02-28_output,,retain_unchanged,screening_only,,,,
SWM_38409_20220214,38409,2022-02-14,HSK,mgO2/dm3,440.0,DQ004_GLOBAL_EXTREME_TAIL,review,Value exceeds global P99.9 (416.316) and is >10x global median where median >0. Screening flag only.,,,"р.Кропивник, 12 км, с. Мостище, автодорожний міст, вплив Домбровського карєру",Дністер,SRC024,2022-02-01_2022-02-28_output,,retain_unchanged,screening_only,,,,
SWM_27328_20220315,27328,2022-03-15,Nitrat,mg/dm3,108.5,DQ004_GLOBAL_EXTREME_TAIL,review,Value exceeds global P99.9 (106.16) and is >10x global median where median >0. Screening flag only.,,,"р. Киргиж-Китай, 49 км, с. М. Ярославець, кордон з Молдовою",Дунай,SRC025,2022-03-01_2022-03-31_output,,retain_unchanged,screening_only,,,,
SWM_38409_20220324,38409,2022-03-24,Azot,mg/dm3,85.0,DQ004_GLOBAL_EXTREME_TAIL,review,Value exceeds global P99.9 (54.1341) and is >10x global median where median >0. Screening flag only.,,,"р.Кропивник, 12 км, с. Мостище, автодорожний міст, вплив Домбровського карєру",Дністер,SRC025,2022-03-01_2022-03-31_output,,retain_unchanged,screening_only,,,,
SWM_38409_20220324,38409,2022-03-24,Hlorid,mg/dm3,8256.0,DQ004_GLOBAL_EXTREME_TAIL,review,Value exceeds global P99.9 (6859.39) and is >10x global median where median >0. Screening flag only.,,,"р.Кропивник, 12 км, с. Мостище, автодорожний міст, вплив Домбровського карєру",Дністер,SRC025,2022-03-01_2022-03-31_output,,retain_unchanged,screening_only,,,,
SWM_38409_20220324,38409,2022-03-24,Nitrat,mg/dm3,295.0,DQ004_GLOBAL_EXTREME_TAIL,review,Value exceeds global P99.9 (106.16) and is >10x global median where median >0. Screening flag only.,,,"р.Кропивник, 12 км, с. Мостище, автодорожний міст, вплив Домбровського карєру",Дністер,SRC025,2022-03-01_2022-03-31_output,,retain_unchanged,screening_only,,,,
SWM_38409_20220324,38409,2022-03-24,HSK,mgO2/dm3,420.0,DQ004_GLOBAL_EXTREME_TAIL,review,Value exceeds global P99.9 (416.316) and is >10x global median where median >0. Screening flag only.,,,"р.Кропивник, 12 км, с. Мостище, автодорожний міст, вплив Домбровського карєру",Дністер,SRC025,2022-03-01_2022-03-31_output,,retain_unchanged,screening_only,,,,
SWM_38409_20220404,38409,2022-04-04,Azot,mg/dm3,69.0,DQ004_GLOBAL_EXTREME_TAIL,review,Value exceeds global P99.9 (54.1341) and is >10x global median where median >0. Screening flag only.,,,"р.Кропивник, 12 км, с. Мостище, автодорожний міст, вплив Домбровського карєру",Дністер,SRC026,2022-04-01_2022-04-30_output,,retain_unchanged,screening_only,,,,
SWM_38409_20220404,38409,2022-04-04,Nitrat,mg/dm3,193.0,DQ004_GLOBAL_EXTREME_TAIL,review,Value exceeds global P99.9 (106.16) and is >10x global median where median >0. Screening flag only.,,,"р.Кропивник, 12 км, с. Мостище, автодорожний міст, вплив Домбровського карєру",Дністер,SRC026,2022-04-01_2022-04-30_output,,retain_unchanged,screening_only,,,,
SWM_38409_20220517,38409,2022-05-17,Azot,mg/dm3,109.0,DQ004_GLOBAL_EXTREME_TAIL,review,Value exceeds global P99.9 (54.1341) and is >10x global median where median >0. Screening flag only.,,,"р.Кропивник, 12 км, с. Мостище, автодорожний міст, вплив Домбровського карєру",Дністер,SRC027,2022-05-01_2022-05-31_output,,retain_unchanged,screening_only,,,,
SWM_38409_20220517,38409,2022-05-17,Hlorid,mg/dm3,11420.0,DQ004_GLOBAL_EXTREME_TAIL,review,Value exceeds global P99.9 (6859.39) and is >10x global median where median >0. Screening flag only.,,,"р.Кропивник, 12 км, с. Мостище, автодорожний міст, вплив Домбровського карєру",Дністер,SRC027,2022-05-01_2022-05-31_output,,retain_unchanged,screening_only,,,,
SWM_38409_20220517,38409,2022-05-17,Nitrat,mg/dm3,411.0,DQ004_GLOBAL_EXTREME_TAIL,review,Value exceeds global P99.9 (106.16) and is >10x global median where median >0. Screening flag only.,,,"р.Кропивник, 12 км, с. Мостище, автодорожний міст, вплив Домбровського карєру",Дністер,SRC027,2022-05-01_2022-05-31_output,,retain_unchanged,screening_only,,,,
SWM_38409_20220517,38409,2022-05-17,HSK,mgO2/dm3,520.0,DQ004_GLOBAL_EXTREME_TAIL,review,Value exceeds global P99.9 (416.316) and is >10x global median where median >0. Screening flag only.,,,"р.Кропивник, 12 км, с. Мостище, автодорожний міст, вплив Домбровського карєру",Дністер,SRC027,2022-05-01_2022-05-31_output,,retain_unchanged,screening_only,,,,
SWM_38379_20220607,38379,2022-06-07,Nitrat,mg/dm3,478.0,DQ004_GLOBAL_EXTREME_TAIL,review,Value exceeds global P99.9 (106.16) and is >10x global median where median >0. Screening flag only.,,,"р. Дністер, 566,3 км, нижче скиду ДП «Ямпільводоканал» КП «Вінницяоблводоканал», кордон з Молдовою",Дністер,SRC028,2022-06-01_2022-06-30_output,,retain_unchanged,screening_only,,,,
SWM_37921_20220614,37921,2022-06-14,Atrazin,mg/dm3,1.25,DQ004_GLOBAL_EXTREME_TAIL,review,Value exceeds global P99.9 (0.311976) and is >10x global median where median >0. Screening flag only.,,,"р. Мукша, 12 км, с. Нова Слобідка, територія Національного природного парку ""Подільські Товтри"", вплив скиду КП ""Міськтепловоденергія"" (м. Кам'янець-Подільський)",Дністер,SRC028,2022-06-01_2022-06-30_output,,retain_unchanged,screening_only,,,,
SWM_38409_20220620,38409,2022-06-20,Nitrat,mg/dm3,150.0,DQ004_GLOBAL_EXTREME_TAIL,review,Value exceeds global P99.9 (106.16) and is >10x global median where median >0. Screening flag only.,,,"р.Кропивник, 12 км, с. Мостище, автодорожний міст, вплив Домбровського карєру",Дністер,SRC028,2022-06-01_2022-06-30_output,,retain_unchanged,screening_only,,,,
SWM_38459_20220621,38459,2022-06-21,Atrazin,mg/dm3,0.34,DQ004_GLOBAL_EXTREME_TAIL,review,Value exceeds global P99.9 (0.311976) and is >10x global median where median >0. Screening flag only.,,,"р. Південний Буг, 743 км, с. Копистин Хмельницького р-ну, 1 км нижче м. Хмельницький",Південний Буг,SRC028,2022-06-01_2022-06-30_output,,retain_unchanged,screening_only,,,,
SWM_38409_20220728,38409,2022-07-28,Hlorid,mg/dm3,12095.0,DQ004_GLOBAL_EXTREME_TAIL,review,Value exceeds global P99.9 (6859.39) and is >10x global median where median >0. Screening flag only.,,,"р.Кропивник, 12 км, с. Мостище, автодорожний міст, вплив Домбровського карєру",Дністер,SRC029,2022-07-01_2022-07-31_output,,retain_unchanged,screening_only,,,,
SWM_27135_20221207,27135,2022-12-07,Atrazin,mg/dm3,0.62,DQ004_GLOBAL_EXTREME_TAIL,review,Value exceeds global P99.9 (0.311976) and is >10x global median where median >0. Screening flag only.,,,"р. Південний Буг, 652 км, м. Хмільник, питний в/з, вище міста",Південний Буг,SRC034,2022-12-01_2022-12-31_output,,retain_unchanged,screening_only,,,,
SWM_27136_20221207,27136,2022-12-07,Atrazin,mg/dm3,1.13,DQ004_GLOBAL_EXTREME_TAIL,review,Value exceeds global P99.9 (0.311976) and is >10x global median where median >0. Screening flag only.,,,"р. Південний Буг, 607 км, с. Гущинці, нижче села , питний водозабір м.Калинівка",Південний Буг,SRC034,2022-12-01_2022-12-31_output,,retain_unchanged,screening_only,,,,
SWM_27137_20221207,27137,2022-12-07,Atrazin,mg/dm3,0.91,DQ004_GLOBAL_EXTREME_TAIL,review,Value exceeds global P99.9 (0.311976) and is >10x global median where median >0. Screening flag only.,,,"р. Південний Буг, 582 км, м. Вінниця, Сабарівське вдсх,  питний в/з міста, вище міста",Південний Буг,SRC034,2022-12-01_2022-12-31_output,,retain_unchanged,screening_only,,,,
SWM_38409_20230710,38409,2023-07-10,Azot,mg/dm3,65.0,DQ004_GLOBAL_EXTREME_TAIL,review,Value exceeds global P99.9 (54.1341) and is >10x global median where median >0. Screening flag only.,,,"р.Кропивник, 12 км, с. Мостище, автодорожний міст, вплив Домбровського карєру",Дністер,SRC041,2023-07-01_2023-07-31_output,,retain_unchanged,screening_only,,,,
SWM_38409_20230710,38409,2023-07-10,BSK5,mgO2/dm3,282.0,DQ004_GLOBAL_EXTREME_TAIL,review,Value exceeds global P99.9 (128) and is >10x global median where median >0. Screening flag only.,,,"р.Кропивник, 12 км, с. Мостище, автодорожний міст, вплив Домбровського карєру",Дністер,SRC041,2023-07-01_2023-07-31_output,,retain_unchanged,screening_only,,,,
SWM_38409_20230710,38409,2023-07-10,Sulfat,mg/dm3,6500.0,DQ004_GLOBAL_EXTREME_TAIL,review,Value exceeds global P99.9 (3492.32) and is >10x global median where median >0. Screening flag only.,,,"р.Кропивник, 12 км, с. Мостище, автодорожний міст, вплив Домбровського карєру",Дністер,SRC041,2023-07-01_2023-07-31_output,,retain_unchanged,screening_only,,,,
SWM_38409_20230710,38409,2023-07-10,Hlorid,mg/dm3,13258.0,DQ004_GLOBAL_EXTREME_TAIL,review,Value exceeds global P99.9 (6859.39) and is >10x global median where median >0. Screening flag only.,,,"р.Кропивник, 12 км, с. Мостище, автодорожний міст, вплив Домбровського карєру",Дністер,SRC041,2023-07-01_2023-07-31_output,,retain_unchanged,screening_only,,,,
SWM_38409_20230710,38409,2023-07-10,Nitrat,mg/dm3,187.0,DQ004_GLOBAL_EXTREME_TAIL,review,Value exceeds global P99.9 (106.16) and is >10x global median where median >0. Screening flag only.,,,"р.Кропивник, 12 км, с. Мостище, автодорожний міст, вплив Домбровського карєру",Дністер,SRC041,2023-07-01_2023-07-31_output,,retain_unchanged,screening_only,,,,
SWM_38409_20230710,38409,2023-07-10,HSK,mgO2/dm3,980.0,DQ004_GLOBAL_EXTREME_TAIL,review,Value exceeds global P99.9 (416.316) and is >10x global median where median >0. Screening flag only.,,,"р.Кропивник, 12 км, с. Мостище, автодорожний міст, вплив Домбровського карєру",Дністер,SRC041,2023-07-01_2023-07-31_output,,retain_unchanged,screening_only,,,,
SWM_27330_20230808,27330,2023-08-08,Atrazin,mg/dm3,0.32,DQ004_GLOBAL_EXTREME_TAIL,review,Value exceeds global P99.9 (0.311976) and is >10x global median where median >0. Screening flag only.,,,"р. Західний Буг, 704 км, м. Кам'янка Бузька, в/з",Вісла,SRC042,2023-08-01_2023-08-31_output,,retain_unchanged,screening_only,,,,
SWM_38409_20230822,38409,2023-08-22,Sulfat,mg/dm3,5200.0,DQ004_GLOBAL_EXTREME_TAIL,review,Value exceeds global P99.9 (3492.32) and is >10x global median where median >0. Screening flag only.,,,"р.Кропивник, 12 км, с. Мостище, автодорожний міст, вплив Домбровського карєру",Дністер,SRC042,2023-08-01_2023-08-31_output,,retain_unchanged,screening_only,,,,
SWM_38409_20230822,38409,2023-08-22,Hlorid,mg/dm3,12634.0,DQ004_GLOBAL_EXTREME_TAIL,review,Value exceeds global P99.9 (6859.39) and is >10x global median where median >0. Screening flag only.,,,"р.Кропивник, 12 км, с. Мостище, автодорожний міст, вплив Домбровського карєру",Дністер,SRC042,2023-08-01_2023-08-31_output,,retain_unchanged,screening_only,,,,
SWM_38409_20230822,38409,2023-08-22,HSK,mgO2/dm3,417.0,DQ004_GLOBAL_EXTREME_TAIL,review,Value exceeds global P99.9 (416.316) and is >10x global median where median >0. Screening flag only.,,,"р.Кропивник, 12 км, с. Мостище, автодорожний міст, вплив Домбровського карєру",Дністер,SRC042,2023-08-01_2023-08-31_output,,retain_unchanged,screening_only,,,,
SWM_38409_20231026,38409,2023-10-26,BSK5,mgO2/dm3,134.0,DQ004_GLOBAL_EXTREME_TAIL,review,Value exceeds global P99.9 (128) and is >10x global median where median >0. Screening flag only.,,,"р.Кропивник, 12 км, с. Мостище, автодорожний міст, вплив Домбровського карєру",Дністер,SRC044,2023-10-01_2023-10-31_output,,retain_unchanged,screening_only,,,,
SWM_38409_20231026,38409,2023-10-26,Sulfat,mg/dm3,3498.0,DQ004_GLOBAL_EXTREME_TAIL,review,Value exceeds global P99.9 (3492.32) and is >10x global median where median >0. Screening flag only.,,,"р.Кропивник, 12 км, с. Мостище, автодорожний міст, вплив Домбровського карєру",Дністер,SRC044,2023-10-01_2023-10-31_output,,retain_unchanged,screening_only,,,,
SWM_38409_20231026,38409,2023-10-26,Hlorid,mg/dm3,13613.0,DQ004_GLOBAL_EXTREME_TAIL,review,Value exceeds global P99.9 (6859.39) and is >10x global median where median >0. Screening flag only.,,,"р.Кропивник, 12 км, с. Мостище, автодорожний міст, вплив Домбровського карєру",Дністер,SRC044,2023-10-01_2023-10-31_output,,retain_unchanged,screening_only,,,,
SWM_38409_20231026,38409,2023-10-26,HSK,mgO2/dm3,498.0,DQ004_GLOBAL_EXTREME_TAIL,review,Value exceeds global P99.9 (416.316) and is >10x global median where median >0. Screening flag only.,,,"р.Кропивник, 12 км, с. Мостище, автодорожний міст, вплив Домбровського карєру",Дністер,SRC044,2023-10-01_2023-10-31_output,,retain_unchanged,screening_only,,,,
SWM_27330_20231206,27330,2023-12-06,Nitrit,mg/dm3,9.3,DQ004_GLOBAL_EXTREME_TAIL,review,Value exceeds global P99.9 (8.10944) and is >10x global median where median >0. Screening flag only.,,,"р. Західний Буг, 704 км, м. Кам'янка Бузька, в/з",Вісла,SRC046,2023-12-01_2023-12-31_output,,retain_unchanged,screening_only,,,,
SWM_38409_20231213,38409,2023-12-13,Sulfat,mg/dm3,3500.0,DQ004_GLOBAL_EXTREME_TAIL,review,Value exceeds global P99.9 (3492.32) and is >10x global median where median >0. Screening flag only.,,,"р.Кропивник, 12 км, с. Мостище, автодорожний міст, вплив Домбровського карєру",Дністер,SRC046,2023-12-01_2023-12-31_output,,retain_unchanged,screening_only,,,,
SWM_38409_20231213,38409,2023-12-13,Hlorid,mg/dm3,13471.0,DQ004_GLOBAL_EXTREME_TAIL,review,Value exceeds global P99.9 (6859.39) and is >10x global median where median >0. Screening flag only.,,,"р.Кропивник, 12 км, с. Мостище, автодорожний міст, вплив Домбровського карєру",Дністер,SRC046,2023-12-01_2023-12-31_output,,retain_unchanged,screening_only,,,,
SWM_38409_20231213,38409,2023-12-13,HSK,mgO2/dm3,472.0,DQ004_GLOBAL_EXTREME_TAIL,review,Value exceeds global P99.9 (416.316) and is >10x global median where median >0. Screening flag only.,,,"р.Кропивник, 12 км, с. Мостище, автодорожний міст, вплив Домбровського карєру",Дністер,SRC046,2023-12-01_2023-12-31_output,,retain_unchanged,screening_only,,,,
SWM_27339_20231220,27339,2023-12-20,Amoniy,mg/dm3,43.0,DQ004_GLOBAL_EXTREME_TAIL,review,Value exceeds global P99.9 (27.9369) and is >10x global median where median >0. Screening flag only.,,,"р. Полтва, 30 км, с.Кам’янопіль, Пустомитівський р-н, кільцева дорога біля шлюзу",Вісла,SRC046,2023-12-01_2023-12-31_output,,retain_unchanged,screening_only,,,,
SWM_27339_20240108,27339,2024-01-08,Amoniy,mg/dm3,48.0,DQ004_GLOBAL_EXTREME_TAIL,review,Value exceeds global P99.9 (27.9369) and is >10x global median where median >0. Screening flag only.,,,"р. Полтва, 30 км, с.Кам’янопіль, Пустомитівський р-н, кільцева дорога біля шлюзу",Вісла,SRC047,2024-01-01_2024-01-31_output,,retain_unchanged,screening_only,,,,
SWM_26977_20240111,26977,2024-01-11,Amoniy,mg/dm3,43.1,DQ004_GLOBAL_EXTREME_TAIL,review,Value exceeds global P99.9 (27.9369) and is >10x global median where median >0. Screening flag only.,,,"р. Дніпро, 855 км, Скидний канал БСА, (Канівське водосховище)",Дніпро,SRC047,2024-01-01_2024-01-31_output,,retain_unchanged,screening_only,,,,
SWM_27266_20240118,27266,2024-01-18,SPAR,mg/dm3,19.0,DQ004_GLOBAL_EXTREME_TAIL,review,Value exceeds global P99.9 (0.90093) and is >10x global median where median >0. Screening flag only.,,,"р. Кучурган, 6 км, с. Степанівка, впадає в Кучурганський лиман, кордон з Республікою Молдова",Дністер,SRC047,2024-01-01_2024-01-31_output,,retain_unchanged,screening_only,,,,
SWM_26977_20240214,26977,2024-02-14,Amoniy,mg/dm3,45.2,DQ004_GLOBAL_EXTREME_TAIL,review,Value exceeds global P99.9 (27.9369) and is >10x global median where median >0. Screening flag only.,,,"р. Дніпро, 855 км, Скидний канал БСА, (Канівське водосховище)",Дніпро,SRC048,2024-02-01_2024-02-29_output,,retain_unchanged,screening_only,,,,
SWM_26977_20240311,26977,2024-03-11,Amoniy,mg/dm3,109.6,DQ004_GLOBAL_EXTREME_TAIL,review,Value exceeds global P99.9 (27.9369) and is >10x global median where median >0. Screening flag only.,,,"р. Дніпро, 855 км, Скидний канал БСА, (Канівське водосховище)",Дніпро,SRC049,2024-03-01_2024-03-31_output,,retain_unchanged,screening_only,,,,
SWM_27339_20240527,27339,2024-05-27,Amoniy,mg/dm3,35.0,DQ004_GLOBAL_EXTREME_TAIL,review,Value exceeds global P99.9 (27.9369) and is >10x global median where median >0. Screening flag only.,,,"р. Полтва, 30 км, с.Кам’янопіль, Пустомитівський р-н, кільцева дорога біля шлюзу",Вісла,SRC051,2024-05-may,,retain_unchanged,screening_only,,,,
SWM_27835_20240603,27835,2024-06-03,Atrazin,mg/dm3,1.487,DQ004_GLOBAL_EXTREME_TAIL,review,Value exceeds global P99.9 (0.311976) and is >10x global median where median >0. Screening flag only.,,,"р. Західний Буг, 781 км, м. Буськ, 781 км, м. Буськ, Львівська область",Вісла,SRC052,2024-06-june,,retain_unchanged,screening_only,,,,
SWM_27339_20240605,27339,2024-06-05,Atrazin,mg/dm3,5.01,DQ004_GLOBAL_EXTREME_TAIL,review,Value exceeds global P99.9 (0.311976) and is >10x global median where median >0. Screening flag only.,,,"р. Полтва, 30 км, с.Кам’янопіль, Пустомитівський р-н, кільцева дорога біля шлюзу",Вісла,SRC052,2024-06-june,,retain_unchanged,screening_only,,,,
SWM_37915_20240710,37915,2024-07-10,Atrazin,mg/dm3,0.324,DQ004_GLOBAL_EXTREME_TAIL,review,Value exceeds global P99.9 (0.311976) and is >10x global median where median >0. Screening flag only.,,,"р. Жванчик, 76 км, с. Кугаївці, територія Національного природного парку ""Подільські Товтри"", вплив скиду КП ""Комунсервіс"" (смт Чемерівці) та ПАТ ""Оболонь"" (смт Чемерівці)",Дністер,SRC053,2024-07,,retain_unchanged,screening_only,,,,
SWM_26977_20240812,26977,2024-08-12,Amoniy,mg/dm3,50.74,DQ004_GLOBAL_EXTREME_TAIL,review,Value exceeds global P99.9 (27.9369) and is >10x global median where median >0. Screening flag only.,,,"р. Дніпро, 855 км, Скидний канал БСА, (Канівське водосховище)",Дніпро,SRC054,2024-08,,retain_unchanged,screening_only,,,,
SWM_27196_20240813,27196,2024-08-13,Atrazin,mg/dm3,0.908,DQ004_GLOBAL_EXTREME_TAIL,review,Value exceeds global P99.9 (0.311976) and is >10x global median where median >0. Screening flag only.,,,"р. Лопань, 1 км, м. Харків , гирло",Дон,SRC054,2024-08,,retain_unchanged,screening_only,,,,
SWM_27835_20240909,27835,2024-09-09,Atrazin,mg/dm3,0.41,DQ004_GLOBAL_EXTREME_TAIL,review,Value exceeds global P99.9 (0.311976) and is >10x global median where median >0. Screening flag only.,,,"р. Західний Буг, 781 км, м. Буськ, 781 км, м. Буськ, Львівська область",Вісла,SRC055,2024-09,,retain_unchanged,screening_only,,,,
SWM_38409_20240912,38409,2024-09-12,Hlorid,mg/dm3,10493.0,DQ004_GLOBAL_EXTREME_TAIL,review,Value exceeds global P99.9 (6859.39) and is >10x global median where median >0. Screening flag only.,,,"р.Кропивник, 12 км, с. Мостище, автодорожний міст, вплив Домбровського карєру",Дністер,SRC055,2024-09,,retain_unchanged,screening_only,,,,
SWM_38409_20240912,38409,2024-09-12,HSK,mgO2/dm3,421.0,DQ004_GLOBAL_EXTREME_TAIL,review,Value exceeds global P99.9 (416.316) and is >10x global median where median >0. Screening flag only.,,,"р.Кропивник, 12 км, с. Мостище, автодорожний міст, вплив Домбровського карєру",Дністер,SRC055,2024-09,,retain_unchanged,screening_only,,,,
SWM_26977_20240918,26977,2024-09-18,Amoniy,mg/dm3,49.63,DQ004_GLOBAL_EXTREME_TAIL,review,Value exceeds global P99.9 (27.9369) and is >10x global median where median >0. Screening flag only.,,,"р. Дніпро, 855 км, Скидний канал БСА, (Канівське водосховище)",Дніпро,SRC055,2024-09,,retain_unchanged,screening_only,,,,
SWM_26977_20241022,26977,2024-10-22,Fosfat,mg/dm3,13.56,DQ004_GLOBAL_EXTREME_TAIL,review,Value exceeds global P99.9 (10.8546) and is >10x global median where median >0. Screening flag only.,,,"р. Дніпро, 855 км, Скидний канал БСА, (Канівське водосховище)",Дніпро,SRC056,2024-10,,retain_unchanged,screening_only,,,,
SWM_26977_20241111,26977,2024-11-11,Fosfat,mg/dm3,15.6,DQ004_GLOBAL_EXTREME_TAIL,review,Value exceeds global P99.9 (10.8546) and is >10x global median where median >0. Screening flag only.,,,"р. Дніпро, 855 км, Скидний канал БСА, (Канівське водосховище)",Дніпро,SRC057,2024-11,,retain_unchanged,screening_only,,,,
SWM_26977_20241217,26977,2024-12-17,Amoniy,mg/dm3,33.53,DQ004_GLOBAL_EXTREME_TAIL,review,Value exceeds global P99.9 (27.9369) and is >10x global median where median >0. Screening flag only.,,,"р. Дніпро, 855 км, Скидний канал БСА, (Канівське водосховище)",Дніпро,SRC058,2024-12,,retain_unchanged,screening_only,,,,
SWM_26977_20241217,26977,2024-12-17,Fosfat,mg/dm3,15.45,DQ004_GLOBAL_EXTREME_TAIL,review,Value exceeds global P99.9 (10.8546) and is >10x global median where median >0. Screening flag only.,,,"р. Дніпро, 855 км, Скидний канал БСА, (Канівське водосховище)",Дніпро,SRC058,2024-12,,retain_unchanged,screening_only,,,,
SWM_26977_20250114,26977,2025-01-14,Fosfat,mg/dm3,11.02,DQ004_GLOBAL_EXTREME_TAIL,review,Value exceeds global P99.9 (10.8546) and is >10x global median where median >0. Screening flag only.,,,"р. Дніпро, 855 км, Скидний канал БСА, (Канівське водосховище)",Дніпро,SRC059,2025-01,,retain_unchanged,screening_only,,,,
SWM_26977_20250210,26977,2025-02-10,Amoniy,mg/dm3,56.85,DQ004_GLOBAL_EXTREME_TAIL,review,Value exceeds global P99.9 (27.9369) and is >10x global median where median >0. Screening flag only.,,,"р. Дніпро, 855 км, Скидний канал БСА, (Канівське водосховище)",Дніпро,SRC060,2025-02-february,,retain_unchanged,screening_only,,,,
SWM_27027_20250210,27027,2025-02-10,Nitrit,mg/dm3,32.0,DQ004_GLOBAL_EXTREME_TAIL,review,Value exceeds global P99.9 (8.10944) and is >10x global median where median >0. Screening flag only.,,,"р. Рось, 64 км,  м.Корсунь-Шевченківський, питний в/з",Дніпро,SRC060,2025-02-february,,retain_unchanged,screening_only,,,,
SWM_27122_20250218,27122,2025-02-18,Nitrat,mg/dm3,2364.0,DQ004_GLOBAL_EXTREME_TAIL,review,Value exceeds global P99.9 (106.16) and is >10x global median where median >0. Screening flag only.,,,"р. Інгулець, 265 км, с. Андріївка",Дніпро,SRC060,2025-02-february,,retain_unchanged,screening_only,,,,
SWM_38409_20250304,38409,2025-03-04,Hlorid,mg/dm3,7799.0,DQ004_GLOBAL_EXTREME_TAIL,review,Value exceeds global P99.9 (6859.39) and is >10x global median where median >0. Screening flag only.,,,"р.Кропивник, 12 км, с. Мостище, автодорожний міст, вплив Домбровського карєру",Дністер,SRC061,2025-03-march,,retain_unchanged,screening_only,,,,
SWM_38409_20250304,38409,2025-03-04,HSK,mgO2/dm3,417.0,DQ004_GLOBAL_EXTREME_TAIL,review,Value exceeds global P99.9 (416.316) and is >10x global median where median >0. Screening flag only.,,,"р.Кропивник, 12 км, с. Мостище, автодорожний міст, вплив Домбровського карєру",Дністер,SRC061,2025-03-march,,retain_unchanged,screening_only,,,,
SWM_26977_20250317,26977,2025-03-17,Nitrit,mg/dm3,26.87,DQ004_GLOBAL_EXTREME_TAIL,review,Value exceeds global P99.9 (8.10944) and is >10x global median where median >0. Screening flag only.,,,"р. Дніпро, 855 км, Скидний канал БСА, (Канівське водосховище)",Дніпро,SRC061,2025-03-march,,retain_unchanged,screening_only,,,,
SWM_38409_20250502,38409,2025-05-02,Hlorid,mg/dm3,12762.0,DQ004_GLOBAL_EXTREME_TAIL,review,Value exceeds global P99.9 (6859.39) and is >10x global median where median >0. Screening flag only.,,,"р.Кропивник, 12 км, с. Мостище, автодорожний міст, вплив Домбровського карєру",Дністер,SRC063,2025-05-may,,retain_unchanged,screening_only,,,,
SWM_38409_20250502,38409,2025-05-02,HSK,mgO2/dm3,443.0,DQ004_GLOBAL_EXTREME_TAIL,review,Value exceeds global P99.9 (416.316) and is >10x global median where median >0. Screening flag only.,,,"р.Кропивник, 12 км, с. Мостище, автодорожний міст, вплив Домбровського карєру",Дністер,SRC063,2025-05-may,,retain_unchanged,screening_only,,,,
SWM_26977_20250519,26977,2025-05-19,Amoniy,mg/dm3,53.29,DQ004_GLOBAL_EXTREME_TAIL,review,Value exceeds global P99.9 (27.9369) and is >10x global median where median >0. Screening flag only.,,,"р. Дніпро, 855 км, Скидний канал БСА, (Канівське водосховище)",Дніпро,SRC063,2025-05-may,,retain_unchanged,screening_only,,,,
SWM_27352_20250603,27352,2025-06-03,Fosfat,mg/dm3,13.2,DQ004_GLOBAL_EXTREME_TAIL,review,Value exceeds global P99.9 (10.8546) and is >10x global median where median >0. Screening flag only.,,,"р. Чага, 66 км, с. Петровка, кордон з Молдовою",Річки Причорномор'я,SRC064,2025-06-june,,retain_unchanged,screening_only,,,,
SWM_38409_20250604,38409,2025-06-04,Hlorid,mg/dm3,12904.0,DQ004_GLOBAL_EXTREME_TAIL,review,Value exceeds global P99.9 (6859.39) and is >10x global median where median >0. Screening flag only.,,,"р.Кропивник, 12 км, с. Мостище, автодорожний міст, вплив Домбровського карєру",Дністер,SRC064,2025-06-june,,retain_unchanged,screening_only,,,,
SWM_37929_20250610,37929,2025-06-10,Atrazin,mg/dm3,7.113,DQ004_GLOBAL_EXTREME_TAIL,review,Value exceeds global P99.9 (0.311976) and is >10x global median where median >0. Screening flag only.,,,"р. Калюс , 43 км, смт Віньківці, біля мосту, вплив скидів КП ""Віньковецький комунсервіс"" та ТОВ ""Віньковецький сирзавод""",Дністер,SRC064,2025-06-june,,retain_unchanged,screening_only,,,,
SWM_37931_20250610,37931,2025-06-10,Atrazin,mg/dm3,0.636,DQ004_GLOBAL_EXTREME_TAIL,review,Value exceeds global P99.9 (0.311976) and is >10x global median where median >0. Screening flag only.,,,"р. Калюс , 14 км, с. Каскада, вплив скидів ГП ""Водоканал"" та ТОВ ""Діада Д"" (смт. Нова Ушиця)",Дністер,SRC064,2025-06-june,,retain_unchanged,screening_only,,,,
SWM_37917_20250611,37917,2025-06-11,Atrazin,mg/dm3,0.334,DQ004_GLOBAL_EXTREME_TAIL,review,Value exceeds global P99.9 (0.311976) and is >10x global median where median >0. Screening flag only.,,,"р. Смотрич, 115 км, с. Лісогірка, вплив скиду КП ""Городоккомунсервіс"" (м. Городок)",Дністер,SRC064,2025-06-june,,retain_unchanged,screening_only,,,,
SWM_26977_20250616,26977,2025-06-16,Amoniy,mg/dm3,54.48,DQ004_GLOBAL_EXTREME_TAIL,review,Value exceeds global P99.9 (27.9369) and is >10x global median where median >0. Screening flag only.,,,"р. Дніпро, 855 км, Скидний канал БСА, (Канівське водосховище)",Дніпро,SRC064,2025-06-june,,retain_unchanged,screening_only,,,,
SWM_27339_20250618,27339,2025-06-18,Fosfat,mg/dm3,12.0,DQ004_GLOBAL_EXTREME_TAIL,review,Value exceeds global P99.9 (10.8546) and is >10x global median where median >0. Screening flag only.,,,"р. Полтва, 30 км, с.Кам’янопіль, Пустомитівський р-н, кільцева дорога біля шлюзу",Вісла,SRC064,2025-06-june,,retain_unchanged,screening_only,,,,
SWM_38409_20250703,38409,2025-07-03,Hlorid,mg/dm3,13471.0,DQ004_GLOBAL_EXTREME_TAIL,review,Value exceeds global P99.9 (6859.39) and is >10x global median where median >0. Screening flag only.,,,"р.Кропивник, 12 км, с. Мостище, автодорожний міст, вплив Домбровського карєру",Дністер,SRC065,2025-07-july,,retain_unchanged,screening_only,,,,
SWM_38409_20250703,38409,2025-07-03,HSK,mgO2/dm3,433.0,DQ004_GLOBAL_EXTREME_TAIL,review,Value exceeds global P99.9 (416.316) and is >10x global median where median >0. Screening flag only.,,,"р.Кропивник, 12 км, с. Мостище, автодорожний міст, вплив Домбровського карєру",Дністер,SRC065,2025-07-july,,retain_unchanged,screening_only,,,,
SWM_26977_20250715,26977,2025-07-15,Amoniy,mg/dm3,46.88,DQ004_GLOBAL_EXTREME_TAIL,review,Value exceeds global P99.9 (27.9369) and is >10x global median where median >0. Screening flag only.,,,"р. Дніпро, 855 км, Скидний канал БСА, (Канівське водосховище)",Дніпро,SRC065,2025-07-july,,retain_unchanged,screening_only,,,,
SWM_38409_20250811,38409,2025-08-11,Hlorid,mg/dm3,10068.0,DQ004_GLOBAL_EXTREME_TAIL,review,Value exceeds global P99.9 (6859.39) and is >10x global median where median >0. Screening flag only.,,,"р.Кропивник, 12 км, с. Мостище, автодорожний міст, вплив Домбровського карєру",Дністер,SRC066,2025-08-august,,retain_unchanged,screening_only,,,,
SWM_37929_20250813,37929,2025-08-13,Atrazin,mg/dm3,0.771,DQ004_GLOBAL_EXTREME_TAIL,review,Value exceeds global P99.9 (0.311976) and is >10x global median where median >0. Screening flag only.,,,"р. Калюс , 43 км, смт Віньківці, біля мосту, вплив скидів КП ""Віньковецький комунсервіс"" та ТОВ ""Віньковецький сирзавод""",Дністер,SRC066,2025-08-august,,retain_unchanged,screening_only,,,,
SWM_38389_20250901,38389,2025-09-01,Amoniy,mg/dm3,37.0,DQ004_GLOBAL_EXTREME_TAIL,review,Value exceeds global P99.9 (27.9369) and is >10x global median where median >0. Screening flag only.,,,"р. Солониця, 0 км, с. Раневичі, вплив ПрАТ Стебницьке ГХП “Полімінерал”",Дністер,SRC067,2025-09-september,,retain_unchanged,screening_only,,,,
SWM_27165_20250902,27165,2025-09-02,HSK,mgO2/dm3,4068.0,DQ004_GLOBAL_EXTREME_TAIL,review,Value exceeds global P99.9 (416.316) and is >10x global median where median >0. Screening flag only.,,,"р. Інгул, 163 км, смт. Новий Буг, Софіівське вдсх., питний в/з селища",Південний Буг,SRC067,2025-09-september,,retain_unchanged,screening_only,,,,
SWM_27018_20251007,27018,2025-10-07,Nitrat,mg/dm3,1290.0,DQ004_GLOBAL_EXTREME_TAIL,review,Value exceeds global P99.9 (106.16) and is >10x global median where median >0. Screening flag only.,,,"р. Дніпро, 580 км, с. Власівка, (Кременчуцьке водосховище) лівий берег, Власівський водозабір КП "" Кременчукводоканал"" Кременчуцької міської ради",Дніпро,SRC068,2025-10-october,,retain_unchanged,screening_only,,,,
SWM_37929_20251014,37929,2025-10-14,Atrazin,mg/dm3,0.315,DQ004_GLOBAL_EXTREME_TAIL,review,Value exceeds global P99.9 (0.311976) and is >10x global median where median >0. Screening flag only.,,,"р. Калюс , 43 км, смт Віньківці, біля мосту, вплив скидів КП ""Віньковецький комунсервіс"" та ТОВ ""Віньковецький сирзавод""",Дністер,SRC068,2025-10-october,,retain_unchanged,screening_only,,,,
SWM_38409_20251106,38409,2025-11-06,Hlorid,mg/dm3,10777.0,DQ004_GLOBAL_EXTREME_TAIL,review,Value exceeds global P99.9 (6859.39) and is >10x global median where median >0. Screening flag only.,,,"р.Кропивник, 12 км, с. Мостище, автодорожний міст, вплив Домбровського карєру",Дністер,SRC069,2025-11-november,,retain_unchanged,screening_only,,,,
SWM_38409_20251202,38409,2025-12-02,Hlorid,mg/dm3,8224.0,DQ004_GLOBAL_EXTREME_TAIL,review,Value exceeds global P99.9 (6859.39) and is >10x global median where median >0. Screening flag only.,,,"р.Кропивник, 12 км, с. Мостище, автодорожний міст, вплив Домбровського карєру",Дністер,SRC070,2025-12-december,,retain_unchanged,screening_only,,,,
SWM_27339_20251216,27339,2025-12-16,Amoniy,mg/dm3,28.0,DQ004_GLOBAL_EXTREME_TAIL,review,Value exceeds global P99.9 (27.9369) and is >10x global median where median >0. Screening flag only.,,,"р. Полтва, 30 км, с.Кам’янопіль, Пустомитівський р-н, кільцева дорога біля шлюзу",Вісла,SRC070,2025-12-december,,retain_unchanged,screening_only,,,,
SWM_26977_20260218,26977,2026-02-18,Amoniy,mg/dm3,31.93,DQ004_GLOBAL_EXTREME_TAIL,review,Value exceeds global P99.9 (27.9369) and is >10x global median where median >0. Screening flag only.,,,"р. Дніпро, 855 км, Скидний канал БСА, (Канівське водосховище)",Дніпро,SRC072,2026-02-february,,retain_unchanged,screening_only,,,,
SWM_38409_20260305,38409,2026-03-05,HSK,mgO2/dm3,2733.0,DQ004_GLOBAL_EXTREME_TAIL,review,Value exceeds global P99.9 (416.316) and is >10x global median where median >0. Screening flag only.,,,"р.Кропивник, 12 км, с. Мостище, автодорожний міст, вплив Домбровського карєру",Дністер,SRC073,2026-03-01_2026-03-31_output,,retain_unchanged,screening_only,,,,
SWM_26977_20260310,26977,2026-03-10,Amoniy,mg/dm3,83.01,DQ004_GLOBAL_EXTREME_TAIL,review,Value exceeds global P99.9 (27.9369) and is >10x global median where median >0. Screening flag only.,,,"р. Дніпро, 855 км, Скидний канал БСА, (Канівське водосховище)",Дніпро,SRC073,2026-03-01_2026-03-31_output,,retain_unchanged,screening_only,,,,
SWM_27568_20260323,27568,2026-03-23,Amoniy,mg/dm3,33.4,DQ004_GLOBAL_EXTREME_TAIL,review,Value exceeds global P99.9 (27.9369) and is >10x global median where median >0. Screening flag only.,,,"р. Рось, 102 км, с.Тептіївка, питний водозабір м.Миронівка",Дніпро,SRC073,2026-03-01_2026-03-31_output,,retain_unchanged,screening_only,,,,
SWM_27568_20260323,27568,2026-03-23,Nitrit,mg/dm3,53.16,DQ004_GLOBAL_EXTREME_TAIL,review,Value exceeds global P99.9 (8.10944) and is >10x global median where median >0. Screening flag only.,,,"р. Рось, 102 км, с.Тептіївка, питний водозабір м.Миронівка",Дніпро,SRC073,2026-03-01_2026-03-31_output,,retain_unchanged,screening_only,,,,
SWM_38409_20260402,38409,2026-04-02,Hlorid,mg/dm3,7515.0,DQ004_GLOBAL_EXTREME_TAIL,review,Value exceeds global P99.9 (6859.39) and is >10x global median where median >0. Screening flag only.,,,"р.Кропивник, 12 км, с. Мостище, вплив хвостосховища № 1 і № 2 підприємств калійного виробництва",Дністер,SRC074,2026-04-01_2026-04-30_output,,retain_unchanged,screening_only,,,,
SWM_26977_20260406,26977,2026-04-06,Amoniy,mg/dm3,56.2,DQ004_GLOBAL_EXTREME_TAIL,review,Value exceeds global P99.9 (27.9369) and is >10x global median where median >0. Screening flag only.,,,"р. Дніпро, 855 км, Скидний канал БСА, (Канівське водосховище)",Дніпро,SRC074,2026-04-01_2026-04-30_output,,retain_unchanged,screening_only,,,,
SWM_27120_20260414,27120,2026-04-14,Atrazin,mg/dm3,0.32,DQ004_GLOBAL_EXTREME_TAIL,review,Value exceeds global P99.9 (0.311976) and is >10x global median where median >0. Screening flag only.,,,"р. Інгулець, 0 км, м. Кривий Ріг, Карачунівське в-ще, питний в/з міста",Дніпро,SRC074,2026-04-01_2026-04-30_output,,retain_unchanged,screening_only,,,,
SWM_38409_20260505,38409,2026-05-05,Hlorid,mg/dm3,9501.0,DQ004_GLOBAL_EXTREME_TAIL,review,Value exceeds global P99.9 (6859.39) and is >10x global median where median >0. Screening flag only.,,,"р.Кропивник, 12 км, с. Мостище, вплив хвостосховища № 1 і № 2 підприємств калійного виробництва",Дністер,SRC075,2026-05-may,,retain_unchanged,screening_only,,,,
SWM_26977_20260525,26977,2026-05-25,Amoniy,mg/dm3,73.55,DQ004_GLOBAL_EXTREME_TAIL,review,Value exceeds global P99.9 (27.9369) and is >10x global median where median >0. Screening flag only.,,,"р. Дніпро, 855 км, Скидний канал БСА, (Канівське водосховище)",Дніпро,SRC075,2026-05-may,,retain_unchanged,screening_only,,,,
SWM_38409_20260602,38409,2026-06-02,Hlorid,mg/dm3,8508.0,DQ004_GLOBAL_EXTREME_TAIL,review,Value exceeds global P99.9 (6859.39) and is >10x global median where median >0. Screening flag only.,,,"р.Кропивник, 12 км, с. Мостище, вплив хвостосховища № 1 і № 2 підприємств калійного виробництва",Дністер,SRC076,2026-06-june,,retain_unchanged,screening_only,,,,
SWM_38409_20260708,38409,2026-07-08,Hlorid,mg/dm3,11769.0,DQ004_GLOBAL_EXTREME_TAIL,review,Value exceeds global P99.9 (6859.39) and is >10x global median where median >0. Screening flag only.,,,"р.Кропивник, 12 км, с. Мостище, вплив хвостосховища № 1 і № 2 підприємств калійного виробництва",Дністер,SRC077,2026-07-01_2026-07-31_output,,retain_unchanged,screening_only,,,,
SWM_26977_20260714,26977,2026-07-14,Amoniy,mg/dm3,46.15,DQ004_GLOBAL_EXTREME_TAIL,review,Value exceeds global P99.9 (27.9369) and is >10x global median where median >0. Screening flag only.,,,"р. Дніпро, 855 км, Скидний канал БСА, (Канівське водосховище)",Дніпро,SRC077,2026-07-01_2026-07-31_output,,retain_unchanged,screening_only,,,,
SWM_37929_20260714,37929,2026-07-14,Atrazin,mg/dm3,0.714,DQ004_GLOBAL_EXTREME_TAIL,review,Value exceeds global P99.9 (0.311976) and is >10x global median where median >0. Screening flag only.,,,"р. Калюс , 43 км, смт Віньківці, біля мосту, вплив скидів КП ""Віньковецький комунсервіс"" та ТОВ ""Віньковецький сирзавод""",Дністер,SRC077,2026-07-01_2026-07-31_output,,retain_unchanged,screening_only,,,,
SWM_27220_20030313,27220,2003-03-13,Zavisli,mg/dm3,233.0,DQ005_TEMPORAL_ISOLATED_EXTREME,review,Value differs >=20-fold from the geometric mean of adjacent observations; both neighbors are within 5-fold and within 180 days.,10.0,6.0,"р. Дністер, 1117 км, м. Галич, правий берег, р-н рятувальної станції, 300 м нижче мосту по дорозі Івано-Франківськ - Львів",Дністер,SRC001,2003-01-01_2007-12-31_output,ratio_to_geometric_neighbor_center=30.0802; neighbor_ratio=1.67,retain_unchanged,screening_only,,,,
SWM_27036_20030417,27036,2003-04-17,Nitrat,mg/dm3,0.1,DQ005_TEMPORAL_ISOLATED_EXTREME,review,Value differs >=20-fold from the geometric mean of adjacent observations; both neighbors are within 5-fold and within 180 days.,1.6,2.6,"р. Тясмин, 120 км, м.Кам'янка, техн в/з міста",Дніпро,SRC001,2003-01-01_2007-12-31_output,ratio_to_geometric_neighbor_center=0.049029; neighbor_ratio=1.62,retain_unchanged,screening_only,,,,
SWM_27233_20030506,27233,2003-05-06,Nitrit,mg/dm3,2.6,DQ005_TEMPORAL_ISOLATED_EXTREME,review,Value differs >=20-fold from the geometric mean of adjacent observations; both neighbors are within 5-fold and within 180 days.,0.04,0.07,"р. Дністер, 16 км, с. Маяки, ГНС Нижньо-Дністровської ЗС",Дністер,SRC001,2003-01-01_2007-12-31_output,ratio_to_geometric_neighbor_center=49.1354; neighbor_ratio=1.75,retain_unchanged,screening_only,,,,
SWM_27137_20030513,27137,2003-05-13,Fosfat,mg/dm3,0.003,DQ005_TEMPORAL_ISOLATED_EXTREME,review,Value differs >=20-fold from the geometric mean of adjacent observations; both neighbors are within 5-fold and within 180 days.,0.4,0.15,"р. Південний Буг, 582 км, м. Вінниця, Сабарівське вдсх,  питний в/з міста, вище міста",Південний Буг,SRC001,2003-01-01_2007-12-31_output,ratio_to_geometric_neighbor_center=0.0122474; neighbor_ratio=2.67,retain_unchanged,screening_only,,,,
SWM_27227_20030526,27227,2003-05-26,Amoniy,mg/dm3,0.02,DQ005_TEMPORAL_ISOLATED_EXTREME,review,Value differs >=20-fold from the geometric mean of adjacent observations; both neighbors are within 5-fold and within 180 days.,0.64,0.68,"р. Дністер, 675 км, Дністровське вдсх, в/б'єф, пр. берег, 500 м вище греблі ГЕС - 1",Дністер,SRC001,2003-01-01_2007-12-31_output,ratio_to_geometric_neighbor_center=0.030317; neighbor_ratio=1.06,retain_unchanged,screening_only,,,,
SWM_27228_20030526,27228,2003-05-26,Nitrit,mg/dm3,0.3,DQ005_TEMPORAL_ISOLATED_EXTREME,review,Value differs >=20-fold from the geometric mean of adjacent observations; both neighbors are within 5-fold and within 180 days.,0.02,0.004,"р. Дністер, 674 км, Дністровське вдсх, н/б'єф, пр. берег, 500 м нижче греблі ГЕС - 1",Дністер,SRC001,2003-01-01_2007-12-31_output,ratio_to_geometric_neighbor_center=33.541; neighbor_ratio=5,retain_unchanged,screening_only,,,,
SWM_26968_20030527,26968,2003-05-27,Fosfat,mg/dm3,3.7,DQ005_TEMPORAL_ISOLATED_EXTREME,review,Value differs >=20-fold from the geometric mean of adjacent observations; both neighbors are within 5-fold and within 180 days.,0.08,0.05,"р. Ірша, 31 км, м. Малин, питний в/з міста",Дніпро,SRC001,2003-01-01_2007-12-31_output,ratio_to_geometric_neighbor_center=58.5021; neighbor_ratio=1.6,retain_unchanged,screening_only,,,,
SWM_27215_20030610,27215,2003-06-10,Nitrit,mg/dm3,0.001,DQ005_TEMPORAL_ISOLATED_EXTREME,review,Value differs >=20-fold from the geometric mean of adjacent observations; both neighbors are within 5-fold and within 180 days.,0.02,0.02,"р. Дністер, 1278 км, м.Самбір, міста, верхів'я р. Дністер,  під мостом по дорозі м.Дрогобич",Дністер,SRC001,2003-01-01_2007-12-31_output,ratio_to_geometric_neighbor_center=0.05; neighbor_ratio=1,retain_unchanged,screening_only,,,,
SWM_27311_20030617,27311,2003-06-17,Nitrit,mg/dm3,0.06,DQ005_TEMPORAL_ISOLATED_EXTREME,review,Value differs >=20-fold from the geometric mean of adjacent observations; both neighbors are within 5-fold and within 180 days.,0.001,0.003,"р. Прут, 697 км, с. Костичани, кордон з Румунією та Молдовою, 200 м нижче впадіння в р. Прут р. Черлена",Дунай,SRC001,2003-01-01_2007-12-31_output,ratio_to_geometric_neighbor_center=34.641; neighbor_ratio=3,retain_unchanged,screening_only,,,,
SWM_27263_20030620,27263,2003-06-20,HSK,mgO2/dm3,5.2,DQ005_TEMPORAL_ISOLATED_EXTREME,review,Value differs >=20-fold from the geometric mean of adjacent observations; both neighbors are within 5-fold and within 180 days.,164.0,152.0,"р. Окни, 28 км, с. Лабушне, кордон з Молдовою",Дністер,SRC001,2003-01-01_2007-12-31_output,ratio_to_geometric_neighbor_center=0.0329351; neighbor_ratio=1.08,retain_unchanged,screening_only,,,,
SWM_26939_20030702,26939,2003-07-02,Nitrat,mg/dm3,0.1,DQ005_TEMPORAL_ISOLATED_EXTREME,review,Value differs >=20-fold from the geometric mean of adjacent observations; both neighbors are within 5-fold and within 180 days.,3.42,3.0,"р. Стир, 48 км, смт. Зарічне, кордон з Білоруссю",Дніпро,SRC001,2003-01-01_2007-12-31_output,ratio_to_geometric_neighbor_center=0.0312195; neighbor_ratio=1.14,retain_unchanged,screening_only,,,,
SWM_27246_20030715,27246,2003-07-15,Zavisli,mg/dm3,260.0,DQ005_TEMPORAL_ISOLATED_EXTREME,review,Value differs >=20-fold from the geometric mean of adjacent observations; both neighbors are within 5-fold and within 180 days.,3.0,4.0,"р. Бистриця Надвірнянська, 16 км, с. Черніів, питний в/з Ів.Франківська, 10 м нижче мосту",Дністер,SRC001,2003-01-01_2007-12-31_output,ratio_to_geometric_neighbor_center=75.0555; neighbor_ratio=1.33,retain_unchanged,screening_only,,,,
SWM_27246_20030715,27246,2003-07-15,Amoniy,mg/dm3,6.3,DQ005_TEMPORAL_ISOLATED_EXTREME,review,Value differs >=20-fold from the geometric mean of adjacent observations; both neighbors are within 5-fold and within 180 days.,0.17,0.33,"р. Бистриця Надвірнянська, 16 км, с. Черніів, питний в/з Ів.Франківська, 10 м нижче мосту",Дністер,SRC001,2003-01-01_2007-12-31_output,ratio_to_geometric_neighbor_center=26.5986; neighbor_ratio=1.94,retain_unchanged,screening_only,,,,
SWM_27247_20030715,27247,2003-07-15,Zavisli,mg/dm3,204.0,DQ005_TEMPORAL_ISOLATED_EXTREME,review,Value differs >=20-fold from the geometric mean of adjacent observations; both neighbors are within 5-fold and within 180 days.,2.0,3.0,"р. Бистриця Солотвинська, 18 км, с. Скобичівка, питний в/з Ів.-Франк., 10 м нижче мосту",Дністер,SRC001,2003-01-01_2007-12-31_output,ratio_to_geometric_neighbor_center=83.2827; neighbor_ratio=1.5,retain_unchanged,screening_only,,,,
SWM_27288_20030715,27288,2003-07-15,Nitrat,mg/dm3,0.01,DQ005_TEMPORAL_ISOLATED_EXTREME,review,Value differs >=20-fold from the geometric mean of adjacent observations; both neighbors are within 5-fold and within 180 days.,2.4,0.5,"р. Тиса, 807 км, смт. Вілок, канал Батар, в/з ЗС",Дунай,SRC001,2003-01-01_2007-12-31_output,ratio_to_geometric_neighbor_center=0.00912871; neighbor_ratio=4.8,retain_unchanged,screening_only,,,,
SWM_27280_20030722,27280,2003-07-22,Nitrat,mg/dm3,0.01,DQ005_TEMPORAL_ISOLATED_EXTREME,review,Value differs >=20-fold from the geometric mean of adjacent observations; both neighbors are within 5-fold and within 180 days.,0.4,0.5,"р. Тиса, 696 км, м. Чоп, кордон з Угорщиною",Дунай,SRC001,2003-01-01_2007-12-31_output,ratio_to_geometric_neighbor_center=0.0223607; neighbor_ratio=1.25,retain_unchanged,screening_only,,,,
SWM_27280_20030722,27280,2003-07-22,Nitrit,mg/dm3,0.55,DQ005_TEMPORAL_ISOLATED_EXTREME,review,Value differs >=20-fold from the geometric mean of adjacent observations; both neighbors are within 5-fold and within 180 days.,0.02,0.03,"р. Тиса, 696 км, м. Чоп, кордон з Угорщиною",Дунай,SRC001,2003-01-01_2007-12-31_output,ratio_to_geometric_neighbor_center=22.4537; neighbor_ratio=1.5,retain_unchanged,screening_only,,,,
SWM_26934_20030910,26934,2003-09-10,Amoniy,mg/dm3,39.0,DQ005_TEMPORAL_ISOLATED_EXTREME,review,Value differs >=20-fold from the geometric mean of adjacent observations; both neighbors are within 5-fold and within 180 days.,0.33,1.23,"р. Стир, 308 км, м.Луцьк, питний в/з міста",Дніпро,SRC001,2003-01-01_2007-12-31_output,ratio_to_geometric_neighbor_center=61.2146; neighbor_ratio=3.73,retain_unchanged,screening_only,,,,
SWM_27173_20030916,27173,2003-09-16,Nitrat,mg/dm3,0.32,DQ005_TEMPORAL_ISOLATED_EXTREME,review,Value differs >=20-fold from the geometric mean of adjacent observations; both neighbors are within 5-fold and within 180 days.,9.32,12.92,"р. Сіверський Донець, 813 км, с.Есхар, нижче гирла р.Уди",Дон,SRC001,2003-01-01_2007-12-31_output,ratio_to_geometric_neighbor_center=0.0291616; neighbor_ratio=1.39,retain_unchanged,screening_only,,,,
SWM_26931_20030917,26931,2003-09-17,Nitrit,mg/dm3,0.0005,DQ005_TEMPORAL_ISOLATED_EXTREME,review,Value differs >=20-fold from the geometric mean of adjacent observations; both neighbors are within 5-fold and within 180 days.,0.07,0.03,"р. Турія, 125 км, м.Ковель, питний в/з міста",Дніпро,SRC001,2003-01-01_2007-12-31_output,ratio_to_geometric_neighbor_center=0.0109109; neighbor_ratio=2.33,retain_unchanged,screening_only,,,,
SWM_27022_20030917,27022,2003-09-17,Nitrit,mg/dm3,1.0,DQ005_TEMPORAL_ISOLATED_EXTREME,review,Value differs >=20-fold from the geometric mean of adjacent observations; both neighbors are within 5-fold and within 180 days.,0.01,0.05,"р. Рось, 218 км, с.Глибочиця, с.Глибочиця,  питний в/з м.Біла Церква",Дніпро,SRC001,2003-01-01_2007-12-31_output,ratio_to_geometric_neighbor_center=44.7214; neighbor_ratio=5,retain_unchanged,screening_only,,,,
SWM_27130_20031124,27130,2003-11-24,Hlorid,mg/dm3,0.02,DQ005_TEMPORAL_ISOLATED_EXTREME,review,Value differs >=20-fold from the geometric mean of adjacent observations; both neighbors are within 5-fold and within 180 days.,23.9,38.9,"р. Південний Буг, 773 км, смт. Чорний Острів, Мар'янівське вдсх.",Південний Буг,SRC001,2003-01-01_2007-12-31_output,ratio_to_geometric_neighbor_center=0.000655928; neighbor_ratio=1.63,retain_unchanged,screening_only,,,,
SWM_27131_20031124,27131,2003-11-24,Nitrit,mg/dm3,14.2,DQ005_TEMPORAL_ISOLATED_EXTREME,review,Value differs >=20-fold from the geometric mean of adjacent observations; both neighbors are within 5-fold and within 180 days.,0.08,0.07,"р. Південний Буг, 755 км, м. Хмельницький , Хмельницьке вдсх.",Південний Буг,SRC001,2003-01-01_2007-12-31_output,ratio_to_geometric_neighbor_center=189.755; neighbor_ratio=1.14,retain_unchanged,screening_only,,,,
SWM_27132_20031124,27132,2003-11-24,Hlorid,mg/dm3,0.03,DQ005_TEMPORAL_ISOLATED_EXTREME,review,Value differs >=20-fold from the geometric mean of adjacent observations; both neighbors are within 5-fold and within 180 days.,47.0,26.5,"р. Південний Буг, 744 км, с. Копистин, нижче м.Хмельницький",Південний Буг,SRC001,2003-01-01_2007-12-31_output,ratio_to_geometric_neighbor_center=0.00085006; neighbor_ratio=1.77,retain_unchanged,screening_only,,,,
SWM_26950_20031125,26950,2003-11-25,Nitrat,mg/dm3,0.21,DQ005_TEMPORAL_ISOLATED_EXTREME,review,Value differs >=20-fold from the geometric mean of adjacent observations; both neighbors are within 5-fold and within 180 days.,15.2,10.9,"р. Случ, 406 км, с.Чернелівка, Красилівського р-ну, питний в/з м. Хмельницький",Дніпро,SRC001,2003-01-01_2007-12-31_output,ratio_to_geometric_neighbor_center=0.0163149; neighbor_ratio=1.39,retain_unchanged,screening_only,,,,
SWM_27171_20031208,27171,2003-12-08,Nitrat,mg/dm3,0.26,DQ005_TEMPORAL_ISOLATED_EXTREME,review,Value differs >=20-fold from the geometric mean of adjacent observations; both neighbors are within 5-fold and within 180 days.,8.86,5.46,"р. Сіверський Донець, 944 км, с. Огірцеве, кордон з  Росією, міст",Дон,SRC001,2003-01-01_2007-12-31_output,ratio_to_geometric_neighbor_center=0.0373818; neighbor_ratio=1.62,retain_unchanged,screening_only,,,,
SWM_26935_20040113,26935,2004-01-13,Amoniy,mg/dm3,0.05,DQ005_TEMPORAL_ISOLATED_EXTREME,review,Value differs >=20-fold from the geometric mean of adjacent observations; both neighbors are within 5-fold and within 180 days.,1.03,1.43,"р. Стир, 183 км, м. Вараш (Кузнєцовськ), водозабір РАЕС",Дніпро,SRC001,2003-01-01_2007-12-31_output,ratio_to_geometric_neighbor_center=0.0411987; neighbor_ratio=1.39,retain_unchanged,screening_only,,,,
SWM_27256_20040128,27256,2004-01-28,Nitrat,mg/dm3,10.7,DQ005_TEMPORAL_ISOLATED_EXTREME,review,Value differs >=20-fold from the geometric mean of adjacent observations; both neighbors are within 5-fold and within 180 days.,0.4,0.11,"р. Серет, 211 км, с. Горішньо-Івачів, Горишньо-Івачівське вдсх., питний в/з м.Тернопіль",Дністер,SRC001,2003-01-01_2007-12-31_output,ratio_to_geometric_neighbor_center=51.0102; neighbor_ratio=3.64,retain_unchanged,screening_only,,,,
SWM_27225_20040227,27225,2004-02-27,SPAR,mg/dm3,0.03,DQ005_TEMPORAL_ISOLATED_EXTREME,review,Value differs >=20-fold from the geometric mean of adjacent observations; both neighbors are within 5-fold and within 180 days.,0.73,1.12,"р. Дністер, 783 км, м. Кам'янець-Подільський, Дністровське вдсх., питний водозабір міста",Дністер,SRC001,2003-01-01_2007-12-31_output,ratio_to_geometric_neighbor_center=0.033178; neighbor_ratio=1.53,retain_unchanged,screening_only,,,,
SWM_27112_20040317,27112,2004-03-17,Fosfat,mg/dm3,14.4,DQ005_TEMPORAL_ISOLATED_EXTREME,review,Value differs >=20-fold from the geometric mean of adjacent observations; both neighbors are within 5-fold and within 180 days.,0.17,0.1,"р. Дніпро, 40 км, м. Херсон, 1 км вище міста",Дніпро,SRC001,2003-01-01_2007-12-31_output,ratio_to_geometric_neighbor_center=110.443; neighbor_ratio=1.7,retain_unchanged,screening_only,,,,
SWM_27027_20040318,27027,2004-03-18,Nitrit,mg/dm3,0.002,DQ005_TEMPORAL_ISOLATED_EXTREME,review,Value differs >=20-fold from the geometric mean of adjacent observations; both neighbors are within 5-fold and within 180 days.,0.14,0.12,"р. Рось, 64 км,   м.Корсунь-Шевченківський, питний в/з",Дніпро,SRC001,2003-01-01_2007-12-31_output,ratio_to_geometric_neighbor_center=0.0154303; neighbor_ratio=1.17,retain_unchanged,screening_only,,,,
SWM_27307_20040322,27307,2004-03-22,Zavisli,mg/dm3,121.0,DQ005_TEMPORAL_ISOLATED_EXTREME,review,Value differs >=20-fold from the geometric mean of adjacent observations; both neighbors are within 5-fold and within 180 days.,4.0,6.0,"р. Прут, 790 км, смт. Неполоківці,, кордон Ів.-Франківської і Чернівецької обл.",Дунай,SRC001,2003-01-01_2007-12-31_output,ratio_to_geometric_neighbor_center=24.699; neighbor_ratio=1.5,retain_unchanged,screening_only,,,,
SWM_27279_20040323,27279,2004-03-23,Nitrat,mg/dm3,0.05,DQ005_TEMPORAL_ISOLATED_EXTREME,review,Value differs >=20-fold from the geometric mean of adjacent observations; both neighbors are within 5-fold and within 180 days.,3.5,1.8,"р. Тиса, 807 км, смт.Вілок, кордон з Угорщиною",Дунай,SRC001,2003-01-01_2007-12-31_output,ratio_to_geometric_neighbor_center=0.0199205; neighbor_ratio=1.94,retain_unchanged,screening_only,,,,
SWM_27145_20040406,27145,2004-04-06,Fosfat,mg/dm3,0.006,DQ005_TEMPORAL_ISOLATED_EXTREME,review,Value differs >=20-fold from the geometric mean of adjacent observations; both neighbors are within 5-fold and within 180 days.,0.3,0.13,"р. Південний Буг, 206 км, м. Первомайськ, Первомайське вдсх.",Південний Буг,SRC001,2003-01-01_2007-12-31_output,ratio_to_geometric_neighbor_center=0.0303822; neighbor_ratio=2.31,retain_unchanged,screening_only,,,,
SWM_27147_20040406,27147,2004-04-06,Fosfat,mg/dm3,0.003,DQ005_TEMPORAL_ISOLATED_EXTREME,review,Value differs >=20-fold from the geometric mean of adjacent observations; both neighbors are within 5-fold and within 180 days.,0.33,0.4,"р. Південний Буг, 136 км, с. Олександрівка, Олександрівське вдсх.",Південний Буг,SRC001,2003-01-01_2007-12-31_output,ratio_to_geometric_neighbor_center=0.00825723; neighbor_ratio=1.21,retain_unchanged,screening_only,,,,
SWM_27222_20040408,27222,2004-04-08,Nitrit,mg/dm3,0.08,DQ005_TEMPORAL_ISOLATED_EXTREME,review,Value differs >=20-fold from the geometric mean of adjacent observations; both neighbors are within 5-fold and within 180 days.,0.003,0.005,"р. Дністер, 936 км, м. Заліщики, в/з, прав. берег, 50 м нижче мосту через річку по дорозі Чернівці - Тернопіль",Дністер,SRC001,2003-01-01_2007-12-31_output,ratio_to_geometric_neighbor_center=20.6559; neighbor_ratio=1.67,retain_unchanged,screening_only,,,,
SWM_27023_20040414,27023,2004-04-14,Nitrat,mg/dm3,0.11,DQ005_TEMPORAL_ISOLATED_EXTREME,review,Value differs >=20-fold from the geometric mean of adjacent observations; both neighbors are within 5-fold and within 180 days.,6.88,2.7,"р. Рось, 118 км, м.Богуслав, питний в/з міста",Дніпро,SRC001,2003-01-01_2007-12-31_output,ratio_to_geometric_neighbor_center=0.0255221; neighbor_ratio=2.55,retain_unchanged,screening_only,,,,
SWM_27314_20040421,27314,2004-04-21,Sulfat,mg/dm3,43.0,DQ005_TEMPORAL_ISOLATED_EXTREME,review,Value differs >=20-fold from the geometric mean of adjacent observations; both neighbors are within 5-fold and within 180 days.,936.8,1023.2,"оз. Кагул, 0 км, ГНС Нагірне",Дунай,SRC001,2003-01-01_2007-12-31_output,ratio_to_geometric_neighbor_center=0.0439202; neighbor_ratio=1.09,retain_unchanged,screening_only,,,,
SWM_27316_20040421,27316,2004-04-21,Nitrat,mg/dm3,0.58,DQ005_TEMPORAL_ISOLATED_EXTREME,review,Value differs >=20-fold from the geometric mean of adjacent observations; both neighbors are within 5-fold and within 180 days.,0.01,0.05,"оз. Ялпуг-Кугурлуй, 0 км, с. Нова Некрасівка",Дунай,SRC001,2003-01-01_2007-12-31_output,ratio_to_geometric_neighbor_center=25.9384; neighbor_ratio=5,retain_unchanged,screening_only,,,,
SWM_27256_20040428,27256,2004-04-28,Nitrat,mg/dm3,0.11,DQ005_TEMPORAL_ISOLATED_EXTREME,review,Value differs >=20-fold from the geometric mean of adjacent observations; both neighbors are within 5-fold and within 180 days.,10.7,3.8,"р. Серет, 211 км, с. Горішньо-Івачів, Горишньо-Івачівське вдсх., питний в/з м.Тернопіль",Дністер,SRC001,2003-01-01_2007-12-31_output,ratio_to_geometric_neighbor_center=0.0172508; neighbor_ratio=2.82,retain_unchanged,screening_only,,,,
SWM_27250_20040506,27250,2004-05-06,Nitrat,mg/dm3,0.18,DQ005_TEMPORAL_ISOLATED_EXTREME,review,Value differs >=20-fold from the geometric mean of adjacent observations; both neighbors are within 5-fold and within 180 days.,12.0,5.75,"р. Золота Липа, 74 км, м. Бережани, сільгосп. в/з",Дністер,SRC001,2003-01-01_2007-12-31_output,ratio_to_geometric_neighbor_center=0.0216695; neighbor_ratio=2.09,retain_unchanged,screening_only,,,,
SWM_27314_20040511,27314,2004-05-11,Sulfat,mg/dm3,1023.2,DQ005_TEMPORAL_ISOLATED_EXTREME,review,Value differs >=20-fold from the geometric mean of adjacent observations; both neighbors are within 5-fold and within 180 days.,43.0,40.9,"оз. Кагул, 0 км, ГНС Нагірне",Дунай,SRC001,2003-01-01_2007-12-31_output,ratio_to_geometric_neighbor_center=24.3986; neighbor_ratio=1.05,retain_unchanged,screening_only,,,,
SWM_27321_20040511,27321,2004-05-11,Nitrat,mg/dm3,0.02,DQ005_TEMPORAL_ISOLATED_EXTREME,review,Value differs >=20-fold from the geometric mean of adjacent observations; both neighbors are within 5-fold and within 180 days.,1.13,0.37,"р. В.Катлабух, 2 км, а/д міст",Дунай,SRC001,2003-01-01_2007-12-31_output,ratio_to_geometric_neighbor_center=0.0309307; neighbor_ratio=3.05,retain_unchanged,screening_only,,,,
SWM_27350_20040517,27350,2004-05-17,Nitrat,mg/dm3,28.16,DQ005_TEMPORAL_ISOLATED_EXTREME,review,Value differs >=20-fold from the geometric mean of adjacent observations; both neighbors are within 5-fold and within 180 days.,0.2,0.8,"р. Когільник, 12 км, с. Новоолексіївка",Річки Причорномор'я,SRC001,2003-01-01_2007-12-31_output,ratio_to_geometric_neighbor_center=70.4; neighbor_ratio=4,retain_unchanged,screening_only,,,,
SWM_27314_20040518,27314,2004-05-18,Sulfat,mg/dm3,40.9,DQ005_TEMPORAL_ISOLATED_EXTREME,review,Value differs >=20-fold from the geometric mean of adjacent observations; both neighbors are within 5-fold and within 180 days.,1023.2,1003.8,"оз. Кагул, 0 км, ГНС Нагірне",Дунай,SRC001,2003-01-01_2007-12-31_output,ratio_to_geometric_neighbor_center=0.0403571; neighbor_ratio=1.02,retain_unchanged,screening_only,,,,
SWM_26968_20040519,26968,2004-05-19,Fosfat,mg/dm3,0.81,DQ005_TEMPORAL_ISOLATED_EXTREME,review,Value differs >=20-fold from the geometric mean of adjacent observations; both neighbors are within 5-fold and within 180 days.,0.03,0.01,"р. Ірша, 31 км, м. Малин, питний в/з міста",Дніпро,SRC001,2003-01-01_2007-12-31_output,ratio_to_geometric_neighbor_center=46.7654; neighbor_ratio=3,retain_unchanged,screening_only,,,,
SWM_27027_20040526,27027,2004-05-26,Nitrit,mg/dm3,0.12,DQ005_TEMPORAL_ISOLATED_EXTREME,review,Value differs >=20-fold from the geometric mean of adjacent observations; both neighbors are within 5-fold and within 180 days.,0.002,0.01,"р. Рось, 64 км,   м.Корсунь-Шевченківський, питний в/з",Дніпро,SRC001,2003-01-01_2007-12-31_output,ratio_to_geometric_neighbor_center=26.8328; neighbor_ratio=5,retain_unchanged,screening_only,,,,
SWM_27153_20040528,27153,2004-05-28,BSK5,mgO2/dm3,0.3,DQ005_TEMPORAL_ISOLATED_EXTREME,review,Value differs >=20-fold from the geometric mean of adjacent observations; both neighbors are within 5-fold and within 180 days.,8.0,8.5,"р. Кодима, 103 км, м. Балта, сільгосп. в/з",Південний Буг,SRC001,2003-01-01_2007-12-31_output,ratio_to_geometric_neighbor_center=0.0363803; neighbor_ratio=1.06,retain_unchanged,screening_only,,,,
SWM_27262_20040528,27262,2004-05-28,Hlorid,mg/dm3,26.6,DQ005_TEMPORAL_ISOLATED_EXTREME,review,Value differs >=20-fold from the geometric mean of adjacent observations; both neighbors are within 5-fold and within 180 days.,771.34,432.0,"р. Білоч, 15 км, с. Шершенці, кордон з Молдовою",Дністер,SRC001,2003-01-01_2007-12-31_output,ratio_to_geometric_neighbor_center=0.0460805; neighbor_ratio=1.79,retain_unchanged,screening_only,,,,
SWM_27314_20040601,27314,2004-06-01,Sulfat,mg/dm3,1003.8,DQ005_TEMPORAL_ISOLATED_EXTREME,review,Value differs >=20-fold from the geometric mean of adjacent observations; both neighbors are within 5-fold and within 180 days.,40.9,48.5,"оз. Кагул, 0 км, ГНС Нагірне",Дунай,SRC001,2003-01-01_2007-12-31_output,ratio_to_geometric_neighbor_center=22.538; neighbor_ratio=1.19,retain_unchanged,screening_only,,,,
SWM_27024_20040616,27024,2004-06-16,Zavisli,mg/dm3,0.6,DQ005_TEMPORAL_ISOLATED_EXTREME,review,Value differs >=20-fold from the geometric mean of adjacent observations; both neighbors are within 5-fold and within 180 days.,15.6,13.5,"р. Рось, 98 км, с.Москаленки, кордон Київської і Черкаської обл.",Дніпро,SRC001,2003-01-01_2007-12-31_output,ratio_to_geometric_neighbor_center=0.0413449; neighbor_ratio=1.16,retain_unchanged,screening_only,,,,
SWM_27350_20040705,27350,2004-07-05,Nitrat,mg/dm3,45.76,DQ005_TEMPORAL_ISOLATED_EXTREME,review,Value differs >=20-fold from the geometric mean of adjacent observations; both neighbors are within 5-fold and within 180 days.,0.4,0.4,"р. Когільник, 12 км, с. Новоолексіївка",Річки Причорномор'я,SRC001,2003-01-01_2007-12-31_output,ratio_to_geometric_neighbor_center=114.4; neighbor_ratio=1,retain_unchanged,screening_only,,,,
SWM_27045_20040706,27045,2004-07-06,Zavisli,mg/dm3,278.0,DQ005_TEMPORAL_ISOLATED_EXTREME,review,Value differs >=20-fold from the geometric mean of adjacent observations; both neighbors are within 5-fold and within 180 days.,10.4,3.8,"р. Дніпро, 550 км, м. Горішні Плавні (м.Комсомольськ), питний в/з міста",Дніпро,SRC001,2003-01-01_2007-12-31_output,ratio_to_geometric_neighbor_center=44.2218; neighbor_ratio=2.74,retain_unchanged,screening_only,,,,
SWM_27145_20040707,27145,2004-07-07,Nitrat,mg/dm3,0.18,DQ005_TEMPORAL_ISOLATED_EXTREME,review,Value differs >=20-fold from the geometric mean of adjacent observations; both neighbors are within 5-fold and within 180 days.,5.36,5.64,"р. Південний Буг, 206 км, м. Первомайськ, Первомайське вдсх.",Південний Буг,SRC001,2003-01-01_2007-12-31_output,ratio_to_geometric_neighbor_center=0.0327379; neighbor_ratio=1.05,retain_unchanged,screening_only,,,,
SWM_27331_20040806,27331,2004-08-06,Amoniy,mg/dm3,0.05,DQ005_TEMPORAL_ISOLATED_EXTREME,review,Value differs >=20-fold from the geometric mean of adjacent observations; both neighbors are within 5-fold and within 180 days.,1.38,4.31,"р. Західний Буг, 689 км, Добротвірське вдсх, н/б'єф, в/з",Вісла,SRC001,2003-01-01_2007-12-31_output,ratio_to_geometric_neighbor_center=0.0205018; neighbor_ratio=3.12,retain_unchanged,screening_only,,,,
SWM_26950_20040826,26950,2004-08-26,Nitrit,mg/dm3,0.38,DQ005_TEMPORAL_ISOLATED_EXTREME,review,Value differs >=20-fold from the geometric mean of adjacent observations; both neighbors are within 5-fold and within 180 days.,0.03,0.01,"р. Случ, 406 км, с.Чернелівка, Красилівського р-ну, питний в/з м. Хмельницький",Дніпро,SRC001,2003-01-01_2007-12-31_output,ratio_to_geometric_neighbor_center=21.9393; neighbor_ratio=3,retain_unchanged,screening_only,,,,
SWM_27139_20040830,27139,2004-08-30,Amoniy,mg/dm3,0.021,DQ005_TEMPORAL_ISOLATED_EXTREME,review,Value differs >=20-fold from the geometric mean of adjacent observations; both neighbors are within 5-fold and within 180 days.,0.73,0.31,"р. Південний Буг, 537 км, смт. Сутиски, Сутиське вдсх., н/б'єф",Південний Буг,SRC001,2003-01-01_2007-12-31_output,ratio_to_geometric_neighbor_center=0.0441445; neighbor_ratio=2.35,retain_unchanged,screening_only,,,,
SWM_26968_20040831,26968,2004-08-31,Fosfat,mg/dm3,0.01,DQ005_TEMPORAL_ISOLATED_EXTREME,review,Value differs >=20-fold from the geometric mean of adjacent observations; both neighbors are within 5-fold and within 180 days.,0.81,0.18,"р. Ірша, 31 км, м. Малин, питний в/з міста",Дніпро,SRC001,2003-01-01_2007-12-31_output,ratio_to_geometric_neighbor_center=0.0261891; neighbor_ratio=4.5,retain_unchanged,screening_only,,,,
SWM_27050_20040908,27050,2004-09-08,Nitrat,mg/dm3,62.0,DQ005_TEMPORAL_ISOLATED_EXTREME,review,Value differs >=20-fold from the geometric mean of adjacent observations; both neighbors are within 5-fold and within 180 days.,1.84,1.72,"р. Псел, 480 км, с. В.Чернетчина, а/д міст вище техн. в/з м. Суми",Дніпро,SRC001,2003-01-01_2007-12-31_output,ratio_to_geometric_neighbor_center=34.8513; neighbor_ratio=1.07,retain_unchanged,screening_only,,,,
SWM_27112_20041013,27112,2004-10-13,Kisen,mg/dm3,0.22,DQ005_TEMPORAL_ISOLATED_EXTREME,review,Value differs >=20-fold from the geometric mean of adjacent observations; both neighbors are within 5-fold and within 180 days.,8.2,10.1,"р. Дніпро, 40 км, м. Херсон, 1 км вище міста",Дніпро,SRC001,2003-01-01_2007-12-31_output,ratio_to_geometric_neighbor_center=0.0241744; neighbor_ratio=1.23,retain_unchanged,screening_only,,,,
SWM_26934_20041020,26934,2004-10-20,Sulfat,mg/dm3,2385.0,DQ005_TEMPORAL_ISOLATED_EXTREME,review,Value differs >=20-fold from the geometric mean of adjacent observations; both neighbors are within 5-fold and within 180 days.,25.96,26.7,"р. Стир, 308 км, м.Луцьк, питний в/з міста",Дніпро,SRC001,2003-01-01_2007-12-31_output,ratio_to_geometric_neighbor_center=90.59; neighbor_ratio=1.03,retain_unchanged,screening_only,,,,
SWM_27226_20041021,27226,2004-10-21,Amoniy,mg/dm3,0.002,DQ005_TEMPORAL_ISOLATED_EXTREME,review,Value differs >=20-fold from the geometric mean of adjacent observations; both neighbors are within 5-fold and within 180 days.,0.12,0.03,"р. Дністер, 708 км, с. Кормань, Дністровське вдсх., пр. берег, безпосередньо в районі насосної станції водозабору",Дністер,SRC001,2003-01-01_2007-12-31_output,ratio_to_geometric_neighbor_center=0.0333333; neighbor_ratio=4,retain_unchanged,screening_only,,,,
SWM_27307_20041027,27307,2004-10-27,Fosfat,mg/dm3,0.32,DQ005_TEMPORAL_ISOLATED_EXTREME,review,Value differs >=20-fold from the geometric mean of adjacent observations; both neighbors are within 5-fold and within 180 days.,0.019,0.01,"р. Прут, 790 км, смт. Неполоківці,, кордон Ів.-Франківської і Чернівецької обл.",Дунай,SRC001,2003-01-01_2007-12-31_output,ratio_to_geometric_neighbor_center=23.2152; neighbor_ratio=1.9,retain_unchanged,screening_only,,,,
SWM_27331_20041027,27331,2004-10-27,Amoniy,mg/dm3,4.31,DQ005_TEMPORAL_ISOLATED_EXTREME,review,Value differs >=20-fold from the geometric mean of adjacent observations; both neighbors are within 5-fold and within 180 days.,0.05,0.05,"р. Західний Буг, 689 км, Добротвірське вдсх, н/б'єф, в/з",Вісла,SRC001,2003-01-01_2007-12-31_output,ratio_to_geometric_neighbor_center=86.2; neighbor_ratio=1,retain_unchanged,screening_only,,,,
SWM_27018_20041104,27018,2004-11-04,Amoniy,mg/dm3,0.01,DQ005_TEMPORAL_ISOLATED_EXTREME,review,Value differs >=20-fold from the geometric mean of adjacent observations; both neighbors are within 5-fold and within 180 days.,0.47,0.24,"р. Дніпро, 580 км, с.Власівка, лівий берег, питний в/з м.Кременчук",Дніпро,SRC001,2003-01-01_2007-12-31_output,ratio_to_geometric_neighbor_center=0.0297746; neighbor_ratio=1.96,retain_unchanged,screening_only,,,,
SWM_27023_20041110,27023,2004-11-10,Zavisli,mg/dm3,0.2,DQ005_TEMPORAL_ISOLATED_EXTREME,review,Value differs >=20-fold from the geometric mean of adjacent observations; both neighbors are within 5-fold and within 180 days.,4.0,6.4,"р. Рось, 118 км, м.Богуслав, питний в/з міста",Дніпро,SRC001,2003-01-01_2007-12-31_output,ratio_to_geometric_neighbor_center=0.0395285; neighbor_ratio=1.6,retain_unchanged,screening_only,,,,
SWM_27233_20041216,27233,2004-12-16,Nitrat,mg/dm3,0.1,DQ005_TEMPORAL_ISOLATED_EXTREME,review,Value differs >=20-fold from the geometric mean of adjacent observations; both neighbors are within 5-fold and within 180 days.,6.0,5.8,"р. Дністер, 16 км, с. Маяки, ГНС Нижньо-Дністровської ЗС",Дністер,SRC001,2003-01-01_2007-12-31_output,ratio_to_geometric_neighbor_center=0.0169516; neighbor_ratio=1.03,retain_unchanged,screening_only,,,,
SWM_27150_20050117,27150,2005-01-17,SPAR,mg/dm3,0.001,DQ005_TEMPORAL_ISOLATED_EXTREME,review,Value differs >=20-fold from the geometric mean of adjacent observations; both neighbors are within 5-fold and within 180 days.,0.075,0.017,"р. Південний Буг, 0,5 км, м. Миколаїв, Бузький лиман, тех. в/з Миколаївської ТЕЦ (ліва частина морського порту)",Південний Буг,SRC001,2003-01-01_2007-12-31_output,ratio_to_geometric_neighbor_center=0.0280056; neighbor_ratio=4.41,retain_unchanged,screening_only,,,,
SWM_27133_20050302,27133,2005-03-02,Nitrat,mg/dm3,0.2,DQ005_TEMPORAL_ISOLATED_EXTREME,review,Value differs >=20-fold from the geometric mean of adjacent observations; both neighbors are within 5-fold and within 180 days.,6.2,6.1,"р. Південний Буг, 711 км,  смт. Меджибіж, Меджибіжське вдсх.",Південний Буг,SRC001,2003-01-01_2007-12-31_output,ratio_to_geometric_neighbor_center=0.0325214; neighbor_ratio=1.02,retain_unchanged,screening_only,,,,
SWM_27133_20050302,27133,2005-03-02,Nitrit,mg/dm3,11.12,DQ005_TEMPORAL_ISOLATED_EXTREME,review,Value differs >=20-fold from the geometric mean of adjacent observations; both neighbors are within 5-fold and within 180 days.,0.57,0.35,"р. Південний Буг, 711 км,  смт. Меджибіж, Меджибіжське вдсх.",Південний Буг,SRC001,2003-01-01_2007-12-31_output,ratio_to_geometric_neighbor_center=24.8962; neighbor_ratio=1.63,retain_unchanged,screening_only,,,,
SWM_27315_20050321,27315,2005-03-21,Nitrat,mg/dm3,4.96,DQ005_TEMPORAL_ISOLATED_EXTREME,review,Value differs >=20-fold from the geometric mean of adjacent observations; both neighbors are within 5-fold and within 180 days.,0.14,0.27,"оз. Ялпуг-Кугурлуй, 0 км, с. Оксамитне Болградського району, Болградський питний в/з",Дунай,SRC001,2003-01-01_2007-12-31_output,ratio_to_geometric_neighbor_center=25.5115; neighbor_ratio=1.93,retain_unchanged,screening_only,,,,
SWM_27225_20050324,27225,2005-03-24,Nitrit,mg/dm3,2.24,DQ005_TEMPORAL_ISOLATED_EXTREME,review,Value differs >=20-fold from the geometric mean of adjacent observations; both neighbors are within 5-fold and within 180 days.,0.032,0.075,"р. Дністер, 783 км, м. Кам'янець-Подільський, Дністровське вдсх., питний водозабір міста",Дністер,SRC001,2003-01-01_2007-12-31_output,ratio_to_geometric_neighbor_center=45.7238; neighbor_ratio=2.34,retain_unchanged,screening_only,,,,
SWM_26973_20050329,26973,2005-03-29,Nitrit,mg/dm3,2.07,DQ005_TEMPORAL_ISOLATED_EXTREME,review,Value differs >=20-fold from the geometric mean of adjacent observations; both neighbors are within 5-fold and within 180 days.,0.05,0.08,"р. Кізка, 5 км, с.Демидів, вплив зворотних вод ""Агромарс""",Дніпро,SRC001,2003-01-01_2007-12-31_output,ratio_to_geometric_neighbor_center=32.7296; neighbor_ratio=1.6,retain_unchanged,screening_only,,,,
SWM_27147_20050407,27147,2005-04-07,Fosfat,mg/dm3,0.018,DQ005_TEMPORAL_ISOLATED_EXTREME,review,Value differs >=20-fold from the geometric mean of adjacent observations; both neighbors are within 5-fold and within 180 days.,0.22,0.71,"р. Південний Буг, 136 км, с. Олександрівка, Олександрівське вдсх.",Південний Буг,SRC001,2003-01-01_2007-12-31_output,ratio_to_geometric_neighbor_center=0.0455441; neighbor_ratio=3.23,retain_unchanged,screening_only,,,,
SWM_27063_20050411,27063,2005-04-11,Nitrat,mg/dm3,0.05,DQ005_TEMPORAL_ISOLATED_EXTREME,review,Value differs >=20-fold from the geometric mean of adjacent observations; both neighbors are within 5-fold and within 180 days.,2.34,0.73,"канал Дніпро-Донбас, 0,5 км, с. Шульгівка, після ГВК Дніпро-Донбас",Дніпро,SRC001,2003-01-01_2007-12-31_output,ratio_to_geometric_neighbor_center=0.0382561; neighbor_ratio=3.21,retain_unchanged,screening_only,,,,
SWM_27016_20050412,27016,2005-04-12,Nitrit,mg/dm3,0.6,DQ005_TEMPORAL_ISOLATED_EXTREME,review,Value differs >=20-fold from the geometric mean of adjacent observations; both neighbors are within 5-fold and within 180 days.,0.04,0.02,"р. Дніпро, 678 км, c. Сокірне, питний в/з м.Черкаси",Дніпро,SRC001,2003-01-01_2007-12-31_output,ratio_to_geometric_neighbor_center=21.2132; neighbor_ratio=2,retain_unchanged,screening_only,,,,
SWM_27225_20050504,27225,2005-05-04,Nitrat,mg/dm3,0.45,DQ005_TEMPORAL_ISOLATED_EXTREME,review,Value differs >=20-fold from the geometric mean of adjacent observations; both neighbors are within 5-fold and within 180 days.,16.0,12.8,"р. Дністер, 783 км, м. Кам'янець-Подільський, Дністровське вдсх., питний водозабір міста",Дністер,SRC001,2003-01-01_2007-12-31_output,ratio_to_geometric_neighbor_center=0.0314447; neighbor_ratio=1.25,retain_unchanged,screening_only,,,,
SWM_27314_20050524,27314,2005-05-24,Sulfat,mg/dm3,1061.2,DQ005_TEMPORAL_ISOLATED_EXTREME,review,Value differs >=20-fold from the geometric mean of adjacent observations; both neighbors are within 5-fold and within 180 days.,51.6,48.6,"оз. Кагул, 0 км, ГНС Нагірне",Дунай,SRC001,2003-01-01_2007-12-31_output,ratio_to_geometric_neighbor_center=21.1911; neighbor_ratio=1.06,retain_unchanged,screening_only,,,,
SWM_27341_20050608,27341,2005-06-08,Hlorid,mg/dm3,420.0,DQ005_TEMPORAL_ISOLATED_EXTREME,review,Value differs >=20-fold from the geometric mean of adjacent observations; both neighbors are within 5-fold and within 180 days.,8.5,5.11,"р. Луга, 6 км, с. П'ятидні",Вісла,SRC001,2003-01-01_2007-12-31_output,ratio_to_geometric_neighbor_center=63.7279; neighbor_ratio=1.66,retain_unchanged,screening_only,,,,
SWM_27223_20050615,27223,2005-06-15,Nitrit,mg/dm3,0.12,DQ005_TEMPORAL_ISOLATED_EXTREME,review,Value differs >=20-fold from the geometric mean of adjacent observations; both neighbors are within 5-fold and within 180 days.,0.007,0.002,"р. Дністер, 900 км, с. Митків, правий берег, 200 м вище станції першого підйому в/з м. Чернівці",Дністер,SRC001,2003-01-01_2007-12-31_output,ratio_to_geometric_neighbor_center=32.0713; neighbor_ratio=3.5,retain_unchanged,screening_only,,,,
SWM_27243_20050615,27243,2005-06-15,Zavisli,mg/dm3,95.0,DQ005_TEMPORAL_ISOLATED_EXTREME,review,Value differs >=20-fold from the geometric mean of adjacent observations; both neighbors are within 5-fold and within 180 days.,4.0,3.0,"р. Чечва, 16 км, смт. Рожнятів, Чечвенське вдсх.",Дністер,SRC001,2003-01-01_2007-12-31_output,ratio_to_geometric_neighbor_center=27.4241; neighbor_ratio=1.33,retain_unchanged,screening_only,,,,
SWM_27087_20050711,27087,2005-07-11,Fosfat,mg/dm3,0.01,DQ005_TEMPORAL_ISOLATED_EXTREME,review,Value differs >=20-fold from the geometric mean of adjacent observations; both neighbors are within 5-fold and within 180 days.,0.13,0.6,"р. Дніпро, 336 км, с. Володимирка, ГНС Шевченківської ЗС",Дніпро,SRC001,2003-01-01_2007-12-31_output,ratio_to_geometric_neighbor_center=0.0358057; neighbor_ratio=4.62,retain_unchanged,screening_only,,,,
SWM_27162_20050802,27162,2005-08-02,Fosfat,mg/dm3,0.01,DQ005_TEMPORAL_ISOLATED_EXTREME,review,Value differs >=20-fold from the geometric mean of adjacent observations; both neighbors are within 5-fold and within 180 days.,0.35,0.45,"р. Інгул, 318 км, м. Кропивницький, питний в/з міста",Південний Буг,SRC001,2003-01-01_2007-12-31_output,ratio_to_geometric_neighbor_center=0.0251976; neighbor_ratio=1.29,retain_unchanged,screening_only,,,,
SWM_27018_20050803,27018,2005-08-03,Fosfat,mg/dm3,0.01,DQ005_TEMPORAL_ISOLATED_EXTREME,review,Value differs >=20-fold from the geometric mean of adjacent observations; both neighbors are within 5-fold and within 180 days.,0.29,0.54,"р. Дніпро, 580 км, с.Власівка, лівий берег, питний в/з м.Кременчук",Дніпро,SRC001,2003-01-01_2007-12-31_output,ratio_to_geometric_neighbor_center=0.0252699; neighbor_ratio=1.86,retain_unchanged,screening_only,,,,
SWM_27247_20050809,27247,2005-08-09,Zavisli,mg/dm3,198.0,DQ005_TEMPORAL_ISOLATED_EXTREME,review,Value differs >=20-fold from the geometric mean of adjacent observations; both neighbors are within 5-fold and within 180 days.,4.0,8.0,"р. Бистриця Солотвинська, 18 км, с. Скобичівка, питний в/з Ів.-Франк., 10 м нижче мосту",Дністер,SRC001,2003-01-01_2007-12-31_output,ratio_to_geometric_neighbor_center=35.0018; neighbor_ratio=2,retain_unchanged,screening_only,,,,
SWM_27247_20050809,27247,2005-08-09,Amoniy,mg/dm3,0.91,DQ005_TEMPORAL_ISOLATED_EXTREME,review,Value differs >=20-fold from the geometric mean of adjacent observations; both neighbors are within 5-fold and within 180 days.,0.04,0.05,"р. Бистриця Солотвинська, 18 км, с. Скобичівка, питний в/з Ів.-Франк., 10 м нижче мосту",Дністер,SRC001,2003-01-01_2007-12-31_output,ratio_to_geometric_neighbor_center=20.3482; neighbor_ratio=1.25,retain_unchanged,screening_only,,,,
SWM_27350_20050812,27350,2005-08-12,BSK5,mgO2/dm3,57.0,DQ005_TEMPORAL_ISOLATED_EXTREME,review,Value differs >=20-fold from the geometric mean of adjacent observations; both neighbors are within 5-fold and within 180 days.,2.1,2.52,"р. Когільник, 12 км, с. Новоолексіївка",Річки Причорномор'я,SRC001,2003-01-01_2007-12-31_output,ratio_to_geometric_neighbor_center=24.7779; neighbor_ratio=1.2,retain_unchanged,screening_only,,,,
SWM_27353_20050812,27353,2005-08-12,Nitrit,mg/dm3,8.0,DQ005_TEMPORAL_ISOLATED_EXTREME,review,Value differs >=20-fold from the geometric mean of adjacent observations; both neighbors are within 5-fold and within 180 days.,0.19,0.1,"р. Хаджидер, 10,1 км, с. Сергіївка",Річки Причорномор'я,SRC001,2003-01-01_2007-12-31_output,ratio_to_geometric_neighbor_center=58.0381; neighbor_ratio=1.9,retain_unchanged,screening_only,,,,
SWM_27153_20050817,27153,2005-08-17,BSK5,mgO2/dm3,0.2,DQ005_TEMPORAL_ISOLATED_EXTREME,review,Value differs >=20-fold from the geometric mean of adjacent observations; both neighbors are within 5-fold and within 180 days.,3.06,6.91,"р. Кодима, 103 км, м. Балта, сільгосп. в/з",Південний Буг,SRC001,2003-01-01_2007-12-31_output,ratio_to_geometric_neighbor_center=0.0434941; neighbor_ratio=2.26,retain_unchanged,screening_only,,,,
SWM_26974_20050830,26974,2005-08-30,Fosfat,mg/dm3,7.18,DQ005_TEMPORAL_ISOLATED_EXTREME,review,Value differs >=20-fold from the geometric mean of adjacent observations; both neighbors are within 5-fold and within 180 days.,0.27,0.27,"р. Дніпро, 870 км, м.Київ, гідропарк, техн в/з ТЕЦ-4",Дніпро,SRC001,2003-01-01_2007-12-31_output,ratio_to_geometric_neighbor_center=26.5926; neighbor_ratio=1,retain_unchanged,screening_only,,,,
SWM_27314_20050905,27314,2005-09-05,Nitrat,mg/dm3,0.07,DQ005_TEMPORAL_ISOLATED_EXTREME,review,Value differs >=20-fold from the geometric mean of adjacent observations; both neighbors are within 5-fold and within 180 days.,1.1,2.34,"оз. Кагул, 0 км, ГНС Нагірне",Дунай,SRC001,2003-01-01_2007-12-31_output,ratio_to_geometric_neighbor_center=0.0436309; neighbor_ratio=2.13,retain_unchanged,screening_only,,,,
SWM_26889_20050906,26889,2005-09-06,Amoniy,mg/dm3,15.49,DQ005_TEMPORAL_ISOLATED_EXTREME,review,Value differs >=20-fold from the geometric mean of adjacent observations; both neighbors are within 5-fold and within 180 days.,0.93,0.64,"р. Дніпро, 922 км, с.Козаровичі, Київське водосховище",Дніпро,SRC001,2003-01-01_2007-12-31_output,ratio_to_geometric_neighbor_center=20.078; neighbor_ratio=1.45,retain_unchanged,screening_only,,,,
SWM_26889_20050906,26889,2005-09-06,Fosfat,mg/dm3,17.05,DQ005_TEMPORAL_ISOLATED_EXTREME,review,Value differs >=20-fold from the geometric mean of adjacent observations; both neighbors are within 5-fold and within 180 days.,0.26,0.35,"р. Дніпро, 922 км, с.Козаровичі, Київське водосховище",Дніпро,SRC001,2003-01-01_2007-12-31_output,ratio_to_geometric_neighbor_center=56.5202; neighbor_ratio=1.35,retain_unchanged,screening_only,,,,
SWM_26889_20050906,26889,2005-09-06,BSK5,mgO2/dm3,74.8,DQ005_TEMPORAL_ISOLATED_EXTREME,review,Value differs >=20-fold from the geometric mean of adjacent observations; both neighbors are within 5-fold and within 180 days.,1.5,0.9,"р. Дніпро, 922 км, с.Козаровичі, Київське водосховище",Дніпро,SRC001,2003-01-01_2007-12-31_output,ratio_to_geometric_neighbor_center=64.3776; neighbor_ratio=1.67,retain_unchanged,screening_only,,,,
SWM_26972_20050906,26972,2005-09-06,Amoniy,mg/dm3,15.49,DQ005_TEMPORAL_ISOLATED_EXTREME,review,Value differs >=20-fold from the geometric mean of adjacent observations; both neighbors are within 5-fold and within 180 days.,0.93,0.64,"р. Ірпінь, 0,1 км, с.Козаровичі, гирло",Дніпро,SRC001,2003-01-01_2007-12-31_output,ratio_to_geometric_neighbor_center=20.078; neighbor_ratio=1.45,retain_unchanged,screening_only,,,,
SWM_26972_20050906,26972,2005-09-06,Fosfat,mg/dm3,17.05,DQ005_TEMPORAL_ISOLATED_EXTREME,review,Value differs >=20-fold from the geometric mean of adjacent observations; both neighbors are within 5-fold and within 180 days.,0.26,0.35,"р. Ірпінь, 0,1 км, с.Козаровичі, гирло",Дніпро,SRC001,2003-01-01_2007-12-31_output,ratio_to_geometric_neighbor_center=56.5202; neighbor_ratio=1.35,retain_unchanged,screening_only,,,,
SWM_26972_20050906,26972,2005-09-06,BSK5,mgO2/dm3,74.8,DQ005_TEMPORAL_ISOLATED_EXTREME,review,Value differs >=20-fold from the geometric mean of adjacent observations; both neighbors are within 5-fold and within 180 days.,1.5,0.9,"р. Ірпінь, 0,1 км, с.Козаровичі, гирло",Дніпро,SRC001,2003-01-01_2007-12-31_output,ratio_to_geometric_neighbor_center=64.3776; neighbor_ratio=1.67,retain_unchanged,screening_only,,,,
SWM_26973_20050906,26973,2005-09-06,BSK5,mgO2/dm3,136.2,DQ005_TEMPORAL_ISOLATED_EXTREME,review,Value differs >=20-fold from the geometric mean of adjacent observations; both neighbors are within 5-fold and within 180 days.,2.4,3.61,"р. Кізка, 5 км, с.Демидів, вплив зворотних вод ""Агромарс""",Дніпро,SRC001,2003-01-01_2007-12-31_output,ratio_to_geometric_neighbor_center=46.272; neighbor_ratio=1.5,retain_unchanged,screening_only,,,,
SWM_26994_20050907,26994,2005-09-07,Amoniy,mg/dm3,0.104,DQ005_TEMPORAL_ISOLATED_EXTREME,review,Value differs >=20-fold from the geometric mean of adjacent observations; both neighbors are within 5-fold and within 180 days.,1.25,4.7,"руч. Знаменка, 5 км, смт. Білі Березки, нижче міста, кордон з РФ",Дніпро,SRC001,2003-01-01_2007-12-31_output,ratio_to_geometric_neighbor_center=0.0429071; neighbor_ratio=3.76,retain_unchanged,screening_only,,,,
SWM_27020_20050908,27020,2005-09-08,Nitrat,mg/dm3,7.32,DQ005_TEMPORAL_ISOLATED_EXTREME,review,Value differs >=20-fold from the geometric mean of adjacent observations; both neighbors are within 5-fold and within 180 days.,0.4,0.23,"р. Рось, 278 км, с.Кошів, кордон з Вінницькою обл.",Дніпро,SRC001,2003-01-01_2007-12-31_output,ratio_to_geometric_neighbor_center=24.1333; neighbor_ratio=1.74,retain_unchanged,screening_only,,,,
SWM_27314_20050920,27314,2005-09-20,Nitrat,mg/dm3,2.34,DQ005_TEMPORAL_ISOLATED_EXTREME,review,Value differs >=20-fold from the geometric mean of adjacent observations; both neighbors are within 5-fold and within 180 days.,0.07,0.06,"оз. Кагул, 0 км, ГНС Нагірне",Дунай,SRC001,2003-01-01_2007-12-31_output,ratio_to_geometric_neighbor_center=36.107; neighbor_ratio=1.17,retain_unchanged,screening_only,,,,
SWM_26945_20050927,26945,2005-09-27,Nitrat,mg/dm3,0.53,DQ005_TEMPORAL_ISOLATED_EXTREME,review,Value differs >=20-fold from the geometric mean of adjacent observations; both neighbors are within 5-fold and within 180 days.,11.3,12.3,"р. Горинь, 478 км, м. Славута, зона впливу ХАЕС",Дніпро,SRC001,2003-01-01_2007-12-31_output,ratio_to_geometric_neighbor_center=0.0449556; neighbor_ratio=1.09,retain_unchanged,screening_only,,,,
SWM_26936_20051004,26936,2005-10-04,Nitrit,mg/dm3,0.005,DQ005_TEMPORAL_ISOLATED_EXTREME,review,Value differs >=20-fold from the geometric mean of adjacent observations; both neighbors are within 5-fold and within 180 days.,0.239,0.239,"р. Стир, 152 км, с.Сопачів, нижче  РАЕС",Дніпро,SRC001,2003-01-01_2007-12-31_output,ratio_to_geometric_neighbor_center=0.0209205; neighbor_ratio=1,retain_unchanged,screening_only,,,,
SWM_27318_20051011,27318,2005-10-11,Nitrat,mg/dm3,1.12,DQ005_TEMPORAL_ISOLATED_EXTREME,review,Value differs >=20-fold from the geometric mean of adjacent observations; both neighbors are within 5-fold and within 180 days.,11.25,52.0,"р. Карасулак, 3,3 км, с. Криничне",Дунай,SRC001,2003-01-01_2007-12-31_output,ratio_to_geometric_neighbor_center=0.0463063; neighbor_ratio=4.62,retain_unchanged,screening_only,,,,
SWM_26973_20051018,26973,2005-10-18,Zavisli,mg/dm3,0.5,DQ005_TEMPORAL_ISOLATED_EXTREME,review,Value differs >=20-fold from the geometric mean of adjacent observations; both neighbors are within 5-fold and within 180 days.,15.8,15.2,"р. Кізка, 5 км, с.Демидів, вплив зворотних вод ""Агромарс""",Дніпро,SRC001,2003-01-01_2007-12-31_output,ratio_to_geometric_neighbor_center=0.0322641; neighbor_ratio=1.04,retain_unchanged,screening_only,,,,
SWM_27245_20051019,27245,2005-10-19,Zavisli,mg/dm3,386.0,DQ005_TEMPORAL_ISOLATED_EXTREME,review,Value differs >=20-fold from the geometric mean of adjacent observations; both neighbors are within 5-fold and within 180 days.,13.0,4.0,"р. Луква, 23 км, с. Боднарів, лівий берег, 100 м нижче мосту по дорозі Івано-Франківськ - Калуш",Дністер,SRC001,2003-01-01_2007-12-31_output,ratio_to_geometric_neighbor_center=53.5286; neighbor_ratio=3.25,retain_unchanged,screening_only,,,,
SWM_27327_20051025,27327,2005-10-25,Nitrat,mg/dm3,1.32,DQ005_TEMPORAL_ISOLATED_EXTREME,review,Value differs >=20-fold from the geometric mean of adjacent observations; both neighbors are within 5-fold and within 180 days.,73.04,22.88,"р. Киргиж-Китай, 4,2 км, автодорожний міст",Дунай,SRC001,2003-01-01_2007-12-31_output,ratio_to_geometric_neighbor_center=0.0322898; neighbor_ratio=3.19,retain_unchanged,screening_only,,,,
SWM_27227_20051109,27227,2005-11-09,Amoniy,mg/dm3,0.001,DQ005_TEMPORAL_ISOLATED_EXTREME,review,Value differs >=20-fold from the geometric mean of adjacent observations; both neighbors are within 5-fold and within 180 days.,0.12,0.33,"р. Дністер, 675 км, Дністровське вдсх, в/б'єф, пр. берег, 500 м вище греблі ГЕС - 1",Дністер,SRC001,2003-01-01_2007-12-31_output,ratio_to_geometric_neighbor_center=0.00502519; neighbor_ratio=2.75,retain_unchanged,screening_only,,,,
SWM_27093_20051110,27093,2005-11-10,Nitrit,mg/dm3,0.002,DQ005_TEMPORAL_ISOLATED_EXTREME,review,Value differs >=20-fold from the geometric mean of adjacent observations; both neighbors are within 5-fold and within 180 days.,0.07,0.03,"р. Дніпро, 254 км, став-охолоджувач Запорізької АЕС",Дніпро,SRC001,2003-01-01_2007-12-31_output,ratio_to_geometric_neighbor_center=0.0436436; neighbor_ratio=2.33,retain_unchanged,screening_only,,,,
SWM_27327_20051110,27327,2005-11-10,Kisen,mg/dm3,0.3,DQ005_TEMPORAL_ISOLATED_EXTREME,review,Value differs >=20-fold from the geometric mean of adjacent observations; both neighbors are within 5-fold and within 180 days.,14.3,14.0,"р. Киргиж-Китай, 4,2 км, автодорожний міст",Дунай,SRC001,2003-01-01_2007-12-31_output,ratio_to_geometric_neighbor_center=0.0212026; neighbor_ratio=1.02,retain_unchanged,screening_only,,,,
SWM_27359_20051110,27359,2005-11-10,Fosfat,mg/dm3,0.02,DQ005_TEMPORAL_ISOLATED_EXTREME,review,Value differs >=20-fold from the geometric mean of adjacent observations; both neighbors are within 5-fold and within 180 days.,1.19,0.24,"р. М.Куяльник, 8,1 км, с. Бараново",Річки Причорномор'я,SRC001,2003-01-01_2007-12-31_output,ratio_to_geometric_neighbor_center=0.0374241; neighbor_ratio=4.96,retain_unchanged,screening_only,,,,
SWM_27229_20051201,27229,2005-12-01,Nitrit,mg/dm3,0.002,DQ005_TEMPORAL_ISOLATED_EXTREME,review,Value differs >=20-fold from the geometric mean of adjacent observations; both neighbors are within 5-fold and within 180 days.,0.04,0.06,"р. Дністер, 658 км, с. Наславча, кордон з Молдовою, н/б'ф Нижньодністровської ГЕС",Дністер,SRC001,2003-01-01_2007-12-31_output,ratio_to_geometric_neighbor_center=0.0408248; neighbor_ratio=1.5,retain_unchanged,screening_only,,,,
SWM_27003_20051212,27003,2005-12-12,HSK,mgO2/dm3,0.41,DQ005_TEMPORAL_ISOLATED_EXTREME,review,Value differs >=20-fold from the geometric mean of adjacent observations; both neighbors are within 5-fold and within 180 days.,14.8,8.8,"р. Клевень, 72 км, с.Заруцьке, кордон з Росією",Дніпро,SRC001,2003-01-01_2007-12-31_output,ratio_to_geometric_neighbor_center=0.0359262; neighbor_ratio=1.68,retain_unchanged,screening_only,,,,
SWM_27314_20051213,27314,2005-12-13,Sulfat,mg/dm3,795.7,DQ005_TEMPORAL_ISOLATED_EXTREME,review,Value differs >=20-fold from the geometric mean of adjacent observations; both neighbors are within 5-fold and within 180 days.,39.7,34.9,"оз. Кагул, 0 км, ГНС Нагірне",Дунай,SRC001,2003-01-01_2007-12-31_output,ratio_to_geometric_neighbor_center=21.3767; neighbor_ratio=1.14,retain_unchanged,screening_only,,,,
SWM_27314_20060117,27314,2006-01-17,Sulfat,mg/dm3,34.9,DQ005_TEMPORAL_ISOLATED_EXTREME,review,Value differs >=20-fold from the geometric mean of adjacent observations; both neighbors are within 5-fold and within 180 days.,795.7,944.8,"оз. Кагул, 0 км, ГНС Нагірне",Дунай,SRC001,2003-01-01_2007-12-31_output,ratio_to_geometric_neighbor_center=0.0402514; neighbor_ratio=1.19,retain_unchanged,screening_only,,,,
SWM_27314_20060131,27314,2006-01-31,Sulfat,mg/dm3,944.8,DQ005_TEMPORAL_ISOLATED_EXTREME,review,Value differs >=20-fold from the geometric mean of adjacent observations; both neighbors are within 5-fold and within 180 days.,34.9,45.7,"оз. Кагул, 0 км, ГНС Нагірне",Дунай,SRC001,2003-01-01_2007-12-31_output,ratio_to_geometric_neighbor_center=23.6575; neighbor_ratio=1.31,retain_unchanged,screening_only,,,,
SWM_26935_20060207,26935,2006-02-07,Fosfat,mg/dm3,0.001,DQ005_TEMPORAL_ISOLATED_EXTREME,review,Value differs >=20-fold from the geometric mean of adjacent observations; both neighbors are within 5-fold and within 180 days.,0.08,0.237,"р. Стир, 183 км, м. Вараш (Кузнєцовськ), водозабір РАЕС",Дніпро,SRC001,2003-01-01_2007-12-31_output,ratio_to_geometric_neighbor_center=0.00726241; neighbor_ratio=2.96,retain_unchanged,screening_only,,,,
SWM_26936_20060207,26936,2006-02-07,Fosfat,mg/dm3,0.005,DQ005_TEMPORAL_ISOLATED_EXTREME,review,Value differs >=20-fold from the geometric mean of adjacent observations; both neighbors are within 5-fold and within 180 days.,0.08,0.24,"р. Стир, 152 км, с.Сопачів, нижче  РАЕС",Дніпро,SRC001,2003-01-01_2007-12-31_output,ratio_to_geometric_neighbor_center=0.0360844; neighbor_ratio=3,retain_unchanged,screening_only,,,,
SWM_27314_20060208,27314,2006-02-08,Sulfat,mg/dm3,45.7,DQ005_TEMPORAL_ISOLATED_EXTREME,review,Value differs >=20-fold from the geometric mean of adjacent observations; both neighbors are within 5-fold and within 180 days.,944.8,910.3,"оз. Кагул, 0 км, ГНС Нагірне",Дунай,SRC001,2003-01-01_2007-12-31_output,ratio_to_geometric_neighbor_center=0.0492781; neighbor_ratio=1.04,retain_unchanged,screening_only,,,,
SWM_27314_20060220,27314,2006-02-20,Sulfat,mg/dm3,910.3,DQ005_TEMPORAL_ISOLATED_EXTREME,review,Value differs >=20-fold from the geometric mean of adjacent observations; both neighbors are within 5-fold and within 180 days.,45.7,39.2,"оз. Кагул, 0 км, ГНС Нагірне",Дунай,SRC001,2003-01-01_2007-12-31_output,ratio_to_geometric_neighbor_center=21.5072; neighbor_ratio=1.17,retain_unchanged,screening_only,,,,
SWM_27238_20060223,27238,2006-02-23,Fosfat,mg/dm3,0.5,DQ005_TEMPORAL_ISOLATED_EXTREME,review,Value differs >=20-fold from the geometric mean of adjacent observations; both neighbors are within 5-fold and within 180 days.,0.03,0.01,"р. Стрий, 78 км, с. Верхнє Синєвидне, лівий берег, підрусловий в/з м.Львів,150 м нижче мосту, дорога Стрий - Сколе",Дністер,SRC001,2003-01-01_2007-12-31_output,ratio_to_geometric_neighbor_center=28.8675; neighbor_ratio=3,retain_unchanged,screening_only,,,,
SWM_27314_20060301,27314,2006-03-01,Sulfat,mg/dm3,39.2,DQ005_TEMPORAL_ISOLATED_EXTREME,review,Value differs >=20-fold from the geometric mean of adjacent observations; both neighbors are within 5-fold and within 180 days.,910.3,810.0,"оз. Кагул, 0 км, ГНС Нагірне",Дунай,SRC001,2003-01-01_2007-12-31_output,ratio_to_geometric_neighbor_center=0.0456511; neighbor_ratio=1.12,retain_unchanged,screening_only,,,,
SWM_27000_20060309,27000,2006-03-09,Amoniy,mg/dm3,8.2,DQ005_TEMPORAL_ISOLATED_EXTREME,review,Value differs >=20-fold from the geometric mean of adjacent observations; both neighbors are within 5-fold and within 180 days.,0.1,0.41,"р. Сейм, 66 км, с. Мельня, авто/дор. міст, кордон Сумської і Чернігівської обл.",Дніпро,SRC001,2003-01-01_2007-12-31_output,ratio_to_geometric_neighbor_center=40.4969; neighbor_ratio=4.1,retain_unchanged,screening_only,,,,
SWM_27000_20060309,27000,2006-03-09,Nitrit,mg/dm3,0.29,DQ005_TEMPORAL_ISOLATED_EXTREME,review,Value differs >=20-fold from the geometric mean of adjacent observations; both neighbors are within 5-fold and within 180 days.,0.025,0.007,"р. Сейм, 66 км, с. Мельня, авто/дор. міст, кордон Сумської і Чернігівської обл.",Дніпро,SRC001,2003-01-01_2007-12-31_output,ratio_to_geometric_neighbor_center=21.9219; neighbor_ratio=3.57,retain_unchanged,screening_only,,,,
SWM_27063_20060320,27063,2006-03-20,Nitrat,mg/dm3,0.19,DQ005_TEMPORAL_ISOLATED_EXTREME,review,Value differs >=20-fold from the geometric mean of adjacent observations; both neighbors are within 5-fold and within 180 days.,4.3,9.54,"канал Дніпро-Донбас, 0,5 км, с. Шульгівка, після ГВК Дніпро-Донбас",Дніпро,SRC001,2003-01-01_2007-12-31_output,ratio_to_geometric_neighbor_center=0.0296651; neighbor_ratio=2.22,retain_unchanged,screening_only,,,,
SWM_27066_20060324,27066,2006-03-24,Nitrat,mg/dm3,14.95,DQ005_TEMPORAL_ISOLATED_EXTREME,review,Value differs >=20-fold from the geometric mean of adjacent observations; both neighbors are within 5-fold and within 180 days.,0.5,1.05,"канал Дніпро-Донбас, 181 км, р.Орілька, міст, 1,5 км від гирла,",Дніпро,SRC001,2003-01-01_2007-12-31_output,ratio_to_geometric_neighbor_center=20.633; neighbor_ratio=2.1,retain_unchanged,screening_only,,,,
SWM_27021_20060419,27021,2006-04-19,Amoniy,mg/dm3,22.52,DQ005_TEMPORAL_ISOLATED_EXTREME,review,Value differs >=20-fold from the geometric mean of adjacent observations; both neighbors are within 5-fold and within 180 days.,0.58,0.32,"р. Рось, 230 км, м.Богуслав, гідропост кордон Київської і Черкаської обл.",Дніпро,SRC001,2003-01-01_2007-12-31_output,ratio_to_geometric_neighbor_center=52.2732; neighbor_ratio=1.81,retain_unchanged,screening_only,,,,
SWM_27021_20060419,27021,2006-04-19,Fosfat,mg/dm3,44.62,DQ005_TEMPORAL_ISOLATED_EXTREME,review,Value differs >=20-fold from the geometric mean of adjacent observations; both neighbors are within 5-fold and within 180 days.,0.72,0.23,"р. Рось, 230 км, м.Богуслав, гідропост кордон Київської і Черкаської обл.",Дніпро,SRC001,2003-01-01_2007-12-31_output,ratio_to_geometric_neighbor_center=109.648; neighbor_ratio=3.13,retain_unchanged,screening_only,,,,
SWM_27023_20060419,27023,2006-04-19,BSK5,mgO2/dm3,60.34,DQ005_TEMPORAL_ISOLATED_EXTREME,review,Value differs >=20-fold from the geometric mean of adjacent observations; both neighbors are within 5-fold and within 180 days.,1.56,2.45,"р. Рось, 118 км, м.Богуслав, питний в/з міста",Дніпро,SRC001,2003-01-01_2007-12-31_output,ratio_to_geometric_neighbor_center=30.8646; neighbor_ratio=1.57,retain_unchanged,screening_only,,,,
SWM_27023_20060419,27023,2006-04-19,Amoniy,mg/dm3,22.52,DQ005_TEMPORAL_ISOLATED_EXTREME,review,Value differs >=20-fold from the geometric mean of adjacent observations; both neighbors are within 5-fold and within 180 days.,0.58,0.32,"р. Рось, 118 км, м.Богуслав, питний в/з міста",Дніпро,SRC001,2003-01-01_2007-12-31_output,ratio_to_geometric_neighbor_center=52.2732; neighbor_ratio=1.81,retain_unchanged,screening_only,,,,
SWM_27023_20060419,27023,2006-04-19,Fosfat,mg/dm3,44.62,DQ005_TEMPORAL_ISOLATED_EXTREME,review,Value differs >=20-fold from the geometric mean of adjacent observations; both neighbors are within 5-fold and within 180 days.,0.72,0.23,"р. Рось, 118 км, м.Богуслав, питний в/з міста",Дніпро,SRC001,2003-01-01_2007-12-31_output,ratio_to_geometric_neighbor_center=109.648; neighbor_ratio=3.13,retain_unchanged,screening_only,,,,
SWM_27314_20060510,27314,2006-05-10,Sulfat,mg/dm3,31.7,DQ005_TEMPORAL_ISOLATED_EXTREME,review,Value differs >=20-fold from the geometric mean of adjacent observations; both neighbors are within 5-fold and within 180 days.,726.5,823.8,"оз. Кагул, 0 км, ГНС Нагірне",Дунай,SRC001,2003-01-01_2007-12-31_output,ratio_to_geometric_neighbor_center=0.0409761; neighbor_ratio=1.13,retain_unchanged,screening_only,,,,
SWM_27146_20060512,27146,2006-05-12,Fosfat,mg/dm3,0.016,DQ005_TEMPORAL_ISOLATED_EXTREME,review,Value differs >=20-fold from the geometric mean of adjacent observations; both neighbors are within 5-fold and within 180 days.,0.3,0.38,"р. Південний Буг, 153 км, с. Олексіівка, питний в/з м. Південно-Українськ",Південний Буг,SRC001,2003-01-01_2007-12-31_output,ratio_to_geometric_neighbor_center=0.0473879; neighbor_ratio=1.27,retain_unchanged,screening_only,,,,
SWM_27132_20060516,27132,2006-05-16,Fosfat,mg/dm3,1.57,DQ005_TEMPORAL_ISOLATED_EXTREME,review,Value differs >=20-fold from the geometric mean of adjacent observations; both neighbors are within 5-fold and within 180 days.,0.036,0.098,"р. Південний Буг, 744 км, с. Копистин, нижче м.Хмельницький",Південний Буг,SRC001,2003-01-01_2007-12-31_output,ratio_to_geometric_neighbor_center=26.4323; neighbor_ratio=2.72,retain_unchanged,screening_only,,,,
SWM_27050_20060523,27050,2006-05-23,Nitrat,mg/dm3,0.1,DQ005_TEMPORAL_ISOLATED_EXTREME,review,Value differs >=20-fold from the geometric mean of adjacent observations; both neighbors are within 5-fold and within 180 days.,2.4,1.96,"р. Псел, 480 км, с. В.Чернетчина, а/д міст вище техн. в/з м. Суми",Дніпро,SRC001,2003-01-01_2007-12-31_output,ratio_to_geometric_neighbor_center=0.0461069; neighbor_ratio=1.22,retain_unchanged,screening_only,,,,
SWM_27314_20060523,27314,2006-05-23,Sulfat,mg/dm3,823.8,DQ005_TEMPORAL_ISOLATED_EXTREME,review,Value differs >=20-fold from the geometric mean of adjacent observations; both neighbors are within 5-fold and within 180 days.,31.7,38.6,"оз. Кагул, 0 км, ГНС Нагірне",Дунай,SRC001,2003-01-01_2007-12-31_output,ratio_to_geometric_neighbor_center=23.5504; neighbor_ratio=1.22,retain_unchanged,screening_only,,,,
SWM_26934_20060529,26934,2006-05-29,Amoniy,mg/dm3,0.011,DQ005_TEMPORAL_ISOLATED_EXTREME,review,Value differs >=20-fold from the geometric mean of adjacent observations; both neighbors are within 5-fold and within 180 days.,0.28,0.34,"р. Стир, 308 км, м.Луцьк, питний в/з міста",Дніпро,SRC001,2003-01-01_2007-12-31_output,ratio_to_geometric_neighbor_center=0.0356512; neighbor_ratio=1.21,retain_unchanged,screening_only,,,,
SWM_27246_20060601,27246,2006-06-01,Zavisli,mg/dm3,704.0,DQ005_TEMPORAL_ISOLATED_EXTREME,review,Value differs >=20-fold from the geometric mean of adjacent observations; both neighbors are within 5-fold and within 180 days.,4.0,3.0,"р. Бистриця Надвірнянська, 16 км, с. Черніів, питний в/з Ів.Франківська, 10 м нижче мосту",Дністер,SRC001,2003-01-01_2007-12-31_output,ratio_to_geometric_neighbor_center=203.227; neighbor_ratio=1.33,retain_unchanged,screening_only,,,,
SWM_27200_20060605,27200,2006-06-05,BSK5,mgO2/dm3,0.001,DQ005_TEMPORAL_ISOLATED_EXTREME,review,Value differs >=20-fold from the geometric mean of adjacent observations; both neighbors are within 5-fold and within 180 days.,3.2,3.1,"р. Оскіл, 11 км, Червонооскільське вдсх,  н/б'єф",Дон,SRC001,2003-01-01_2007-12-31_output,ratio_to_geometric_neighbor_center=0.0003175; neighbor_ratio=1.03,retain_unchanged,screening_only,,,,
SWM_27307_20060606,27307,2006-06-06,Zavisli,mg/dm3,331.0,DQ005_TEMPORAL_ISOLATED_EXTREME,review,Value differs >=20-fold from the geometric mean of adjacent observations; both neighbors are within 5-fold and within 180 days.,5.0,13.0,"р. Прут, 790 км, смт. Неполоківці,, кордон Ів.-Франківської і Чернівецької обл.",Дунай,SRC001,2003-01-01_2007-12-31_output,ratio_to_geometric_neighbor_center=41.0555; neighbor_ratio=2.6,retain_unchanged,screening_only,,,,
SWM_27314_20060606,27314,2006-06-06,Sulfat,mg/dm3,38.6,DQ005_TEMPORAL_ISOLATED_EXTREME,review,Value differs >=20-fold from the geometric mean of adjacent observations; both neighbors are within 5-fold and within 180 days.,823.8,914.1,"оз. Кагул, 0 км, ГНС Нагірне",Дунай,SRC001,2003-01-01_2007-12-31_output,ratio_to_geometric_neighbor_center=0.0444815; neighbor_ratio=1.11,retain_unchanged,screening_only,,,,
SWM_27314_20060620,27314,2006-06-20,Sulfat,mg/dm3,914.1,DQ005_TEMPORAL_ISOLATED_EXTREME,review,Value differs >=20-fold from the geometric mean of adjacent observations; both neighbors are within 5-fold and within 180 days.,38.6,39.1,"оз. Кагул, 0 км, ГНС Нагірне",Дунай,SRC001,2003-01-01_2007-12-31_output,ratio_to_geometric_neighbor_center=23.5294; neighbor_ratio=1.01,retain_unchanged,screening_only,,,,
SWM_27055_20060623,27055,2006-06-23,Nitrat,mg/dm3,0.08,DQ005_TEMPORAL_ISOLATED_EXTREME,review,Value differs >=20-fold from the geometric mean of adjacent observations; both neighbors are within 5-fold and within 180 days.,3.0,1.5,"р. Хорол, 280 км, с. Панасовка, вище техн в/з м.Липова Долина, а/д міст",Дніпро,SRC001,2003-01-01_2007-12-31_output,ratio_to_geometric_neighbor_center=0.0377124; neighbor_ratio=2,retain_unchanged,screening_only,,,,
SWM_26990_20060704,26990,2006-07-04,Nitrit,mg/dm3,1.17,DQ005_TEMPORAL_ISOLATED_EXTREME,review,Value differs >=20-fold from the geometric mean of adjacent observations; both neighbors are within 5-fold and within 180 days.,0.07,0.04,"р. Бобрик, 9 км, смт. Середина-Буда, нижче очисних споруд, а/д міст",Дніпро,SRC001,2003-01-01_2007-12-31_output,ratio_to_geometric_neighbor_center=22.1109; neighbor_ratio=1.75,retain_unchanged,screening_only,,,,
SWM_26994_20060704,26994,2006-07-04,Nitrit,mg/dm3,0.01,DQ005_TEMPORAL_ISOLATED_EXTREME,review,Value differs >=20-fold from the geometric mean of adjacent observations; both neighbors are within 5-fold and within 180 days.,0.14,0.4,"руч. Знаменка, 5 км, смт. Білі Березки, нижче міста, кордон з РФ",Дніпро,SRC001,2003-01-01_2007-12-31_output,ratio_to_geometric_neighbor_center=0.0422577; neighbor_ratio=2.86,retain_unchanged,screening_only,,,,
SWM_27212_20060704,27212,2006-07-04,HSK,mgO2/dm3,0.4,DQ005_TEMPORAL_ISOLATED_EXTREME,review,Value differs >=20-fold from the geometric mean of adjacent observations; both neighbors are within 5-fold and within 180 days.,7.82,14.02,"р. Кальміус, 1 км, гирло, міст",Річки Приазов'я,SRC001,2003-01-01_2007-12-31_output,ratio_to_geometric_neighbor_center=0.0382017; neighbor_ratio=1.79,retain_unchanged,screening_only,,,,
SWM_27314_20060704,27314,2006-07-04,Sulfat,mg/dm3,39.1,DQ005_TEMPORAL_ISOLATED_EXTREME,review,Value differs >=20-fold from the geometric mean of adjacent observations; both neighbors are within 5-fold and within 180 days.,914.1,754.9,"оз. Кагул, 0 км, ГНС Нагірне",Дунай,SRC001,2003-01-01_2007-12-31_output,ratio_to_geometric_neighbor_center=0.047069; neighbor_ratio=1.21,retain_unchanged,screening_only,,,,
SWM_26965_20060705,26965,2006-07-05,Amoniy,mg/dm3,14.57,DQ005_TEMPORAL_ISOLATED_EXTREME,review,Value differs >=20-fold from the geometric mean of adjacent observations; both neighbors are within 5-fold and within 180 days.,0.44,0.31,"р. Тетерів, 10 км, с. Оране, вплив зворотних та с/г вод м. Іванкова",Дніпро,SRC001,2003-01-01_2007-12-31_output,ratio_to_geometric_neighbor_center=39.4505; neighbor_ratio=1.42,retain_unchanged,screening_only,,,,
SWM_26965_20060705,26965,2006-07-05,Fosfat,mg/dm3,13.6,DQ005_TEMPORAL_ISOLATED_EXTREME,review,Value differs >=20-fold from the geometric mean of adjacent observations; both neighbors are within 5-fold and within 180 days.,0.05,0.23,"р. Тетерів, 10 км, с. Оране, вплив зворотних та с/г вод м. Іванкова",Дніпро,SRC001,2003-01-01_2007-12-31_output,ratio_to_geometric_neighbor_center=126.821; neighbor_ratio=4.6,retain_unchanged,screening_only,,,,
SWM_27187_20060724,27187,2006-07-24,HSK,mgO2/dm3,0.04,DQ005_TEMPORAL_ISOLATED_EXTREME,review,Value differs >=20-fold from the geometric mean of adjacent observations; both neighbors are within 5-fold and within 180 days.,18.9,16.0,"р. Сіверський Донець, 428 км, м. Лисичанська, нижче міста",Дон,SRC001,2003-01-01_2007-12-31_output,ratio_to_geometric_neighbor_center=0.00230022; neighbor_ratio=1.18,retain_unchanged,screening_only,,,,
SWM_27068_20060725,27068,2006-07-25,Nitrit,mg/dm3,0.69,DQ005_TEMPORAL_ISOLATED_EXTREME,review,Value differs >=20-fold from the geometric mean of adjacent observations; both neighbors are within 5-fold and within 180 days.,0.03,0.02,"канал Дніпро-Донбас, 215 км, верхній б'єф Краснопавлівського водосховища, скид у р. Сіверський Дінець",Дніпро,SRC001,2003-01-01_2007-12-31_output,ratio_to_geometric_neighbor_center=28.1691; neighbor_ratio=1.5,retain_unchanged,screening_only,,,,
SWM_26939_20060803,26939,2006-08-03,Zavisli,mg/dm3,1.0,DQ005_TEMPORAL_ISOLATED_EXTREME,review,Value differs >=20-fold from the geometric mean of adjacent observations; both neighbors are within 5-fold and within 180 days.,17.4,35.4,"р. Стир, 48 км, смт. Зарічне, кордон з Білоруссю",Дніпро,SRC001,2003-01-01_2007-12-31_output,ratio_to_geometric_neighbor_center=0.0402925; neighbor_ratio=2.03,retain_unchanged,screening_only,,,,
SWM_26974_20060817,26974,2006-08-17,Fosfat,mg/dm3,0.01,DQ005_TEMPORAL_ISOLATED_EXTREME,review,Value differs >=20-fold from the geometric mean of adjacent observations; both neighbors are within 5-fold and within 180 days.,0.28,0.3,"р. Дніпро, 870 км, м.Київ, гідропарк, техн в/з ТЕЦ-4",Дніпро,SRC001,2003-01-01_2007-12-31_output,ratio_to_geometric_neighbor_center=0.0345033; neighbor_ratio=1.07,retain_unchanged,screening_only,,,,
SWM_27023_20060817,27023,2006-08-17,Nitrat,mg/dm3,0.04,DQ005_TEMPORAL_ISOLATED_EXTREME,review,Value differs >=20-fold from the geometric mean of adjacent observations; both neighbors are within 5-fold and within 180 days.,1.2,1.83,"р. Рось, 118 км, м.Богуслав, питний в/з міста",Дніпро,SRC001,2003-01-01_2007-12-31_output,ratio_to_geometric_neighbor_center=0.0269925; neighbor_ratio=1.53,retain_unchanged,screening_only,,,,
SWM_26889_20060908,26889,2006-09-08,Fosfat,mg/dm3,0.01,DQ005_TEMPORAL_ISOLATED_EXTREME,review,Value differs >=20-fold from the geometric mean of adjacent observations; both neighbors are within 5-fold and within 180 days.,0.26,0.24,"р. Дніпро, 922 км, с.Козаровичі, Київське водосховище",Дніпро,SRC001,2003-01-01_2007-12-31_output,ratio_to_geometric_neighbor_center=0.040032; neighbor_ratio=1.08,retain_unchanged,screening_only,,,,
SWM_26931_20060915,26931,2006-09-15,Amoniy,mg/dm3,25.0,DQ005_TEMPORAL_ISOLATED_EXTREME,review,Value differs >=20-fold from the geometric mean of adjacent observations; both neighbors are within 5-fold and within 180 days.,0.51,0.28,"р. Турія, 125 км, м.Ковель, питний в/з міста",Дніпро,SRC001,2003-01-01_2007-12-31_output,ratio_to_geometric_neighbor_center=66.157; neighbor_ratio=1.82,retain_unchanged,screening_only,,,,
SWM_27317_20060920,27317,2006-09-20,Kisen,mg/dm3,0.16,DQ005_TEMPORAL_ISOLATED_EXTREME,review,Value differs >=20-fold from the geometric mean of adjacent observations; both neighbors are within 5-fold and within 180 days.,3.27,13.0,"р. В.Ялпуг, 5,4 км, с. Табаки Болградського р-ну,  впадає в оз.Ялпуг, кордон з Молдовою",Дунай,SRC001,2003-01-01_2007-12-31_output,ratio_to_geometric_neighbor_center=0.02454; neighbor_ratio=3.98,retain_unchanged,screening_only,,,,
SWM_27241_20060921,27241,2006-09-21,BSK5,mgO2/dm3,2.1,DQ005_TEMPORAL_ISOLATED_EXTREME,review,Value differs >=20-fold from the geometric mean of adjacent observations; both neighbors are within 5-fold and within 180 days.,133.0,152.0,"р. Саджава, 9 км, м. Долина, лівий берег, 20 м нижче моста по дорозі Долина - Болехів",Дністер,SRC001,2003-01-01_2007-12-31_output,ratio_to_geometric_neighbor_center=0.0147697; neighbor_ratio=1.14,retain_unchanged,screening_only,,,,
SWM_27160_20061012,27160,2006-10-12,Fosfat,mg/dm3,0.006,DQ005_TEMPORAL_ISOLATED_EXTREME,review,Value differs >=20-fold from the geometric mean of adjacent observations; both neighbors are within 5-fold and within 180 days.,0.18,0.28,"Балка Ташлик, 6 км, Ташлицьке вдсх., став-охолоджувач ПУ АЕС (міст через Ташлицьке вдсх., південь м. Південно-Українськ)",Південний Буг,SRC001,2003-01-01_2007-12-31_output,ratio_to_geometric_neighbor_center=0.0267261; neighbor_ratio=1.56,retain_unchanged,screening_only,,,,
SWM_27273_20061025,27273,2006-10-25,Zavisli,mg/dm3,155.2,DQ005_TEMPORAL_ISOLATED_EXTREME,review,Value differs >=20-fold from the geometric mean of adjacent observations; both neighbors are within 5-fold and within 180 days.,8.2,2.5,"р. Тиса, 965 км, м. Рахів, автомат.гідромет.станція",Дунай,SRC001,2003-01-01_2007-12-31_output,ratio_to_geometric_neighbor_center=34.2779; neighbor_ratio=3.28,retain_unchanged,screening_only,,,,
SWM_26936_20070103,26936,2007-01-03,Nitrit,mg/dm3,0.005,DQ005_TEMPORAL_ISOLATED_EXTREME,review,Value differs >=20-fold from the geometric mean of adjacent observations; both neighbors are within 5-fold and within 180 days.,0.154,0.12,"р. Стир, 152 км, с.Сопачів, нижче  РАЕС",Дніпро,SRC001,2003-01-01_2007-12-31_output,ratio_to_geometric_neighbor_center=0.0367806; neighbor_ratio=1.28,retain_unchanged,screening_only,,,,
SWM_27167_20070116,27167,2007-01-16,SPAR,mg/dm3,0.002,DQ005_TEMPORAL_ISOLATED_EXTREME,review,Value differs >=20-fold from the geometric mean of adjacent observations; both neighbors are within 5-fold and within 180 days.,0.071,0.083,"р. Інгул, 2 км, м. Миколаїв, вул. Набережна, 2,  старий пішохідний міст через р. Інгул",Південний Буг,SRC001,2003-01-01_2007-12-31_output,ratio_to_geometric_neighbor_center=0.0260532; neighbor_ratio=1.17,retain_unchanged,screening_only,,,,
SWM_27338_20070116,27338,2007-01-16,Nitrat,mg/dm3,0.253,DQ005_TEMPORAL_ISOLATED_EXTREME,review,Value differs >=20-fold from the geometric mean of adjacent observations; both neighbors are within 5-fold and within 180 days.,8.77,8.95,"р. Західний Буг, 385 км, с. Світязь, оз. Світязь, Шацький район",Вісла,SRC001,2003-01-01_2007-12-31_output,ratio_to_geometric_neighbor_center=0.0285568; neighbor_ratio=1.02,retain_unchanged,screening_only,,,,
SWM_27129_20070125,27129,2007-01-25,Zavisli,mg/dm3,16.4,DQ005_TEMPORAL_ISOLATED_EXTREME,review,Value differs >=20-fold from the geometric mean of adjacent observations; both neighbors are within 5-fold and within 180 days.,1.0,0.6,"р. Жовта, 22 км, нижче скиду ТОВ ""Восток-Руда""",Дніпро,SRC001,2003-01-01_2007-12-31_output,ratio_to_geometric_neighbor_center=21.1723; neighbor_ratio=1.67,retain_unchanged,screening_only,,,,
SWM_26935_20070205,26935,2007-02-05,Nitrat,mg/dm3,0.104,DQ005_TEMPORAL_ISOLATED_EXTREME,review,Value differs >=20-fold from the geometric mean of adjacent observations; both neighbors are within 5-fold and within 180 days.,4.88,8.12,"р. Стир, 183 км, м. Вараш (Кузнєцовськ), водозабір РАЕС",Дніпро,SRC001,2003-01-01_2007-12-31_output,ratio_to_geometric_neighbor_center=0.0165213; neighbor_ratio=1.66,retain_unchanged,screening_only,,,,
SWM_26935_20070205,26935,2007-02-05,Nitrit,mg/dm3,3.6,DQ005_TEMPORAL_ISOLATED_EXTREME,review,Value differs >=20-fold from the geometric mean of adjacent observations; both neighbors are within 5-fold and within 180 days.,0.051,0.1,"р. Стир, 183 км, м. Вараш (Кузнєцовськ), водозабір РАЕС",Дніпро,SRC001,2003-01-01_2007-12-31_output,ratio_to_geometric_neighbor_center=50.4101; neighbor_ratio=1.96,retain_unchanged,screening_only,,,,
SWM_27348_20070209,27348,2007-02-09,Sulfat,mg/dm3,30.72,DQ005_TEMPORAL_ISOLATED_EXTREME,review,Value differs >=20-fold from the geometric mean of adjacent observations; both neighbors are within 5-fold and within 180 days.,2595.4,1029.12,"р. Сарата, 14,3 км, с. Білолісся",Річки Причорномор'я,SRC001,2003-01-01_2007-12-31_output,ratio_to_geometric_neighbor_center=0.0187969; neighbor_ratio=2.52,retain_unchanged,screening_only,,,,
SWM_27314_20070301,27314,2007-03-01,Sulfat,mg/dm3,41.0,DQ005_TEMPORAL_ISOLATED_EXTREME,review,Value differs >=20-fold from the geometric mean of adjacent observations; both neighbors are within 5-fold and within 180 days.,824.4,830.4,"оз. Кагул, 0 км, ГНС Нагірне",Дунай,SRC001,2003-01-01_2007-12-31_output,ratio_to_geometric_neighbor_center=0.0495531; neighbor_ratio=1.01,retain_unchanged,screening_only,,,,
SWM_26931_20070305,26931,2007-03-05,Nitrit,mg/dm3,0.001,DQ005_TEMPORAL_ISOLATED_EXTREME,review,Value differs >=20-fold from the geometric mean of adjacent observations; both neighbors are within 5-fold and within 180 days.,0.052,0.07,"р. Турія, 125 км, м.Ковель, питний в/з міста",Дніпро,SRC001,2003-01-01_2007-12-31_output,ratio_to_geometric_neighbor_center=0.0165748; neighbor_ratio=1.35,retain_unchanged,screening_only,,,,
SWM_27314_20070313,27314,2007-03-13,Sulfat,mg/dm3,830.4,DQ005_TEMPORAL_ISOLATED_EXTREME,review,Value differs >=20-fold from the geometric mean of adjacent observations; both neighbors are within 5-fold and within 180 days.,41.0,36.4,"оз. Кагул, 0 км, ГНС Нагірне",Дунай,SRC001,2003-01-01_2007-12-31_output,ratio_to_geometric_neighbor_center=21.4954; neighbor_ratio=1.13,retain_unchanged,screening_only,,,,
SWM_27160_20070314,27160,2007-03-14,Fosfat,mg/dm3,0.28,DQ005_TEMPORAL_ISOLATED_EXTREME,review,Value differs >=20-fold from the geometric mean of adjacent observations; both neighbors are within 5-fold and within 180 days.,0.006,0.02,"Балка Ташлик, 6 км, Ташлицьке вдсх., став-охолоджувач ПУ АЕС (міст через Ташлицьке вдсх., південь м. Південно-Українськ)",Південний Буг,SRC001,2003-01-01_2007-12-31_output,ratio_to_geometric_neighbor_center=25.5604; neighbor_ratio=3.33,retain_unchanged,screening_only,,,,
SWM_27034_20070315,27034,2007-03-15,Zavisli,mg/dm3,487.0,DQ005_TEMPORAL_ISOLATED_EXTREME,review,Value differs >=20-fold from the geometric mean of adjacent observations; both neighbors are within 5-fold and within 180 days.,2.6,4.4,"р. Сула, 106 км, м.Лубни, технічний в/з міста",Дніпро,SRC001,2003-01-01_2007-12-31_output,ratio_to_geometric_neighbor_center=143.985; neighbor_ratio=1.69,retain_unchanged,screening_only,,,,
SWM_27272_20070327,27272,2007-03-27,Zavisli,mg/dm3,891.0,DQ005_TEMPORAL_ISOLATED_EXTREME,review,Value differs >=20-fold from the geometric mean of adjacent observations; both neighbors are within 5-fold and within 180 days.,8.0,33.2,"р. Дунай, 20 км, м. Вилкове, питний в/з",Дунай,SRC001,2003-01-01_2007-12-31_output,ratio_to_geometric_neighbor_center=54.6718; neighbor_ratio=4.15,retain_unchanged,screening_only,,,,
SWM_27273_20070329,27273,2007-03-29,Zavisli,mg/dm3,2.5,DQ005_TEMPORAL_ISOLATED_EXTREME,review,Value differs >=20-fold from the geometric mean of adjacent observations; both neighbors are within 5-fold and within 180 days.,155.2,33.4,"р. Тиса, 965 км, м. Рахів, автомат.гідромет.станція",Дунай,SRC001,2003-01-01_2007-12-31_output,ratio_to_geometric_neighbor_center=0.0347233; neighbor_ratio=4.65,retain_unchanged,screening_only,,,,
SWM_27274_20070329,27274,2007-03-29,Zavisli,mg/dm3,2.7,DQ005_TEMPORAL_ISOLATED_EXTREME,review,Value differs >=20-fold from the geometric mean of adjacent observations; both neighbors are within 5-fold and within 180 days.,153.6,59.6,"р. Тиса, 964 км, м. Рахів, вплив скиду Рахівського ВУЖКГ",Дунай,SRC001,2003-01-01_2007-12-31_output,ratio_to_geometric_neighbor_center=0.0282192; neighbor_ratio=2.58,retain_unchanged,screening_only,,,,
SWM_27164_20070410,27164,2007-04-10,SPAR,mg/dm3,0.34,DQ005_TEMPORAL_ISOLATED_EXTREME,review,Value differs >=20-fold from the geometric mean of adjacent observations; both neighbors are within 5-fold and within 180 days.,0.008,0.008,"р. Інгул, 179 км, с. Розанівка, сільгосп. в/з, кордон Кіровоградської і Миколаївської обл.",Південний Буг,SRC001,2003-01-01_2007-12-31_output,ratio_to_geometric_neighbor_center=42.5; neighbor_ratio=1,retain_unchanged,screening_only,,,,
SWM_27314_20070410,27314,2007-04-10,Sulfat,mg/dm3,36.4,DQ005_TEMPORAL_ISOLATED_EXTREME,review,Value differs >=20-fold from the geometric mean of adjacent observations; both neighbors are within 5-fold and within 180 days.,830.4,720.1,"оз. Кагул, 0 км, ГНС Нагірне",Дунай,SRC001,2003-01-01_2007-12-31_output,ratio_to_geometric_neighbor_center=0.0470719; neighbor_ratio=1.15,retain_unchanged,screening_only,,,,
SWM_27223_20070411,27223,2007-04-11,Nitrit,mg/dm3,0.04,DQ005_TEMPORAL_ISOLATED_EXTREME,review,Value differs >=20-fold from the geometric mean of adjacent observations; both neighbors are within 5-fold and within 180 days.,11.6,10.88,"р. Дністер, 900 км, с. Митків, правий берег, 200 м вище станції першого підйому в/з м. Чернівці",Дністер,SRC001,2003-01-01_2007-12-31_output,ratio_to_geometric_neighbor_center=0.00356055; neighbor_ratio=1.07,retain_unchanged,screening_only,,,,
SWM_27223_20070411,27223,2007-04-11,Fosfat,mg/dm3,0.04,DQ005_TEMPORAL_ISOLATED_EXTREME,review,Value differs >=20-fold from the geometric mean of adjacent observations; both neighbors are within 5-fold and within 180 days.,6.7,6.8,"р. Дністер, 900 км, с. Митків, правий берег, 200 м вище станції першого підйому в/з м. Чернівці",Дністер,SRC001,2003-01-01_2007-12-31_output,ratio_to_geometric_neighbor_center=0.00592609; neighbor_ratio=1.01,retain_unchanged,screening_only,,,,
SWM_26931_20070423,26931,2007-04-23,Nitrit,mg/dm3,0.07,DQ005_TEMPORAL_ISOLATED_EXTREME,review,Value differs >=20-fold from the geometric mean of adjacent observations; both neighbors are within 5-fold and within 180 days.,0.001,0.004,"р. Турія, 125 км, м.Ковель, питний в/з міста",Дніпро,SRC001,2003-01-01_2007-12-31_output,ratio_to_geometric_neighbor_center=35; neighbor_ratio=4,retain_unchanged,screening_only,,,,
SWM_27115_20070424,27115,2007-04-24,Amoniy,mg/dm3,40.0,DQ005_TEMPORAL_ISOLATED_EXTREME,review,Value differs >=20-fold from the geometric mean of adjacent observations; both neighbors are within 5-fold and within 180 days.,0.22,0.37,"р. Дніпро, 0 км, с. Кізомис, (рукав Рвач)",Дніпро,SRC001,2003-01-01_2007-12-31_output,ratio_to_geometric_neighbor_center=140.2; neighbor_ratio=1.68,retain_unchanged,screening_only,,,,
SWM_27119_20070424,27119,2007-04-24,Fosfat,mg/dm3,0.08,DQ005_TEMPORAL_ISOLATED_EXTREME,review,Value differs >=20-fold from the geometric mean of adjacent observations; both neighbors are within 5-fold and within 180 days.,2.3,2.3,"р. Інгулець, 373 км, с. Іскрівка, нижче впадіння р. Жовта",Дніпро,SRC001,2003-01-01_2007-12-31_output,ratio_to_geometric_neighbor_center=0.0347826; neighbor_ratio=1,retain_unchanged,screening_only,,,,
SWM_27128_20070424,27128,2007-04-24,Zavisli,mg/dm3,0.6,DQ005_TEMPORAL_ISOLATED_EXTREME,review,Value differs >=20-fold from the geometric mean of adjacent observations; both neighbors are within 5-fold and within 180 days.,10.0,18.0,"р. Жовта, 24 км, с. Мар'янівка, вище скиду ТОВ ""Восток-Руда""",Дніпро,SRC001,2003-01-01_2007-12-31_output,ratio_to_geometric_neighbor_center=0.0447214; neighbor_ratio=1.8,retain_unchanged,screening_only,,,,
SWM_27233_20070424,27233,2007-04-24,BSK5,mgO2/dm3,0.2,DQ005_TEMPORAL_ISOLATED_EXTREME,review,Value differs >=20-fold from the geometric mean of adjacent observations; both neighbors are within 5-fold and within 180 days.,11.7,9.0,"р. Дністер, 16 км, с. Маяки, ГНС Нижньо-Дністровської ЗС",Дністер,SRC001,2003-01-01_2007-12-31_output,ratio_to_geometric_neighbor_center=0.0194902; neighbor_ratio=1.3,retain_unchanged,screening_only,,,,
SWM_27338_20070425,27338,2007-04-25,Nitrat,mg/dm3,8.95,DQ005_TEMPORAL_ISOLATED_EXTREME,review,Value differs >=20-fold from the geometric mean of adjacent observations; both neighbors are within 5-fold and within 180 days.,0.253,0.45,"р. Західний Буг, 385 км, с. Світязь, оз. Світязь, Шацький район",Вісла,SRC001,2003-01-01_2007-12-31_output,ratio_to_geometric_neighbor_center=26.5251; neighbor_ratio=1.78,retain_unchanged,screening_only,,,,
SWM_27224_20070503,27224,2007-05-03,Permanganat,mgO2/dm3,0.01,DQ005_TEMPORAL_ISOLATED_EXTREME,review,Value differs >=20-fold from the geometric mean of adjacent observations; both neighbors are within 5-fold and within 180 days.,0.32,0.32,"р. Дністер, 826 км, м. Хотин, в/з, лівий берег, 600 м вище мосту дороги Чернівці-Камян.-Под.",Дністер,SRC001,2003-01-01_2007-12-31_output,ratio_to_geometric_neighbor_center=0.03125; neighbor_ratio=1,retain_unchanged,screening_only,,,,
SWM_27030_20070515,27030,2007-05-15,Amoniy,mg/dm3,20.4,DQ005_TEMPORAL_ISOLATED_EXTREME,review,Value differs >=20-fold from the geometric mean of adjacent observations; both neighbors are within 5-fold and within 180 days.,0.24,1.19,"р. Роставиця, 41 км, с.Строків, кордон Київської і Житомирської обл.""",Дніпро,SRC001,2003-01-01_2007-12-31_output,ratio_to_geometric_neighbor_center=38.1725; neighbor_ratio=4.96,retain_unchanged,screening_only,,,,
SWM_27030_20070515,27030,2007-05-15,Fosfat,mg/dm3,17.0,DQ005_TEMPORAL_ISOLATED_EXTREME,review,Value differs >=20-fold from the geometric mean of adjacent observations; both neighbors are within 5-fold and within 180 days.,0.07,0.25,"р. Роставиця, 41 км, с.Строків, кордон Київської і Житомирської обл.""",Дніпро,SRC001,2003-01-01_2007-12-31_output,ratio_to_geometric_neighbor_center=128.508; neighbor_ratio=3.57,retain_unchanged,screening_only,,,,
SWM_27314_20070515,27314,2007-05-15,Sulfat,mg/dm3,810.9,DQ005_TEMPORAL_ISOLATED_EXTREME,review,Value differs >=20-fold from the geometric mean of adjacent observations; both neighbors are within 5-fold and within 180 days.,41.7,37.7,"оз. Кагул, 0 км, ГНС Нагірне",Дунай,SRC001,2003-01-01_2007-12-31_output,ratio_to_geometric_neighbor_center=20.4517; neighbor_ratio=1.11,retain_unchanged,screening_only,,,,
SWM_27360_20070521,27360,2007-05-21,Nitrit,mg/dm3,2.4,DQ005_TEMPORAL_ISOLATED_EXTREME,review,Value differs >=20-fold from the geometric mean of adjacent observations; both neighbors are within 5-fold and within 180 days.,0.024,0.065,"р. Тілігул, 17,5 км, смт. Березівка",Річки Причорномор'я,SRC001,2003-01-01_2007-12-31_output,ratio_to_geometric_neighbor_center=60.7644; neighbor_ratio=2.71,retain_unchanged,screening_only,,,,
SWM_27353_20070522,27353,2007-05-22,Nitrit,mg/dm3,19.8,DQ005_TEMPORAL_ISOLATED_EXTREME,review,Value differs >=20-fold from the geometric mean of adjacent observations; both neighbors are within 5-fold and within 180 days.,0.13,0.156,"р. Хаджидер, 10,1 км, с. Сергіївка",Річки Причорномор'я,SRC001,2003-01-01_2007-12-31_output,ratio_to_geometric_neighbor_center=139.037; neighbor_ratio=1.2,retain_unchanged,screening_only,,,,
SWM_27354_20070522,27354,2007-05-22,Nitrit,mg/dm3,3.12,DQ005_TEMPORAL_ISOLATED_EXTREME,review,Value differs >=20-fold from the geometric mean of adjacent observations; both neighbors are within 5-fold and within 180 days.,0.04,0.035,"р. Хаджидер, 68 км, с. Чистоводне, кордон з Молдовою",Річки Причорномор'я,SRC001,2003-01-01_2007-12-31_output,ratio_to_geometric_neighbor_center=83.3855; neighbor_ratio=1.14,retain_unchanged,screening_only,,,,
SWM_27233_20070524,27233,2007-05-24,Fosfat,mg/dm3,0.004,DQ005_TEMPORAL_ISOLATED_EXTREME,review,Value differs >=20-fold from the geometric mean of adjacent observations; both neighbors are within 5-fold and within 180 days.,0.09,0.4,"р. Дністер, 16 км, с. Маяки, ГНС Нижньо-Дністровської ЗС",Дністер,SRC001,2003-01-01_2007-12-31_output,ratio_to_geometric_neighbor_center=0.0210819; neighbor_ratio=4.44,retain_unchanged,screening_only,,,,
SWM_27236_20070525,27236,2007-05-25,Zavisli,mg/dm3,1.0,DQ005_TEMPORAL_ISOLATED_EXTREME,review,Value differs >=20-fold from the geometric mean of adjacent observations; both neighbors are within 5-fold and within 180 days.,57.0,16.4,"р. Тисмениця, 21 км, м. Дрогобич, вплив стоків Дрогобиц. пром. вузла, м. Трускавець, м. Борислав, під мостом по дорозі Львів - Дрогобич",Дністер,SRC001,2003-01-01_2007-12-31_output,ratio_to_geometric_neighbor_center=0.032707; neighbor_ratio=3.48,retain_unchanged,screening_only,,,,
SWM_27276_20070531,27276,2007-05-31,Zavisli,mg/dm3,222.0,DQ005_TEMPORAL_ISOLATED_EXTREME,review,Value differs >=20-fold from the geometric mean of adjacent observations; both neighbors are within 5-fold and within 180 days.,4.5,8.1,"р. Тиса, 912 км, смт. Солотвино, кордон з Румунією",Дунай,SRC001,2003-01-01_2007-12-31_output,ratio_to_geometric_neighbor_center=36.7709; neighbor_ratio=1.8,retain_unchanged,screening_only,,,,
SWM_27344_20070531,27344,2007-05-31,Amoniy,mg/dm3,0.05,DQ005_TEMPORAL_ISOLATED_EXTREME,review,Value differs >=20-fold from the geometric mean of adjacent observations; both neighbors are within 5-fold and within 180 days.,1.2,1.1,"р. Шкло, 66 км, с. Краковець, кордон з Польщею, під мостом дороги м. Львів - с. Краковець",Вісла,SRC001,2003-01-01_2007-12-31_output,ratio_to_geometric_neighbor_center=0.0435194; neighbor_ratio=1.09,retain_unchanged,screening_only,,,,
SWM_27314_20070605,27314,2007-06-05,Sulfat,mg/dm3,37.7,DQ005_TEMPORAL_ISOLATED_EXTREME,review,Value differs >=20-fold from the geometric mean of adjacent observations; both neighbors are within 5-fold and within 180 days.,810.9,769.7,"оз. Кагул, 0 км, ГНС Нагірне",Дунай,SRC001,2003-01-01_2007-12-31_output,ratio_to_geometric_neighbor_center=0.0477196; neighbor_ratio=1.05,retain_unchanged,screening_only,,,,
SWM_26952_20070606,26952,2007-06-06,Fosfat,mg/dm3,0.004,DQ005_TEMPORAL_ISOLATED_EXTREME,review,Value differs >=20-fold from the geometric mean of adjacent observations; both neighbors are within 5-fold and within 180 days.,0.12,0.16,"р. Случ, 155 км, с. Устя, кордон Рівненської і Житомирської обл-й",Дніпро,SRC001,2003-01-01_2007-12-31_output,ratio_to_geometric_neighbor_center=0.0288675; neighbor_ratio=1.33,retain_unchanged,screening_only,,,,
SWM_27334_20070616,27334,2007-06-16,Nitrat,mg/dm3,0.24,DQ005_TEMPORAL_ISOLATED_EXTREME,review,Value differs >=20-fold from the geometric mean of adjacent observations; both neighbors are within 5-fold and within 180 days.,9.74,5.47,"р. Західний Буг, 631 км, с. Литовеж, міст автодороги Нововолинськ-Червоноград, кордон з Польщею",Вісла,SRC001,2003-01-01_2007-12-31_output,ratio_to_geometric_neighbor_center=0.0328805; neighbor_ratio=1.78,retain_unchanged,screening_only,,,,
SWM_27015_20070627,27015,2007-06-27,Nitrit,mg/dm3,0.61,DQ005_TEMPORAL_ISOLATED_EXTREME,review,Value differs >=20-fold from the geometric mean of adjacent observations; both neighbors are within 5-fold and within 180 days.,0.02,0.04,"р. Стугна, 7,5 км, м.Обухів",Дніпро,SRC001,2003-01-01_2007-12-31_output,ratio_to_geometric_neighbor_center=21.5668; neighbor_ratio=2,retain_unchanged,screening_only,,,,
SWM_27233_20070705,27233,2007-07-05,Sulfat,mg/dm3,324.5,DQ005_TEMPORAL_ISOLATED_EXTREME,review,Value differs >=20-fold from the geometric mean of adjacent observations; both neighbors are within 5-fold and within 180 days.,14.4,14.4,"р. Дністер, 16 км, с. Маяки, ГНС Нижньо-Дністровської ЗС",Дністер,SRC001,2003-01-01_2007-12-31_output,ratio_to_geometric_neighbor_center=22.5347; neighbor_ratio=1,retain_unchanged,screening_only,,,,
SWM_27330_20070707,27330,2007-07-07,Nitrat,mg/dm3,0.2,DQ005_TEMPORAL_ISOLATED_EXTREME,review,Value differs >=20-fold from the geometric mean of adjacent observations; both neighbors are within 5-fold and within 180 days.,7.8,10.7,"р. Західний Буг, 704 км, м. Кам'янка Бузька, в/з",Вісла,SRC001,2003-01-01_2007-12-31_output,ratio_to_geometric_neighbor_center=0.0218923; neighbor_ratio=1.37,retain_unchanged,screening_only,,,,
SWM_27331_20070707,27331,2007-07-07,Amoniy,mg/dm3,0.04,DQ005_TEMPORAL_ISOLATED_EXTREME,review,Value differs >=20-fold from the geometric mean of adjacent observations; both neighbors are within 5-fold and within 180 days.,1.4,1.9,"р. Західний Буг, 689 км, Добротвірське вдсх, н/б'єф, в/з",Вісла,SRC001,2003-01-01_2007-12-31_output,ratio_to_geometric_neighbor_center=0.0245256; neighbor_ratio=1.36,retain_unchanged,screening_only,,,,
SWM_27314_20070717,27314,2007-07-17,Sulfat,mg/dm3,41.3,DQ005_TEMPORAL_ISOLATED_EXTREME,review,Value differs >=20-fold from the geometric mean of adjacent observations; both neighbors are within 5-fold and within 180 days.,769.7,918.0,"оз. Кагул, 0 км, ГНС Нагірне",Дунай,SRC001,2003-01-01_2007-12-31_output,ratio_to_geometric_neighbor_center=0.0491324; neighbor_ratio=1.19,retain_unchanged,screening_only,,,,
SWM_26961_20070724,26961,2007-07-24,Fosfat,mg/dm3,2.76,DQ005_TEMPORAL_ISOLATED_EXTREME,review,Value differs >=20-fold from the geometric mean of adjacent observations; both neighbors are within 5-fold and within 180 days.,0.08,0.17,"р. Уж, 15 км, с.Черевач, техн в/з м.Чорнобиль",Дніпро,SRC001,2003-01-01_2007-12-31_output,ratio_to_geometric_neighbor_center=23.6668; neighbor_ratio=2.12,retain_unchanged,screening_only,,,,
SWM_27218_20070724,27218,2007-07-24,Nitrat,mg/dm3,4.1,DQ005_TEMPORAL_ISOLATED_EXTREME,review,Value differs >=20-fold from the geometric mean of adjacent observations; both neighbors are within 5-fold and within 180 days.,0.12,0.15,"р. Дністер, 1136 км, с. Сівка Войнилівська, кордон Львівської та Івано-Франківської областей, лівий берег, 30 м нижче мосту по дорозі м.Калуш-м.Бурштин",Дністер,SRC001,2003-01-01_2007-12-31_output,ratio_to_geometric_neighbor_center=30.5596; neighbor_ratio=1.25,retain_unchanged,screening_only,,,,
SWM_27161_20070821,27161,2007-08-21,Nitrat,mg/dm3,0.05,DQ005_TEMPORAL_ISOLATED_EXTREME,review,Value differs >=20-fold from the geometric mean of adjacent observations; both neighbors are within 5-fold and within 180 days.,3.71,5.19,"р. Мертвовод, 2 км, 1 км вище залізн. мосту через  р. Мертвовод",Південний Буг,SRC001,2003-01-01_2007-12-31_output,ratio_to_geometric_neighbor_center=0.0113946; neighbor_ratio=1.4,retain_unchanged,screening_only,,,,
SWM_27233_20070823,27233,2007-08-23,Permanganat,mgO2/dm3,26.0,DQ005_TEMPORAL_ISOLATED_EXTREME,review,Value differs >=20-fold from the geometric mean of adjacent observations; both neighbors are within 5-fold and within 180 days.,0.1,0.11,"р. Дністер, 16 км, с. Маяки, ГНС Нижньо-Дністровської ЗС",Дністер,SRC001,2003-01-01_2007-12-31_output,ratio_to_geometric_neighbor_center=247.9; neighbor_ratio=1.1,retain_unchanged,screening_only,,,,
SWM_27265_20070823,27265,2007-08-23,Sulfat,mg/dm3,4.8,DQ005_TEMPORAL_ISOLATED_EXTREME,review,Value differs >=20-fold from the geometric mean of adjacent observations; both neighbors are within 5-fold and within 180 days.,131.52,131.5,"р. Турунчук, 47 км, с. Троїцьке, (рукав Дністра), міст",Дністер,SRC001,2003-01-01_2007-12-31_output,ratio_to_geometric_neighbor_center=0.0364991; neighbor_ratio=1,retain_unchanged,screening_only,,,,
SWM_27317_20070827,27317,2007-08-27,Kisen,mg/dm3,0.03,DQ005_TEMPORAL_ISOLATED_EXTREME,review,Value differs >=20-fold from the geometric mean of adjacent observations; both neighbors are within 5-fold and within 180 days.,21.59,13.1,"р. В.Ялпуг, 5,4 км, с. Табаки Болградського р-ну,  впадає в оз.Ялпуг, кордон з Молдовою",Дунай,SRC001,2003-01-01_2007-12-31_output,ratio_to_geometric_neighbor_center=0.00178385; neighbor_ratio=1.65,retain_unchanged,screening_only,,,,
SWM_27352_20070827,27352,2007-08-27,Kisen,mg/dm3,0.03,DQ005_TEMPORAL_ISOLATED_EXTREME,review,Value differs >=20-fold from the geometric mean of adjacent observations; both neighbors are within 5-fold and within 180 days.,2.02,6.33,"р. Чага, 66 км, с. Петровка, кордон з Молдовою",Річки Причорномор'я,SRC001,2003-01-01_2007-12-31_output,ratio_to_geometric_neighbor_center=0.00838965; neighbor_ratio=3.13,retain_unchanged,screening_only,,,,
SWM_27314_20070828,27314,2007-08-28,Sulfat,mg/dm3,45.6,DQ005_TEMPORAL_ISOLATED_EXTREME,review,Value differs >=20-fold from the geometric mean of adjacent observations; both neighbors are within 5-fold and within 180 days.,932.5,1056.9,"оз. Кагул, 0 км, ГНС Нагірне",Дунай,SRC001,2003-01-01_2007-12-31_output,ratio_to_geometric_neighbor_center=0.0459329; neighbor_ratio=1.13,retain_unchanged,screening_only,,,,
SWM_27314_20070904,27314,2007-09-04,Sulfat,mg/dm3,1056.9,DQ005_TEMPORAL_ISOLATED_EXTREME,review,Value differs >=20-fold from the geometric mean of adjacent observations; both neighbors are within 5-fold and within 180 days.,45.6,53.1,"оз. Кагул, 0 км, ГНС Нагірне",Дунай,SRC001,2003-01-01_2007-12-31_output,ratio_to_geometric_neighbor_center=21.4785; neighbor_ratio=1.16,retain_unchanged,screening_only,,,,
SWM_27233_20070918,27233,2007-09-18,Permanganat,mgO2/dm3,0.11,DQ005_TEMPORAL_ISOLATED_EXTREME,review,Value differs >=20-fold from the geometric mean of adjacent observations; both neighbors are within 5-fold and within 180 days.,26.0,9.7,"р. Дністер, 16 км, с. Маяки, ГНС Нижньо-Дністровської ЗС",Дністер,SRC001,2003-01-01_2007-12-31_output,ratio_to_geometric_neighbor_center=0.0069266; neighbor_ratio=2.68,retain_unchanged,screening_only,,,,
SWM_26952_20070920,26952,2007-09-20,Nitrit,mg/dm3,0.001,DQ005_TEMPORAL_ISOLATED_EXTREME,review,Value differs >=20-fold from the geometric mean of adjacent observations; both neighbors are within 5-fold and within 180 days.,0.118,0.06,"р. Случ, 155 км, с. Устя, кордон Рівненської і Житомирської обл-й",Дніпро,SRC001,2003-01-01_2007-12-31_output,ratio_to_geometric_neighbor_center=0.0118846; neighbor_ratio=1.97,retain_unchanged,screening_only,,,,
SWM_27292_20070920,27292,2007-09-20,Zavisli,mg/dm3,285.2,DQ005_TEMPORAL_ISOLATED_EXTREME,review,Value differs >=20-fold from the geometric mean of adjacent observations; both neighbors are within 5-fold and within 180 days.,20.6,8.8,"р. Латориця, 65 км, м. Чоп, питний в/з, кордон з Словаччиною",Дунай,SRC001,2003-01-01_2007-12-31_output,ratio_to_geometric_neighbor_center=21.1824; neighbor_ratio=2.34,retain_unchanged,screening_only,,,,
SWM_27132_20070925,27132,2007-09-25,Nitrit,mg/dm3,0.097,DQ005_TEMPORAL_ISOLATED_EXTREME,review,Value differs >=20-fold from the geometric mean of adjacent observations; both neighbors are within 5-fold and within 180 days.,3.58,1.69,"р. Південний Буг, 744 км, с. Копистин, нижче м.Хмельницький",Південний Буг,SRC001,2003-01-01_2007-12-31_output,ratio_to_geometric_neighbor_center=0.0394355; neighbor_ratio=2.12,retain_unchanged,screening_only,,,,
SWM_27235_20070927,27235,2007-09-27,Amoniy,mg/dm3,3.7,DQ005_TEMPORAL_ISOLATED_EXTREME,review,Value differs >=20-fold from the geometric mean of adjacent observations; both neighbors are within 5-fold and within 180 days.,0.11,0.1,"р. Стрв'яж, 6 км, с. Луки, вплив неочищених стоків м.Самбір, під мостом по дорозі Львів-Самбір",Дністер,SRC001,2003-01-01_2007-12-31_output,ratio_to_geometric_neighbor_center=35.2781; neighbor_ratio=1.1,retain_unchanged,screening_only,,,,
SWM_27314_20071010,27314,2007-10-10,Sulfat,mg/dm3,1019.1,DQ005_TEMPORAL_ISOLATED_EXTREME,review,Value differs >=20-fold from the geometric mean of adjacent observations; both neighbors are within 5-fold and within 180 days.,53.1,41.9,"оз. Кагул, 0 км, ГНС Нагірне",Дунай,SRC001,2003-01-01_2007-12-31_output,ratio_to_geometric_neighbor_center=21.6054; neighbor_ratio=1.27,retain_unchanged,screening_only,,,,
SWM_27320_20071010,27320,2007-10-10,Nitrat,mg/dm3,0.08,DQ005_TEMPORAL_ISOLATED_EXTREME,review,Value differs >=20-fold from the geometric mean of adjacent observations; both neighbors are within 5-fold and within 180 days.,2.0,1.94,"оз. Катлабух, 0 км, Суворовська ГНС",Дунай,SRC001,2003-01-01_2007-12-31_output,ratio_to_geometric_neighbor_center=0.0406138; neighbor_ratio=1.03,retain_unchanged,screening_only,,,,
SWM_27326_20071010,27326,2007-10-10,Nitrat,mg/dm3,0.12,DQ005_TEMPORAL_ISOLATED_EXTREME,review,Value differs >=20-fold from the geometric mean of adjacent observations; both neighbors are within 5-fold and within 180 days.,2.6,2.95,"оз. Китай, 0 км, Червоноярська ГНС",Дунай,SRC001,2003-01-01_2007-12-31_output,ratio_to_geometric_neighbor_center=0.0433295; neighbor_ratio=1.13,retain_unchanged,screening_only,,,,
SWM_27231_20071011,27231,2007-10-11,Nitrat,mg/dm3,3.0,DQ005_TEMPORAL_ISOLATED_EXTREME,review,Value differs >=20-fold from the geometric mean of adjacent observations; both neighbors are within 5-fold and within 180 days.,0.28,0.07,"р. Дністер, 550 км, с. Цикинівка, Ямпільський р-н, Вінницької обл. кордон з Молдовою, лівий берег, після скиду з очисних споруд м. Сороки (Молдова)",Дністер,SRC001,2003-01-01_2007-12-31_output,ratio_to_geometric_neighbor_center=21.4286; neighbor_ratio=4,retain_unchanged,screening_only,,,,
SWM_27231_20071011,27231,2007-10-11,Permanganat,mgO2/dm3,0.21,DQ005_TEMPORAL_ISOLATED_EXTREME,review,Value differs >=20-fold from the geometric mean of adjacent observations; both neighbors are within 5-fold and within 180 days.,10.0,13.0,"р. Дністер, 550 км, с. Цикинівка, Ямпільський р-н, Вінницької обл. кордон з Молдовою, лівий берег, після скиду з очисних споруд м. Сороки (Молдова)",Дністер,SRC001,2003-01-01_2007-12-31_output,ratio_to_geometric_neighbor_center=0.0184182; neighbor_ratio=1.3,retain_unchanged,screening_only,,,,
SWM_27232_20071017,27232,2007-10-17,Nitrat,mg/dm3,0.11,DQ005_TEMPORAL_ISOLATED_EXTREME,review,Value differs >=20-fold from the geometric mean of adjacent observations; both neighbors are within 5-fold and within 180 days.,3.7,8.6,"р. Дністер, 20 км, смт. Біляївка, питний в/з м.Одеса",Дністер,SRC001,2003-01-01_2007-12-31_output,ratio_to_geometric_neighbor_center=0.0195004; neighbor_ratio=2.32,retain_unchanged,screening_only,,,,
SWM_27232_20071017,27232,2007-10-17,Nitrit,mg/dm3,5.1,DQ005_TEMPORAL_ISOLATED_EXTREME,review,Value differs >=20-fold from the geometric mean of adjacent observations; both neighbors are within 5-fold and within 180 days.,0.13,0.09,"р. Дністер, 20 км, смт. Біляївка, питний в/з м.Одеса",Дністер,SRC001,2003-01-01_2007-12-31_output,ratio_to_geometric_neighbor_center=47.1495; neighbor_ratio=1.44,retain_unchanged,screening_only,,,,
SWM_27314_20071023,27314,2007-10-23,Sulfat,mg/dm3,41.9,DQ005_TEMPORAL_ISOLATED_EXTREME,review,Value differs >=20-fold from the geometric mean of adjacent observations; both neighbors are within 5-fold and within 180 days.,1019.1,773.6,"оз. Кагул, 0 км, ГНС Нагірне",Дунай,SRC001,2003-01-01_2007-12-31_output,ratio_to_geometric_neighbor_center=0.0471897; neighbor_ratio=1.32,retain_unchanged,screening_only,,,,
SWM_27218_20071024,27218,2007-10-24,Nitrat,mg/dm3,0.15,DQ005_TEMPORAL_ISOLATED_EXTREME,review,Value differs >=20-fold from the geometric mean of adjacent observations; both neighbors are within 5-fold and within 180 days.,4.1,5.0,"р. Дністер, 1136 км, с. Сівка Войнилівська, кордон Львівської та Івано-Франківської областей, лівий берег, 30 м нижче мосту по дорозі м.Калуш-м.Бурштин",Дністер,SRC001,2003-01-01_2007-12-31_output,ratio_to_geometric_neighbor_center=0.0331295; neighbor_ratio=1.22,retain_unchanged,screening_only,,,,
SWM_27233_20071108,27233,2007-11-08,Permanganat,mgO2/dm3,9.7,DQ005_TEMPORAL_ISOLATED_EXTREME,review,Value differs >=20-fold from the geometric mean of adjacent observations; both neighbors are within 5-fold and within 180 days.,0.11,0.21,"р. Дністер, 16 км, с. Маяки, ГНС Нижньо-Дністровської ЗС",Дністер,SRC001,2003-01-01_2007-12-31_output,ratio_to_geometric_neighbor_center=63.8213; neighbor_ratio=1.91,retain_unchanged,screening_only,,,,
SWM_27265_20071113,27265,2007-11-13,SPAR,mg/dm3,0.005,DQ005_TEMPORAL_ISOLATED_EXTREME,review,Value differs >=20-fold from the geometric mean of adjacent observations; both neighbors are within 5-fold and within 180 days.,0.166,0.121,"р. Турунчук, 47 км, с. Троїцьке, (рукав Дністра), міст",Дністер,SRC001,2003-01-01_2007-12-31_output,ratio_to_geometric_neighbor_center=0.0352796; neighbor_ratio=1.37,retain_unchanged,screening_only,,,,
SWM_27231_20071115,27231,2007-11-15,Nitrat,mg/dm3,0.07,DQ005_TEMPORAL_ISOLATED_EXTREME,review,Value differs >=20-fold from the geometric mean of adjacent observations; both neighbors are within 5-fold and within 180 days.,3.0,2.9,"р. Дністер, 550 км, с. Цикинівка, Ямпільський р-н, Вінницької обл. кордон з Молдовою, лівий берег, після скиду з очисних споруд м. Сороки (Молдова)",Дністер,SRC001,2003-01-01_2007-12-31_output,ratio_to_geometric_neighbor_center=0.0237322; neighbor_ratio=1.03,retain_unchanged,screening_only,,,,
SWM_27231_20071115,27231,2007-11-15,Permanganat,mgO2/dm3,13.0,DQ005_TEMPORAL_ISOLATED_EXTREME,review,Value differs >=20-fold from the geometric mean of adjacent observations; both neighbors are within 5-fold and within 180 days.,0.21,0.15,"р. Дністер, 550 км, с. Цикинівка, Ямпільський р-н, Вінницької обл. кордон з Молдовою, лівий берег, після скиду з очисних споруд м. Сороки (Молдова)",Дністер,SRC001,2003-01-01_2007-12-31_output,ratio_to_geometric_neighbor_center=73.2467; neighbor_ratio=1.4,retain_unchanged,screening_only,,,,
SWM_27224_20071121,27224,2007-11-21,Nitrat,mg/dm3,0.05,DQ005_TEMPORAL_ISOLATED_EXTREME,review,Value differs >=20-fold from the geometric mean of adjacent observations; both neighbors are within 5-fold and within 180 days.,3.0,5.16,"р. Дністер, 826 км, м. Хотин, в/з, лівий берег, 600 м вище мосту дороги Чернівці-Камян.-Под.",Дністер,SRC001,2003-01-01_2007-12-31_output,ratio_to_geometric_neighbor_center=0.0127082; neighbor_ratio=1.72,retain_unchanged,screening_only,,,,
SWM_27020_20071206,27020,2007-12-06,Nitrat,mg/dm3,0.11,DQ005_TEMPORAL_ISOLATED_EXTREME,review,Value differs >=20-fold from the geometric mean of adjacent observations; both neighbors are within 5-fold and within 180 days.,2.4,3.7,"р. Рось, 278 км, с.Кошів, кордон з Вінницькою обл.",Дніпро,SRC001,2003-01-01_2007-12-31_output,ratio_to_geometric_neighbor_center=0.0369136; neighbor_ratio=1.54,retain_unchanged,screening_only,,,,
SWM_27231_20071211,27231,2007-12-11,Permanganat,mgO2/dm3,0.15,DQ005_TEMPORAL_ISOLATED_EXTREME,review,Value differs >=20-fold from the geometric mean of adjacent observations; both neighbors are within 5-fold and within 180 days.,13.0,3.5,"р. Дністер, 550 км, с. Цикинівка, Ямпільський р-н, Вінницької обл. кордон з Молдовою, лівий берег, після скиду з очисних споруд м. Сороки (Молдова)",Дністер,SRC001,2003-01-01_2007-12-31_output,ratio_to_geometric_neighbor_center=0.0222375; neighbor_ratio=3.71,retain_unchanged,screening_only,,,,
SWM_27223_20071213,27223,2007-12-13,Fosfat,mg/dm3,6.5,DQ005_TEMPORAL_ISOLATED_EXTREME,review,Value differs >=20-fold from the geometric mean of adjacent observations; both neighbors are within 5-fold and within 180 days.,0.32,0.087,"р. Дністер, 900 км, с. Митків, правий берег, 200 м вище станції першого підйому в/з м. Чернівці",Дністер,SRC001,2003-01-01_2007-12-31_output,ratio_to_geometric_neighbor_center=38.9564; neighbor_ratio=3.68,retain_unchanged,screening_only,,,,
SWM_27331_20071218,27331,2007-12-18,Nitrat,mg/dm3,0.01,DQ005_TEMPORAL_ISOLATED_EXTREME,review,Value differs >=20-fold from the geometric mean of adjacent observations; both neighbors are within 5-fold and within 180 days.,4.17,11.0,"р. Західний Буг, 689 км, Добротвірське вдсх, н/б'єф, в/з",Вісла,SRC001,2003-01-01_2007-12-31_output,ratio_to_geometric_neighbor_center=0.00147651; neighbor_ratio=2.64,retain_unchanged,screening_only,,,,
SWM_27331_20071218,27331,2007-12-18,Fosfat,mg/dm3,0.05,DQ005_TEMPORAL_ISOLATED_EXTREME,review,Value differs >=20-fold from the geometric mean of adjacent observations; both neighbors are within 5-fold and within 180 days.,1.9,1.02,"р. Західний Буг, 689 км, Добротвірське вдсх, н/б'єф, в/з",Вісла,SRC001,2003-01-01_2007-12-31_output,ratio_to_geometric_neighbor_center=0.0359164; neighbor_ratio=1.86,retain_unchanged,screening_only,,,,
SWM_27314_20071219,27314,2007-12-19,Sulfat,mg/dm3,796.5,DQ005_TEMPORAL_ISOLATED_EXTREME,review,Value differs >=20-fold from the geometric mean of adjacent observations; both neighbors are within 5-fold and within 180 days.,39.0,40.3,"оз. Кагул, 0 км, ГНС Нагірне",Дунай,SRC001,2003-01-01_2007-12-31_output,ratio_to_geometric_neighbor_center=20.091; neighbor_ratio=1.03,retain_unchanged,screening_only,,,,
SWM_27135_20080115,27135,2008-01-15,Fosfat,mg/dm3,1.25,DQ005_TEMPORAL_ISOLATED_EXTREME,review,Value differs >=20-fold from the geometric mean of adjacent observations; both neighbors are within 5-fold and within 180 days.,0.051,0.076,"р. Південний Буг, 652 км, м. Хмільник, питний в/з, вище міста",Південний Буг,SRC002,2008-01-01_2012-12-30_output,ratio_to_geometric_neighbor_center=20.0779; neighbor_ratio=1.49,retain_unchanged,screening_only,,,,
SWM_27214_20080115,27214,2008-01-15,Nitrit,mg/dm3,0.67,DQ005_TEMPORAL_ISOLATED_EXTREME,review,Value differs >=20-fold from the geometric mean of adjacent observations; both neighbors are within 5-fold and within 180 days.,0.05,0.02,"р. Кальчик, 18 км, м. Маріуполь, вище міста,  н/б Старокримського вдсх.",Річки Приазов'я,SRC002,2008-01-01_2012-12-30_output,ratio_to_geometric_neighbor_center=21.1873; neighbor_ratio=2.5,retain_unchanged,screening_only,,,,
SWM_26945_20080117,26945,2008-01-17,Amoniy,mg/dm3,0.046,DQ005_TEMPORAL_ISOLATED_EXTREME,review,Value differs >=20-fold from the geometric mean of adjacent observations; both neighbors are within 5-fold and within 180 days.,1.25,0.688,"р. Горинь, 478 км, м. Славута, зона впливу ХАЕС",Дніпро,SRC002,2008-01-01_2012-12-30_output,ratio_to_geometric_neighbor_center=0.0496031; neighbor_ratio=1.82,retain_unchanged,screening_only,,,,
SWM_26968_20080124,26968,2008-01-24,Fosfat,mg/dm3,0.007,DQ005_TEMPORAL_ISOLATED_EXTREME,review,Value differs >=20-fold from the geometric mean of adjacent observations; both neighbors are within 5-fold and within 180 days.,0.16,0.13,"р. Ірша, 31 км, м. Малин, питний в/з міста",Дніпро,SRC002,2008-01-01_2012-12-30_output,ratio_to_geometric_neighbor_center=0.0485363; neighbor_ratio=1.23,retain_unchanged,screening_only,,,,
SWM_27328_20080211,27328,2008-02-11,Fosfat,mg/dm3,0.06,DQ005_TEMPORAL_ISOLATED_EXTREME,review,Value differs >=20-fold from the geometric mean of adjacent observations; both neighbors are within 5-fold and within 180 days.,1.7,4.92,"р. Киргиж-Китай, 49 км, с. М. Ярославець, кордон з Молдовою",Дунай,SRC002,2008-01-01_2012-12-30_output,ratio_to_geometric_neighbor_center=0.0207465; neighbor_ratio=2.89,retain_unchanged,screening_only,,,,
SWM_27263_20080214,27263,2008-02-14,BSK5,mgO2/dm3,0.2,DQ005_TEMPORAL_ISOLATED_EXTREME,review,Value differs >=20-fold from the geometric mean of adjacent observations; both neighbors are within 5-fold and within 180 days.,3.2,5.5,"р. Окни, 28 км, с. Лабушне, кордон з Молдовою",Дністер,SRC002,2008-01-01_2012-12-30_output,ratio_to_geometric_neighbor_center=0.0476731; neighbor_ratio=1.72,retain_unchanged,screening_only,,,,
SWM_27264_20080214,27264,2008-02-14,BSK5,mgO2/dm3,0.1,DQ005_TEMPORAL_ISOLATED_EXTREME,review,Value differs >=20-fold from the geometric mean of adjacent observations; both neighbors are within 5-fold and within 180 days.,2.86,2.2,"р. Ягорлик, 20,2 км, с. Артирівка, кордон з Молдовою",Дністер,SRC002,2008-01-01_2012-12-30_output,ratio_to_geometric_neighbor_center=0.0398663; neighbor_ratio=1.3,retain_unchanged,screening_only,,,,
SWM_27214_20080226,27214,2008-02-26,Nitrit,mg/dm3,0.02,DQ005_TEMPORAL_ISOLATED_EXTREME,review,Value differs >=20-fold from the geometric mean of adjacent observations; both neighbors are within 5-fold and within 180 days.,0.67,1.05,"р. Кальчик, 18 км, м. Маріуполь, вище міста,  н/б Старокримського вдсх.",Річки Приазов'я,SRC002,2008-01-01_2012-12-30_output,ratio_to_geometric_neighbor_center=0.023845; neighbor_ratio=1.57,retain_unchanged,screening_only,,,,
SWM_27119_20080320,27119,2008-03-20,Nitrat,mg/dm3,0.5,DQ005_TEMPORAL_ISOLATED_EXTREME,review,Value differs >=20-fold from the geometric mean of adjacent observations; both neighbors are within 5-fold and within 180 days.,14.6,13.3,"р. Інгулець, 373 км, с. Іскрівка, нижче впадіння р. Жовта",Дніпро,SRC002,2008-01-01_2012-12-30_output,ratio_to_geometric_neighbor_center=0.0358813; neighbor_ratio=1.1,retain_unchanged,screening_only,,,,
SWM_27129_20080320,27129,2008-03-20,Nitrat,mg/dm3,0.4,DQ005_TEMPORAL_ISOLATED_EXTREME,review,Value differs >=20-fold from the geometric mean of adjacent observations; both neighbors are within 5-fold and within 180 days.,9.7,7.9,"р. Жовта, 22 км, нижче скиду ТОВ ""Восток-Руда""",Дніпро,SRC002,2008-01-01_2012-12-30_output,ratio_to_geometric_neighbor_center=0.0456941; neighbor_ratio=1.23,retain_unchanged,screening_only,,,,
SWM_27145_20080410,27145,2008-04-10,Fosfat,mg/dm3,0.014,DQ005_TEMPORAL_ISOLATED_EXTREME,review,Value differs >=20-fold from the geometric mean of adjacent observations; both neighbors are within 5-fold and within 180 days.,0.29,0.31,"р. Південний Буг, 206 км, м. Первомайськ, Первомайське вдсх.",Південний Буг,SRC002,2008-01-01_2012-12-30_output,ratio_to_geometric_neighbor_center=0.0466926; neighbor_ratio=1.07,retain_unchanged,screening_only,,,,
SWM_27279_20080415,27279,2008-04-15,Zavisli,mg/dm3,238.4,DQ005_TEMPORAL_ISOLATED_EXTREME,review,Value differs >=20-fold from the geometric mean of adjacent observations; both neighbors are within 5-fold and within 180 days.,6.5,9.6,"р. Тиса, 807 км, смт.Вілок, кордон з Угорщиною",Дунай,SRC002,2008-01-01_2012-12-30_output,ratio_to_geometric_neighbor_center=30.1796; neighbor_ratio=1.48,retain_unchanged,screening_only,,,,
SWM_27020_20080416,27020,2008-04-16,Amoniy,mg/dm3,18.32,DQ005_TEMPORAL_ISOLATED_EXTREME,review,Value differs >=20-fold from the geometric mean of adjacent observations; both neighbors are within 5-fold and within 180 days.,0.22,0.21,"р. Рось, 278 км, с.Кошів, кордон з Вінницькою обл.",Дніпро,SRC002,2008-01-01_2012-12-30_output,ratio_to_geometric_neighbor_center=85.2324; neighbor_ratio=1.05,retain_unchanged,screening_only,,,,
SWM_27254_20080416,27254,2008-04-16,Fosfat,mg/dm3,0.39,DQ005_TEMPORAL_ISOLATED_EXTREME,review,Value differs >=20-fold from the geometric mean of adjacent observations; both neighbors are within 5-fold and within 180 days.,0.019,0.007,"р. Сівка, 2 км, с. Сівка-Войнилівська, гирло, вплив стоків Калуського пром. вузла, 40 м нижче мосту по дорозі Галич - Залуква - Войнилів",Дністер,SRC002,2008-01-01_2012-12-30_output,ratio_to_geometric_neighbor_center=33.8173; neighbor_ratio=2.71,retain_unchanged,screening_only,,,,
SWM_27307_20080416,27307,2008-04-16,Zavisli,mg/dm3,292.0,DQ005_TEMPORAL_ISOLATED_EXTREME,review,Value differs >=20-fold from the geometric mean of adjacent observations; both neighbors are within 5-fold and within 180 days.,2.0,10.0,"р. Прут, 790 км, смт. Неполоківці,, кордон Ів.-Франківської і Чернівецької обл.",Дунай,SRC002,2008-01-01_2012-12-30_output,ratio_to_geometric_neighbor_center=65.2932; neighbor_ratio=5,retain_unchanged,screening_only,,,,
SWM_27068_20080417,27068,2008-04-17,Nitrit,mg/dm3,0.461,DQ005_TEMPORAL_ISOLATED_EXTREME,review,Value differs >=20-fold from the geometric mean of adjacent observations; both neighbors are within 5-fold and within 180 days.,0.02,0.02,"канал Дніпро-Донбас, 215 км, верхній б'єф Краснопавлівського водосховища, скид у р. Сіверський Дінець",Дніпро,SRC002,2008-01-01_2012-12-30_output,ratio_to_geometric_neighbor_center=23.05; neighbor_ratio=1,retain_unchanged,screening_only,,,,
SWM_27307_20080422,27307,2008-04-22,Nitrit,mg/dm3,0.002,DQ005_TEMPORAL_ISOLATED_EXTREME,review,Value differs >=20-fold from the geometric mean of adjacent observations; both neighbors are within 5-fold and within 180 days.,0.091,0.039,"р. Прут, 790 км, смт. Неполоківці,, кордон Ів.-Франківської і Чернівецької обл.",Дунай,SRC002,2008-01-01_2012-12-30_output,ratio_to_geometric_neighbor_center=0.033572; neighbor_ratio=2.33,retain_unchanged,screening_only,,,,
SWM_27146_20080513,27146,2008-05-13,SPAR,mg/dm3,0.001,DQ005_TEMPORAL_ISOLATED_EXTREME,review,Value differs >=20-fold from the geometric mean of adjacent observations; both neighbors are within 5-fold and within 180 days.,0.068,0.022,"р. Південний Буг, 153 км, с. Олексіівка, питний в/з м. Південно-Українськ",Південний Буг,SRC002,2008-01-01_2012-12-30_output,ratio_to_geometric_neighbor_center=0.0258544; neighbor_ratio=3.09,retain_unchanged,screening_only,,,,
SWM_27117_20080515,27117,2008-05-15,Nitrat,mg/dm3,0.21,DQ005_TEMPORAL_ISOLATED_EXTREME,review,Value differs >=20-fold from the geometric mean of adjacent observations; both neighbors are within 5-fold and within 180 days.,11.19,10.83,"р. Інгулець, 483 км, с. Марто-Іванівка",Дніпро,SRC002,2008-01-01_2012-12-30_output,ratio_to_geometric_neighbor_center=0.0190761; neighbor_ratio=1.03,retain_unchanged,screening_only,,,,
SWM_27309_20080520,27309,2008-05-20,Fosfat,mg/dm3,0.007,DQ005_TEMPORAL_ISOLATED_EXTREME,review,Value differs >=20-fold from the geometric mean of adjacent observations; both neighbors are within 5-fold and within 180 days.,0.19,0.119,"р. Прут, 759 км, с. Магала, лівий берег, 3 км нижче мосту по дорозі Чернівці-Хотин, 600 м нище скиду стічних вод м. Чернівці",Дунай,SRC002,2008-01-01_2012-12-30_output,ratio_to_geometric_neighbor_center=0.046553; neighbor_ratio=1.6,retain_unchanged,screening_only,,,,
SWM_27068_20080522,27068,2008-05-22,Nitrit,mg/dm3,0.02,DQ005_TEMPORAL_ISOLATED_EXTREME,review,Value differs >=20-fold from the geometric mean of adjacent observations; both neighbors are within 5-fold and within 180 days.,0.461,0.474,"канал Дніпро-Донбас, 215 км, верхній б'єф Краснопавлівського водосховища, скид у р. Сіверський Дінець",Дніпро,SRC002,2008-01-01_2012-12-30_output,ratio_to_geometric_neighbor_center=0.0427849; neighbor_ratio=1.03,retain_unchanged,screening_only,,,,
SWM_27130_20080526,27130,2008-05-26,Zavisli,mg/dm3,38.0,DQ005_TEMPORAL_ISOLATED_EXTREME,review,Value differs >=20-fold from the geometric mean of adjacent observations; both neighbors are within 5-fold and within 180 days.,1.3,0.65,"р. Південний Буг, 773 км, смт. Чорний Острів, Мар'янівське вдсх.",Південний Буг,SRC002,2008-01-01_2012-12-30_output,ratio_to_geometric_neighbor_center=41.3386; neighbor_ratio=2,retain_unchanged,screening_only,,,,
SWM_27343_20080530,27343,2008-05-30,Amoniy,mg/dm3,0.01,DQ005_TEMPORAL_ISOLATED_EXTREME,review,Value differs >=20-fold from the geometric mean of adjacent observations; both neighbors are within 5-fold and within 180 days.,0.77,0.71,"р. Вишня, 37 км, с. Чернево, кордон з Польщею, під мостом дороги м. Мостиська - с. Краковець",Вісла,SRC002,2008-01-01_2012-12-30_output,ratio_to_geometric_neighbor_center=0.0135246; neighbor_ratio=1.08,retain_unchanged,screening_only,,,,
SWM_27269_20080616,27269,2008-06-16,Fosfat,mg/dm3,0.005,DQ005_TEMPORAL_ISOLATED_EXTREME,review,Value differs >=20-fold from the geometric mean of adjacent observations; both neighbors are within 5-fold and within 180 days.,0.168,0.142,"р. Дунай, 163 км, м. Рені, кордон з Румунією",Дунай,SRC002,2008-01-01_2012-12-30_output,ratio_to_geometric_neighbor_center=0.0323721; neighbor_ratio=1.18,retain_unchanged,screening_only,,,,
SWM_27068_20080619,27068,2008-06-19,Nitrit,mg/dm3,0.474,DQ005_TEMPORAL_ISOLATED_EXTREME,review,Value differs >=20-fold from the geometric mean of adjacent observations; both neighbors are within 5-fold and within 180 days.,0.02,0.02,"канал Дніпро-Донбас, 215 км, верхній б'єф Краснопавлівського водосховища, скид у р. Сіверський Дінець",Дніпро,SRC002,2008-01-01_2012-12-30_output,ratio_to_geometric_neighbor_center=23.7; neighbor_ratio=1,retain_unchanged,screening_only,,,,
SWM_27340_20080623,27340,2008-06-23,Nitrit,mg/dm3,1.15,DQ005_TEMPORAL_ISOLATED_EXTREME,review,Value differs >=20-fold from the geometric mean of adjacent observations; both neighbors are within 5-fold and within 180 days.,0.04,0.03,"р. Рата, 22 км, смт. Великі Мости, в/з",Вісла,SRC002,2008-01-01_2012-12-30_output,ratio_to_geometric_neighbor_center=33.1976; neighbor_ratio=1.33,retain_unchanged,screening_only,,,,
SWM_27275_20080625,27275,2008-06-25,Zavisli,mg/dm3,478.0,DQ005_TEMPORAL_ISOLATED_EXTREME,review,Value differs >=20-fold from the geometric mean of adjacent observations; both neighbors are within 5-fold and within 180 days.,2.3,5.1,"р. Тиса, 927 км, смт. В. Бичків, в/з, автомат.г/мет станц.",Дунай,SRC002,2008-01-01_2012-12-30_output,ratio_to_geometric_neighbor_center=139.566; neighbor_ratio=2.22,retain_unchanged,screening_only,,,,
SWM_27277_20080625,27277,2008-06-25,Zavisli,mg/dm3,478.0,DQ005_TEMPORAL_ISOLATED_EXTREME,review,Value differs >=20-fold from the geometric mean of adjacent observations; both neighbors are within 5-fold and within 180 days.,5.2,3.1,"р. Тиса, 882 км, м. Тячів, питний в/з, АІВС якості***",Дунай,SRC002,2008-01-01_2012-12-30_output,ratio_to_geometric_neighbor_center=119.054; neighbor_ratio=1.68,retain_unchanged,screening_only,,,,
SWM_27223_20080707,27223,2008-07-07,Amoniy,mg/dm3,0.724,DQ005_TEMPORAL_ISOLATED_EXTREME,review,Value differs >=20-fold from the geometric mean of adjacent observations; both neighbors are within 5-fold and within 180 days.,0.06,0.02,"р. Дністер, 900 км, с. Митків, правий берег, 200 м вище станції першого підйому в/з м. Чернівці",Дністер,SRC002,2008-01-01_2012-12-30_output,ratio_to_geometric_neighbor_center=20.9001; neighbor_ratio=3,retain_unchanged,screening_only,,,,
SWM_27145_20080716,27145,2008-07-16,SPAR,mg/dm3,0.001,DQ005_TEMPORAL_ISOLATED_EXTREME,review,Value differs >=20-fold from the geometric mean of adjacent observations; both neighbors are within 5-fold and within 180 days.,0.039,0.022,"р. Південний Буг, 206 км, м. Первомайськ, Первомайське вдсх.",Південний Буг,SRC002,2008-01-01_2012-12-30_output,ratio_to_geometric_neighbor_center=0.0341394; neighbor_ratio=1.77,retain_unchanged,screening_only,,,,
SWM_27280_20080730,27280,2008-07-30,Zavisli,mg/dm3,276.2,DQ005_TEMPORAL_ISOLATED_EXTREME,review,Value differs >=20-fold from the geometric mean of adjacent observations; both neighbors are within 5-fold and within 180 days.,3.4,6.7,"р. Тиса, 696 км, м. Чоп, кордон з Угорщиною",Дунай,SRC002,2008-01-01_2012-12-30_output,ratio_to_geometric_neighbor_center=57.8691; neighbor_ratio=1.97,retain_unchanged,screening_only,,,,
SWM_27253_20080805,27253,2008-08-05,Fosfat,mg/dm3,0.003,DQ005_TEMPORAL_ISOLATED_EXTREME,review,Value differs >=20-fold from the geometric mean of adjacent observations; both neighbors are within 5-fold and within 180 days.,0.39,0.091,"р. Сівка, 11 км, смт. Войнилів, вплив стоків Калуського пром вузла, лів. берег, 80 м вище мосту по дорозі Калуш-Бурштин",Дністер,SRC002,2008-01-01_2012-12-30_output,ratio_to_geometric_neighbor_center=0.0159246; neighbor_ratio=4.29,retain_unchanged,screening_only,,,,
SWM_27254_20080805,27254,2008-08-05,Fosfat,mg/dm3,0.007,DQ005_TEMPORAL_ISOLATED_EXTREME,review,Value differs >=20-fold from the geometric mean of adjacent observations; both neighbors are within 5-fold and within 180 days.,0.39,0.11,"р. Сівка, 2 км, с. Сівка-Войнилівська, гирло, вплив стоків Калуського пром. вузла, 40 м нижче мосту по дорозі Галич - Залуква - Войнилів",Дністер,SRC002,2008-01-01_2012-12-30_output,ratio_to_geometric_neighbor_center=0.0337963; neighbor_ratio=3.55,retain_unchanged,screening_only,,,,
SWM_27309_20080806,27309,2008-08-06,Zavisli,mg/dm3,147.0,DQ005_TEMPORAL_ISOLATED_EXTREME,review,Value differs >=20-fold from the geometric mean of adjacent observations; both neighbors are within 5-fold and within 180 days.,8.0,6.0,"р. Прут, 759 км, с. Магала, лівий берег, 3 км нижче мосту по дорозі Чернівці-Хотин, 600 м нище скиду стічних вод м. Чернівці",Дунай,SRC002,2008-01-01_2012-12-30_output,ratio_to_geometric_neighbor_center=21.2176; neighbor_ratio=1.33,retain_unchanged,screening_only,,,,
SWM_27264_20080813,27264,2008-08-13,Kisen,mg/dm3,0.16,DQ005_TEMPORAL_ISOLATED_EXTREME,review,Value differs >=20-fold from the geometric mean of adjacent observations; both neighbors are within 5-fold and within 180 days.,5.8,5.26,"р. Ягорлик, 20,2 км, с. Артирівка, кордон з Молдовою",Дністер,SRC002,2008-01-01_2012-12-30_output,ratio_to_geometric_neighbor_center=0.0289676; neighbor_ratio=1.1,retain_unchanged,screening_only,,,,
SWM_27343_20080819,27343,2008-08-19,Amoniy,mg/dm3,0.71,DQ005_TEMPORAL_ISOLATED_EXTREME,review,Value differs >=20-fold from the geometric mean of adjacent observations; both neighbors are within 5-fold and within 180 days.,0.01,0.01,"р. Вишня, 37 км, с. Чернево, кордон з Польщею, під мостом дороги м. Мостиська - с. Краковець",Вісла,SRC002,2008-01-01_2012-12-30_output,ratio_to_geometric_neighbor_center=71; neighbor_ratio=1,retain_unchanged,screening_only,,,,
SWM_27314_20080820,27314,2008-08-20,Nitrat,mg/dm3,2026.4,DQ005_TEMPORAL_ISOLATED_EXTREME,review,Value differs >=20-fold from the geometric mean of adjacent observations; both neighbors are within 5-fold and within 180 days.,0.55,0.53,"оз. Кагул, 0 км, ГНС Нагірне",Дунай,SRC002,2008-01-01_2012-12-30_output,ratio_to_geometric_neighbor_center=3753.24; neighbor_ratio=1.04,retain_unchanged,screening_only,,,,
SWM_27320_20080820,27320,2008-08-20,Nitrat,mg/dm3,2026.4,DQ005_TEMPORAL_ISOLATED_EXTREME,review,Value differs >=20-fold from the geometric mean of adjacent observations; both neighbors are within 5-fold and within 180 days.,1.35,1.18,"оз. Катлабух, 0 км, Суворовська ГНС",Дунай,SRC002,2008-01-01_2012-12-30_output,ratio_to_geometric_neighbor_center=1605.53; neighbor_ratio=1.14,retain_unchanged,screening_only,,,,
SWM_27351_20080821,27351,2008-08-21,Nitrit,mg/dm3,0.04,DQ005_TEMPORAL_ISOLATED_EXTREME,review,Value differs >=20-fold from the geometric mean of adjacent observations; both neighbors are within 5-fold and within 180 days.,2.75,1.14,"р. Когільник, 131 км, с. Серпневе, кордон з Молдовою",Річки Причорномор'я,SRC002,2008-01-01_2012-12-30_output,ratio_to_geometric_neighbor_center=0.0225913; neighbor_ratio=2.41,retain_unchanged,screening_only,,,,
SWM_27150_20080903,27150,2008-09-03,Nitrit,mg/dm3,109.0,DQ005_TEMPORAL_ISOLATED_EXTREME,review,Value differs >=20-fold from the geometric mean of adjacent observations; both neighbors are within 5-fold and within 180 days.,0.026,0.051,"р. Південний Буг, 0,5 км, м. Миколаїв, Бузький лиман, тех. в/з Миколаївської ТЕЦ (ліва частина морського порту)",Південний Буг,SRC002,2008-01-01_2012-12-30_output,ratio_to_geometric_neighbor_center=2993.33; neighbor_ratio=1.96,retain_unchanged,screening_only,,,,
SWM_27163_20080922,27163,2008-09-22,Nitrit,mg/dm3,0.02,DQ005_TEMPORAL_ISOLATED_EXTREME,review,Value differs >=20-fold from the geometric mean of adjacent observations; both neighbors are within 5-fold and within 180 days.,0.9,0.27,"р. Інгул, 305 км, с. Первозванівка, нижче скиду, ДП ""Схід-ГЗК"" Інгульської шахти та КП ""Кіровоградське ВКГ""",Південний Буг,SRC002,2008-01-01_2012-12-30_output,ratio_to_geometric_neighbor_center=0.040572; neighbor_ratio=3.33,retain_unchanged,screening_only,,,,
SWM_26977_20080923,26977,2008-09-23,Nitrit,mg/dm3,0.055,DQ005_TEMPORAL_ISOLATED_EXTREME,review,Value differs >=20-fold from the geometric mean of adjacent observations; both neighbors are within 5-fold and within 180 days.,2.32,1.85,"р. Дніпро, 855 км, Скидний канал БСА",Дніпро,SRC002,2008-01-01_2012-12-30_output,ratio_to_geometric_neighbor_center=0.0265481; neighbor_ratio=1.25,retain_unchanged,screening_only,,,,
SWM_27328_20080923,27328,2008-09-23,Nitrit,mg/dm3,0.1,DQ005_TEMPORAL_ISOLATED_EXTREME,review,Value differs >=20-fold from the geometric mean of adjacent observations; both neighbors are within 5-fold and within 180 days.,2.95,1.74,"р. Киргиж-Китай, 49 км, с. М. Ярославець, кордон з Молдовою",Дунай,SRC002,2008-01-01_2012-12-30_output,ratio_to_geometric_neighbor_center=0.0441382; neighbor_ratio=1.7,retain_unchanged,screening_only,,,,
SWM_27317_20081021,27317,2008-10-21,Zavisli,mg/dm3,1.9,DQ005_TEMPORAL_ISOLATED_EXTREME,review,Value differs >=20-fold from the geometric mean of adjacent observations; both neighbors are within 5-fold and within 180 days.,353.0,75.0,"р. В.Ялпуг, 5,4 км, с. Табаки Болградського р-ну,  впадає в оз.Ялпуг, кордон з Молдовою",Дунай,SRC002,2008-01-01_2012-12-30_output,ratio_to_geometric_neighbor_center=0.0116771; neighbor_ratio=4.71,retain_unchanged,screening_only,,,,
SWM_27222_20081022,27222,2008-10-22,Nitrat,mg/dm3,0.015,DQ005_TEMPORAL_ISOLATED_EXTREME,review,Value differs >=20-fold from the geometric mean of adjacent observations; both neighbors are within 5-fold and within 180 days.,3.51,7.7,"р. Дністер, 936 км, м. Заліщики, в/з, прав. берег, 50 м нижче мосту через річку по дорозі Чернівці - Тернопіль",Дністер,SRC002,2008-01-01_2012-12-30_output,ratio_to_geometric_neighbor_center=0.00288531; neighbor_ratio=2.19,retain_unchanged,screening_only,,,,
SWM_27222_20081022,27222,2008-10-22,Nitrit,mg/dm3,6.0,DQ005_TEMPORAL_ISOLATED_EXTREME,review,Value differs >=20-fold from the geometric mean of adjacent observations; both neighbors are within 5-fold and within 180 days.,0.244,0.066,"р. Дністер, 936 км, м. Заліщики, в/з, прав. берег, 50 м нижче мосту через річку по дорозі Чернівці - Тернопіль",Дністер,SRC002,2008-01-01_2012-12-30_output,ratio_to_geometric_neighbor_center=47.2808; neighbor_ratio=3.7,retain_unchanged,screening_only,,,,
SWM_26936_20081106,26936,2008-11-06,Fosfat,mg/dm3,2.11,DQ005_TEMPORAL_ISOLATED_EXTREME,review,Value differs >=20-fold from the geometric mean of adjacent observations; both neighbors are within 5-fold and within 180 days.,0.08,0.019,"р. Стир, 152 км, с.Сопачів, нижче  РАЕС",Дніпро,SRC002,2008-01-01_2012-12-30_output,ratio_to_geometric_neighbor_center=54.1204; neighbor_ratio=4.21,retain_unchanged,screening_only,,,,
SWM_27165_20081111,27165,2008-11-11,SPAR,mg/dm3,0.001,DQ005_TEMPORAL_ISOLATED_EXTREME,review,Value differs >=20-fold from the geometric mean of adjacent observations; both neighbors are within 5-fold and within 180 days.,0.045,0.023,"р. Інгул, 163 км, смт. Новий Буг, Софіівське вдсх., питний в/з селища",Південний Буг,SRC002,2008-01-01_2012-12-30_output,ratio_to_geometric_neighbor_center=0.0310835; neighbor_ratio=1.96,retain_unchanged,screening_only,,,,
SWM_27264_20081111,27264,2008-11-11,Fosfat,mg/dm3,3.462,DQ005_TEMPORAL_ISOLATED_EXTREME,review,Value differs >=20-fold from the geometric mean of adjacent observations; both neighbors are within 5-fold and within 180 days.,0.134,0.075,"р. Ягорлик, 20,2 км, с. Артирівка, кордон з Молдовою",Дністер,SRC002,2008-01-01_2012-12-30_output,ratio_to_geometric_neighbor_center=34.5338; neighbor_ratio=1.79,retain_unchanged,screening_only,,,,
SWM_27139_20081114,27139,2008-11-14,Nitrit,mg/dm3,1.5,DQ005_TEMPORAL_ISOLATED_EXTREME,review,Value differs >=20-fold from the geometric mean of adjacent observations; both neighbors are within 5-fold and within 180 days.,0.026,0.04,"р. Південний Буг, 537 км, смт. Сутиски, Сутиське вдсх., н/б'єф",Південний Буг,SRC002,2008-01-01_2012-12-30_output,ratio_to_geometric_neighbor_center=46.513; neighbor_ratio=1.54,retain_unchanged,screening_only,,,,
SWM_27351_20081114,27351,2008-11-14,Amoniy,mg/dm3,18.0,DQ005_TEMPORAL_ISOLATED_EXTREME,review,Value differs >=20-fold from the geometric mean of adjacent observations; both neighbors are within 5-fold and within 180 days.,1.2,0.5,"р. Когільник, 131 км, с. Серпневе, кордон з Молдовою",Річки Причорномор'я,SRC002,2008-01-01_2012-12-30_output,ratio_to_geometric_neighbor_center=23.2379; neighbor_ratio=2.4,retain_unchanged,screening_only,,,,
SWM_27343_20081120,27343,2008-11-20,Amoniy,mg/dm3,0.01,DQ005_TEMPORAL_ISOLATED_EXTREME,review,Value differs >=20-fold from the geometric mean of adjacent observations; both neighbors are within 5-fold and within 180 days.,0.71,0.93,"р. Вишня, 37 км, с. Чернево, кордон з Польщею, під мостом дороги м. Мостиська - с. Краковець",Вісла,SRC002,2008-01-01_2012-12-30_output,ratio_to_geometric_neighbor_center=0.0123064; neighbor_ratio=1.31,retain_unchanged,screening_only,,,,
SWM_26946_20081208,26946,2008-12-08,Fosfat,mg/dm3,0.024,DQ005_TEMPORAL_ISOLATED_EXTREME,review,Value differs >=20-fold from the geometric mean of adjacent observations; both neighbors are within 5-fold and within 180 days.,0.475,0.64,"р. Горинь, 67 км, с. Висоцьк, кордон з Білоруссю",Дніпро,SRC002,2008-01-01_2012-12-30_output,ratio_to_geometric_neighbor_center=0.0435286; neighbor_ratio=1.35,retain_unchanged,screening_only,,,,
SWM_27055_20081210,27055,2008-12-10,Amoniy,mg/dm3,0.018,DQ005_TEMPORAL_ISOLATED_EXTREME,review,Value differs >=20-fold from the geometric mean of adjacent observations; both neighbors are within 5-fold and within 180 days.,0.83,0.21,"р. Хорол, 280 км, с. Панасовка, вище техн в/з м.Липова Долина, а/д міст",Дніпро,SRC002,2008-01-01_2012-12-30_output,ratio_to_geometric_neighbor_center=0.0431145; neighbor_ratio=3.95,retain_unchanged,screening_only,,,,
SWM_27314_20090113,27314,2009-01-13,Sulfat,mg/dm3,722.2,DQ005_TEMPORAL_ISOLATED_EXTREME,review,Value differs >=20-fold from the geometric mean of adjacent observations; both neighbors are within 5-fold and within 180 days.,35.8,32.1,"оз. Кагул, 0 км, ГНС Нагірне",Дунай,SRC002,2008-01-01_2012-12-30_output,ratio_to_geometric_neighbor_center=21.3041; neighbor_ratio=1.12,retain_unchanged,screening_only,,,,
SWM_27314_20090127,27314,2009-01-27,Sulfat,mg/dm3,32.1,DQ005_TEMPORAL_ISOLATED_EXTREME,review,Value differs >=20-fold from the geometric mean of adjacent observations; both neighbors are within 5-fold and within 180 days.,722.2,580.2,"оз. Кагул, 0 км, ГНС Нагірне",Дунай,SRC002,2008-01-01_2012-12-30_output,ratio_to_geometric_neighbor_center=0.0495892; neighbor_ratio=1.24,retain_unchanged,screening_only,,,,
SWM_27136_20090203,27136,2009-02-03,Nitrit,mg/dm3,0.002,DQ005_TEMPORAL_ISOLATED_EXTREME,review,Value differs >=20-fold from the geometric mean of adjacent observations; both neighbors are within 5-fold and within 180 days.,0.13,0.047,"р. Південний Буг, 607 км, с. Гущинці, нижче села , питний водозабір м.Калинівка",Південний Буг,SRC002,2008-01-01_2012-12-30_output,ratio_to_geometric_neighbor_center=0.0255864; neighbor_ratio=2.77,retain_unchanged,screening_only,,,,
SWM_27146_20090203,27146,2009-02-03,Zavisli,mg/dm3,0.8,DQ005_TEMPORAL_ISOLATED_EXTREME,review,Value differs >=20-fold from the geometric mean of adjacent observations; both neighbors are within 5-fold and within 180 days.,18.4,18.8,"р. Південний Буг, 153 км, с. Олексіівка, питний в/з м. Південно-Українськ",Південний Буг,SRC002,2008-01-01_2012-12-30_output,ratio_to_geometric_neighbor_center=0.0430132; neighbor_ratio=1.02,retain_unchanged,screening_only,,,,
SWM_27223_20090210,27223,2009-02-10,Nitrit,mg/dm3,0.001,DQ005_TEMPORAL_ISOLATED_EXTREME,review,Value differs >=20-fold from the geometric mean of adjacent observations; both neighbors are within 5-fold and within 180 days.,0.066,0.028,"р. Дністер, 900 км, с. Митків, правий берег, 200 м вище станції першого підйому в/з м. Чернівці",Дністер,SRC002,2008-01-01_2012-12-30_output,ratio_to_geometric_neighbor_center=0.0232621; neighbor_ratio=2.36,retain_unchanged,screening_only,,,,
SWM_26946_20090305,26946,2009-03-05,Fosfat,mg/dm3,0.64,DQ005_TEMPORAL_ISOLATED_EXTREME,review,Value differs >=20-fold from the geometric mean of adjacent observations; both neighbors are within 5-fold and within 180 days.,0.024,0.03,"р. Горинь, 67 км, с. Висоцьк, кордон з Білоруссю",Дніпро,SRC002,2008-01-01_2012-12-30_output,ratio_to_geometric_neighbor_center=23.8514; neighbor_ratio=1.25,retain_unchanged,screening_only,,,,
SWM_27328_20090310,27328,2009-03-10,BSK5,mgO2/dm3,222.0,DQ005_TEMPORAL_ISOLATED_EXTREME,review,Value differs >=20-fold from the geometric mean of adjacent observations; both neighbors are within 5-fold and within 180 days.,3.0,4.0,"р. Киргиж-Китай, 49 км, с. М. Ярославець, кордон з Молдовою",Дунай,SRC002,2008-01-01_2012-12-30_output,ratio_to_geometric_neighbor_center=64.0859; neighbor_ratio=1.33,retain_unchanged,screening_only,,,,
SWM_27353_20090310,27353,2009-03-10,Nitrit,mg/dm3,0.075,DQ005_TEMPORAL_ISOLATED_EXTREME,review,Value differs >=20-fold from the geometric mean of adjacent observations; both neighbors are within 5-fold and within 180 days.,1.47,2.5,"р. Хаджидер, 10,1 км, с. Сергіївка",Річки Причорномор'я,SRC002,2008-01-01_2012-12-30_output,ratio_to_geometric_neighbor_center=0.039123; neighbor_ratio=1.7,retain_unchanged,screening_only,,,,
SWM_27167_20090409,27167,2009-04-09,Fosfat,mg/dm3,0.019,DQ005_TEMPORAL_ISOLATED_EXTREME,review,Value differs >=20-fold from the geometric mean of adjacent observations; both neighbors are within 5-fold and within 180 days.,0.682,0.532,"р. Інгул, 2 км, м. Миколаїв, вул. Набережна, 2,  старий пішохідний міст через р. Інгул",Південний Буг,SRC002,2008-01-01_2012-12-30_output,ratio_to_geometric_neighbor_center=0.0315432; neighbor_ratio=1.28,retain_unchanged,screening_only,,,,
SWM_27328_20090513,27328,2009-05-13,BSK5,mgO2/dm3,4.0,DQ005_TEMPORAL_ISOLATED_EXTREME,review,Value differs >=20-fold from the geometric mean of adjacent observations; both neighbors are within 5-fold and within 180 days.,222.0,245.0,"р. Киргиж-Китай, 49 км, с. М. Ярославець, кордон з Молдовою",Дунай,SRC002,2008-01-01_2012-12-30_output,ratio_to_geometric_neighbor_center=0.0171514; neighbor_ratio=1.1,retain_unchanged,screening_only,,,,
SWM_27314_20090609,27314,2009-06-09,Sulfat,mg/dm3,542.4,DQ005_TEMPORAL_ISOLATED_EXTREME,review,Value differs >=20-fold from the geometric mean of adjacent observations; both neighbors are within 5-fold and within 180 days.,29.8,21.6,"оз. Кагул, 0 км, ГНС Нагірне",Дунай,SRC002,2008-01-01_2012-12-30_output,ratio_to_geometric_neighbor_center=21.3789; neighbor_ratio=1.38,retain_unchanged,screening_only,,,,
SWM_26994_20090610,26994,2009-06-10,Fosfat,mg/dm3,0.06,DQ005_TEMPORAL_ISOLATED_EXTREME,review,Value differs >=20-fold from the geometric mean of adjacent observations; both neighbors are within 5-fold and within 180 days.,4.9,6.06,"руч. Знаменка, 5 км, смт. Білі Березки, нижче міста, кордон з РФ",Дніпро,SRC002,2008-01-01_2012-12-30_output,ratio_to_geometric_neighbor_center=0.0110107; neighbor_ratio=1.24,retain_unchanged,screening_only,,,,
SWM_27223_20090611,27223,2009-06-11,Nitrit,mg/dm3,0.003,DQ005_TEMPORAL_ISOLATED_EXTREME,review,Value differs >=20-fold from the geometric mean of adjacent observations; both neighbors are within 5-fold and within 180 days.,0.05,0.09,"р. Дністер, 900 км, с. Митків, правий берег, 200 м вище станції першого підйому в/з м. Чернівці",Дністер,SRC002,2008-01-01_2012-12-30_output,ratio_to_geometric_neighbor_center=0.0447214; neighbor_ratio=1.8,retain_unchanged,screening_only,,,,
SWM_27153_20090615,27153,2009-06-15,Zavisli,mg/dm3,44.0,DQ005_TEMPORAL_ISOLATED_EXTREME,review,Value differs >=20-fold from the geometric mean of adjacent observations; both neighbors are within 5-fold and within 180 days.,0.12,0.25,"р. Кодима, 103 км, м. Балта, сільгосп. в/з",Південний Буг,SRC002,2008-01-01_2012-12-30_output,ratio_to_geometric_neighbor_center=254.034; neighbor_ratio=2.08,retain_unchanged,screening_only,,,,
SWM_27153_20090615,27153,2009-06-15,Sulfat,mg/dm3,1.92,DQ005_TEMPORAL_ISOLATED_EXTREME,review,Value differs >=20-fold from the geometric mean of adjacent observations; both neighbors are within 5-fold and within 180 days.,70.9,62.03,"р. Кодима, 103 км, м. Балта, сільгосп. в/з",Південний Буг,SRC002,2008-01-01_2012-12-30_output,ratio_to_geometric_neighbor_center=0.0289519; neighbor_ratio=1.14,retain_unchanged,screening_only,,,,
SWM_26939_20090616,26939,2009-06-16,Fosfat,mg/dm3,0.01,DQ005_TEMPORAL_ISOLATED_EXTREME,review,Value differs >=20-fold from the geometric mean of adjacent observations; both neighbors are within 5-fold and within 180 days.,0.26,0.29,"р. Стир, 48 км, смт. Зарічне, кордон з Білоруссю",Дніпро,SRC002,2008-01-01_2012-12-30_output,ratio_to_geometric_neighbor_center=0.0364179; neighbor_ratio=1.12,retain_unchanged,screening_only,,,,
SWM_26946_20090616,26946,2009-06-16,Fosfat,mg/dm3,0.03,DQ005_TEMPORAL_ISOLATED_EXTREME,review,Value differs >=20-fold from the geometric mean of adjacent observations; both neighbors are within 5-fold and within 180 days.,0.64,0.57,"р. Горинь, 67 км, с. Висоцьк, кордон з Білоруссю",Дніпро,SRC002,2008-01-01_2012-12-30_output,ratio_to_geometric_neighbor_center=0.04967; neighbor_ratio=1.12,retain_unchanged,screening_only,,,,
SWM_27317_20090618,27317,2009-06-18,Kisen,mg/dm3,0.14,DQ005_TEMPORAL_ISOLATED_EXTREME,review,Value differs >=20-fold from the geometric mean of adjacent observations; both neighbors are within 5-fold and within 180 days.,10.7,4.2,"р. В.Ялпуг, 5,4 км, с. Табаки Болградського р-ну,  впадає в оз.Ялпуг, кордон з Молдовою",Дунай,SRC002,2008-01-01_2012-12-30_output,ratio_to_geometric_neighbor_center=0.0208839; neighbor_ratio=2.55,retain_unchanged,screening_only,,,,
SWM_27314_20090623,27314,2009-06-23,Sulfat,mg/dm3,21.6,DQ005_TEMPORAL_ISOLATED_EXTREME,review,Value differs >=20-fold from the geometric mean of adjacent observations; both neighbors are within 5-fold and within 180 days.,542.4,543.0,"оз. Кагул, 0 км, ГНС Нагірне",Дунай,SRC002,2008-01-01_2012-12-30_output,ratio_to_geometric_neighbor_center=0.039801; neighbor_ratio=1,retain_unchanged,screening_only,,,,
SWM_27314_20090707,27314,2009-07-07,Sulfat,mg/dm3,543.0,DQ005_TEMPORAL_ISOLATED_EXTREME,review,Value differs >=20-fold from the geometric mean of adjacent observations; both neighbors are within 5-fold and within 180 days.,21.6,24.9,"оз. Кагул, 0 км, ГНС Нагірне",Дунай,SRC002,2008-01-01_2012-12-30_output,ratio_to_geometric_neighbor_center=23.4139; neighbor_ratio=1.15,retain_unchanged,screening_only,,,,
SWM_27019_20090722,27019,2009-07-22,Nitrat,mg/dm3,0.03,DQ005_TEMPORAL_ISOLATED_EXTREME,review,Value differs >=20-fold from the geometric mean of adjacent observations; both neighbors are within 5-fold and within 180 days.,1.8,0.83,"р. Дніпро, 580 км, м.Світловодськ, правий берег, питний в/з міста",Дніпро,SRC002,2008-01-01_2012-12-30_output,ratio_to_geometric_neighbor_center=0.024544; neighbor_ratio=2.17,retain_unchanged,screening_only,,,,
SWM_27314_20090722,27314,2009-07-22,Sulfat,mg/dm3,24.9,DQ005_TEMPORAL_ISOLATED_EXTREME,review,Value differs >=20-fold from the geometric mean of adjacent observations; both neighbors are within 5-fold and within 180 days.,543.0,552.6,"оз. Кагул, 0 км, ГНС Нагірне",Дунай,SRC002,2008-01-01_2012-12-30_output,ratio_to_geometric_neighbor_center=0.0454563; neighbor_ratio=1.02,retain_unchanged,screening_only,,,,
SWM_27317_20090722,27317,2009-07-22,Kisen,mg/dm3,4.2,DQ005_TEMPORAL_ISOLATED_EXTREME,review,Value differs >=20-fold from the geometric mean of adjacent observations; both neighbors are within 5-fold and within 180 days.,0.14,0.26,"р. В.Ялпуг, 5,4 км, с. Табаки Болградського р-ну,  впадає в оз.Ялпуг, кордон з Молдовою",Дунай,SRC002,2008-01-01_2012-12-30_output,ratio_to_geometric_neighbor_center=22.014; neighbor_ratio=1.86,retain_unchanged,screening_only,,,,
SWM_27314_20090804,27314,2009-08-04,Sulfat,mg/dm3,552.6,DQ005_TEMPORAL_ISOLATED_EXTREME,review,Value differs >=20-fold from the geometric mean of adjacent observations; both neighbors are within 5-fold and within 180 days.,24.9,25.9,"оз. Кагул, 0 км, ГНС Нагірне",Дунай,SRC002,2008-01-01_2012-12-30_output,ratio_to_geometric_neighbor_center=21.7601; neighbor_ratio=1.04,retain_unchanged,screening_only,,,,
SWM_27022_20090817,27022,2009-08-17,Nitrit,mg/dm3,0.02,DQ005_TEMPORAL_ISOLATED_EXTREME,review,Value differs >=20-fold from the geometric mean of adjacent observations; both neighbors are within 5-fold and within 180 days.,0.21,0.96,"р. Рось, 218 км, с.Глибочиця, с.Глибочиця,  питний в/з м.Біла Церква",Дніпро,SRC002,2008-01-01_2012-12-30_output,ratio_to_geometric_neighbor_center=0.0445435; neighbor_ratio=4.57,retain_unchanged,screening_only,,,,
SWM_27314_20090818,27314,2009-08-18,Sulfat,mg/dm3,25.9,DQ005_TEMPORAL_ISOLATED_EXTREME,review,Value differs >=20-fold from the geometric mean of adjacent observations; both neighbors are within 5-fold and within 180 days.,552.6,581.0,"оз. Кагул, 0 км, ГНС Нагірне",Дунай,SRC002,2008-01-01_2012-12-30_output,ratio_to_geometric_neighbor_center=0.0457095; neighbor_ratio=1.05,retain_unchanged,screening_only,,,,
SWM_27328_20090826,27328,2009-08-26,Kisen,mg/dm3,0.17,DQ005_TEMPORAL_ISOLATED_EXTREME,review,Value differs >=20-fold from the geometric mean of adjacent observations; both neighbors are within 5-fold and within 180 days.,5.0,15.8,"р. Киргиж-Китай, 49 км, с. М. Ярославець, кордон з Молдовою",Дунай,SRC002,2008-01-01_2012-12-30_output,ratio_to_geometric_neighbor_center=0.0191265; neighbor_ratio=3.16,retain_unchanged,screening_only,,,,
SWM_27347_20090826,27347,2009-08-26,Zavisli,mg/dm3,2.4,DQ005_TEMPORAL_ISOLATED_EXTREME,review,Value differs >=20-fold from the geometric mean of adjacent observations; both neighbors are within 5-fold and within 180 days.,106.0,131.0,"оз. Сасик, 0 км, с. Трапівка, ГНС-2",Річки Причорномор'я,SRC002,2008-01-01_2012-12-30_output,ratio_to_geometric_neighbor_center=0.0203668; neighbor_ratio=1.24,retain_unchanged,screening_only,,,,
SWM_27135_20090901,27135,2009-09-01,Nitrit,mg/dm3,1.94,DQ005_TEMPORAL_ISOLATED_EXTREME,review,Value differs >=20-fold from the geometric mean of adjacent observations; both neighbors are within 5-fold and within 180 days.,0.041,0.122,"р. Південний Буг, 652 км, м. Хмільник, питний в/з, вище міста",Південний Буг,SRC002,2008-01-01_2012-12-30_output,ratio_to_geometric_neighbor_center=27.4303; neighbor_ratio=2.98,retain_unchanged,screening_only,,,,
SWM_27137_20090901,27137,2009-09-01,Nitrit,mg/dm3,0.51,DQ005_TEMPORAL_ISOLATED_EXTREME,review,Value differs >=20-fold from the geometric mean of adjacent observations; both neighbors are within 5-fold and within 180 days.,0.034,0.009,"р. Південний Буг, 582 км, м. Вінниця, Сабарівське вдсх,  питний в/з міста, вище міста",Південний Буг,SRC002,2008-01-01_2012-12-30_output,ratio_to_geometric_neighbor_center=29.1548; neighbor_ratio=3.78,retain_unchanged,screening_only,,,,
SWM_27314_20090901,27314,2009-09-01,Sulfat,mg/dm3,581.0,DQ005_TEMPORAL_ISOLATED_EXTREME,review,Value differs >=20-fold from the geometric mean of adjacent observations; both neighbors are within 5-fold and within 180 days.,25.9,29.6,"оз. Кагул, 0 км, ГНС Нагірне",Дунай,SRC002,2008-01-01_2012-12-30_output,ratio_to_geometric_neighbor_center=20.9836; neighbor_ratio=1.14,retain_unchanged,screening_only,,,,
SWM_27022_20090915,27022,2009-09-15,Nitrit,mg/dm3,0.96,DQ005_TEMPORAL_ISOLATED_EXTREME,review,Value differs >=20-fold from the geometric mean of adjacent observations; both neighbors are within 5-fold and within 180 days.,0.02,0.04,"р. Рось, 218 км, с.Глибочиця, с.Глибочиця,  питний в/з м.Біла Церква",Дніпро,SRC002,2008-01-01_2012-12-30_output,ratio_to_geometric_neighbor_center=33.9411; neighbor_ratio=2,retain_unchanged,screening_only,,,,
SWM_26939_20090916,26939,2009-09-16,Fosfat,mg/dm3,0.29,DQ005_TEMPORAL_ISOLATED_EXTREME,review,Value differs >=20-fold from the geometric mean of adjacent observations; both neighbors are within 5-fold and within 180 days.,0.01,0.003,"р. Стир, 48 км, смт. Зарічне, кордон з Білоруссю",Дніпро,SRC002,2008-01-01_2012-12-30_output,ratio_to_geometric_neighbor_center=52.9465; neighbor_ratio=3.33,retain_unchanged,screening_only,,,,
SWM_26990_20091013,26990,2009-10-13,Nitrit,mg/dm3,0.027,DQ005_TEMPORAL_ISOLATED_EXTREME,review,Value differs >=20-fold from the geometric mean of adjacent observations; both neighbors are within 5-fold and within 180 days.,1.1,1.0,"р. Бобрик, 9 км, смт. Середина-Буда, нижче очисних споруд, а/д міст",Дніпро,SRC002,2008-01-01_2012-12-30_output,ratio_to_geometric_neighbor_center=0.0257435; neighbor_ratio=1.1,retain_unchanged,screening_only,,,,
SWM_27063_20091022,27063,2009-10-22,Nitrit,mg/dm3,0.97,DQ005_TEMPORAL_ISOLATED_EXTREME,review,Value differs >=20-fold from the geometric mean of adjacent observations; both neighbors are within 5-fold and within 180 days.,0.029,0.058,"канал Дніпро-Донбас, 0,5 км, с. Шульгівка, після ГВК Дніпро-Донбас",Дніпро,SRC002,2008-01-01_2012-12-30_output,ratio_to_geometric_neighbor_center=23.6515; neighbor_ratio=2,retain_unchanged,screening_only,,,,
SWM_27314_20091110,27314,2009-11-10,Sulfat,mg/dm3,646.9,DQ005_TEMPORAL_ISOLATED_EXTREME,review,Value differs >=20-fold from the geometric mean of adjacent observations; both neighbors are within 5-fold and within 180 days.,30.0,30.2,"оз. Кагул, 0 км, ГНС Нагірне",Дунай,SRC002,2008-01-01_2012-12-30_output,ratio_to_geometric_neighbor_center=21.4918; neighbor_ratio=1.01,retain_unchanged,screening_only,,,,
SWM_27314_20091110,27314,2009-11-10,Zavisli,mg/dm3,462.8,DQ005_TEMPORAL_ISOLATED_EXTREME,review,Value differs >=20-fold from the geometric mean of adjacent observations; both neighbors are within 5-fold and within 180 days.,12.8,19.7,"оз. Кагул, 0 км, ГНС Нагірне",Дунай,SRC002,2008-01-01_2012-12-30_output,ratio_to_geometric_neighbor_center=29.1444; neighbor_ratio=1.54,retain_unchanged,screening_only,,,,
SWM_27314_20091124,27314,2009-11-24,Sulfat,mg/dm3,30.2,DQ005_TEMPORAL_ISOLATED_EXTREME,review,Value differs >=20-fold from the geometric mean of adjacent observations; both neighbors are within 5-fold and within 180 days.,646.9,666.2,"оз. Кагул, 0 км, ГНС Нагірне",Дунай,SRC002,2008-01-01_2012-12-30_output,ratio_to_geometric_neighbor_center=0.046003; neighbor_ratio=1.03,retain_unchanged,screening_only,,,,
SWM_27138_20091208,27138,2009-12-08,Nitrit,mg/dm3,7.2,DQ005_TEMPORAL_ISOLATED_EXTREME,review,Value differs >=20-fold from the geometric mean of adjacent observations; both neighbors are within 5-fold and within 180 days.,0.198,0.197,"р. Південний Буг, 569,5 км, 500 м нижче скиду ВОКВП ВКГ ""Вінницяводоканал""   (1,5 км нижче греблі Сабарівського вдсх.)",Південний Буг,SRC002,2008-01-01_2012-12-30_output,ratio_to_geometric_neighbor_center=36.4558; neighbor_ratio=1.01,retain_unchanged,screening_only,,,,
SWM_27314_20091209,27314,2009-12-09,Sulfat,mg/dm3,666.2,DQ005_TEMPORAL_ISOLATED_EXTREME,review,Value differs >=20-fold from the geometric mean of adjacent observations; both neighbors are within 5-fold and within 180 days.,30.2,29.4,"оз. Кагул, 0 км, ГНС Нагірне",Дунай,SRC002,2008-01-01_2012-12-30_output,ratio_to_geometric_neighbor_center=22.3577; neighbor_ratio=1.03,retain_unchanged,screening_only,,,,
SWM_27164_20100114,27164,2010-01-14,Zavisli,mg/dm3,0.4,DQ005_TEMPORAL_ISOLATED_EXTREME,review,Value differs >=20-fold from the geometric mean of adjacent observations; both neighbors are within 5-fold and within 180 days.,11.2,8.4,"р. Інгул, 179 км, с. Розанівка, сільгосп. в/з, кордон Кіровоградської і Миколаївської обл.",Південний Буг,SRC002,2008-01-01_2012-12-30_output,ratio_to_geometric_neighbor_center=0.0412393; neighbor_ratio=1.33,retain_unchanged,screening_only,,,,
SWM_27326_20100222,27326,2010-02-22,Nitrat,mg/dm3,0.067,DQ005_TEMPORAL_ISOLATED_EXTREME,review,Value differs >=20-fold from the geometric mean of adjacent observations; both neighbors are within 5-fold and within 180 days.,1.54,2.24,"оз. Китай, 0 км, Червоноярська ГНС",Дунай,SRC002,2008-01-01_2012-12-30_output,ratio_to_geometric_neighbor_center=0.0360737; neighbor_ratio=1.45,retain_unchanged,screening_only,,,,
SWM_27348_20100302,27348,2010-03-02,Kisen,mg/dm3,0.23,DQ005_TEMPORAL_ISOLATED_EXTREME,review,Value differs >=20-fold from the geometric mean of adjacent observations; both neighbors are within 5-fold and within 180 days.,10.1,2.75,"р. Сарата, 14,3 км, с. Білолісся",Річки Причорномор'я,SRC002,2008-01-01_2012-12-30_output,ratio_to_geometric_neighbor_center=0.0436416; neighbor_ratio=3.67,retain_unchanged,screening_only,,,,
SWM_27328_20100303,27328,2010-03-03,BSK5,mgO2/dm3,1.8,DQ005_TEMPORAL_ISOLATED_EXTREME,review,Value differs >=20-fold from the geometric mean of adjacent observations; both neighbors are within 5-fold and within 180 days.,66.6,20.0,"р. Киргиж-Китай, 49 км, с. М. Ярославець, кордон з Молдовою",Дунай,SRC002,2008-01-01_2012-12-30_output,ratio_to_geometric_neighbor_center=0.0493197; neighbor_ratio=3.33,retain_unchanged,screening_only,,,,
SWM_26990_20100310,26990,2010-03-10,BSK5,mgO2/dm3,88.0,DQ005_TEMPORAL_ISOLATED_EXTREME,review,Value differs >=20-fold from the geometric mean of adjacent observations; both neighbors are within 5-fold and within 180 days.,3.19,3.36,"р. Бобрик, 9 км, смт. Середина-Буда, нижче очисних споруд, а/д міст",Дніпро,SRC002,2008-01-01_2012-12-30_output,ratio_to_geometric_neighbor_center=26.8793; neighbor_ratio=1.05,retain_unchanged,screening_only,,,,
SWM_26990_20100310,26990,2010-03-10,Amoniy,mg/dm3,31.7,DQ005_TEMPORAL_ISOLATED_EXTREME,review,Value differs >=20-fold from the geometric mean of adjacent observations; both neighbors are within 5-fold and within 180 days.,0.42,0.68,"р. Бобрик, 9 км, смт. Середина-Буда, нижче очисних споруд, а/д міст",Дніпро,SRC002,2008-01-01_2012-12-30_output,ratio_to_geometric_neighbor_center=59.3171; neighbor_ratio=1.62,retain_unchanged,screening_only,,,,
SWM_27150_20100315,27150,2010-03-15,Amoniy,mg/dm3,0.004,DQ005_TEMPORAL_ISOLATED_EXTREME,review,Value differs >=20-fold from the geometric mean of adjacent observations; both neighbors are within 5-fold and within 180 days.,0.398,0.29,"р. Південний Буг, 0,5 км, м. Миколаїв, Бузький лиман, тех. в/з Миколаївської ТЕЦ (ліва частина морського порту)",Південний Буг,SRC002,2008-01-01_2012-12-30_output,ratio_to_geometric_neighbor_center=0.0117739; neighbor_ratio=1.37,retain_unchanged,screening_only,,,,
SWM_27145_20100407,27145,2010-04-07,Fosfat,mg/dm3,0.014,DQ005_TEMPORAL_ISOLATED_EXTREME,review,Value differs >=20-fold from the geometric mean of adjacent observations; both neighbors are within 5-fold and within 180 days.,0.24,0.54,"р. Південний Буг, 206 км, м. Первомайськ, Первомайське вдсх.",Південний Буг,SRC002,2008-01-01_2012-12-30_output,ratio_to_geometric_neighbor_center=0.0388889; neighbor_ratio=2.25,retain_unchanged,screening_only,,,,
SWM_27167_20100407,27167,2010-04-07,Fosfat,mg/dm3,0.028,DQ005_TEMPORAL_ISOLATED_EXTREME,review,Value differs >=20-fold from the geometric mean of adjacent observations; both neighbors are within 5-fold and within 180 days.,0.951,0.513,"р. Інгул, 2 км, м. Миколаїв, вул. Набережна, 2,  старий пішохідний міст через р. Інгул",Південний Буг,SRC002,2008-01-01_2012-12-30_output,ratio_to_geometric_neighbor_center=0.0400875; neighbor_ratio=1.85,retain_unchanged,screening_only,,,,
SWM_27160_20100512,27160,2010-05-12,Nitrit,mg/dm3,0.3,DQ005_TEMPORAL_ISOLATED_EXTREME,review,Value differs >=20-fold from the geometric mean of adjacent observations; both neighbors are within 5-fold and within 180 days.,0.007,0.016,"Балка Ташлик, 6 км, Ташлицьке вдсх., став-охолоджувач ПУ АЕС (міст через Ташлицьке вдсх., південь м. Південно-Українськ)",Південний Буг,SRC002,2008-01-01_2012-12-30_output,ratio_to_geometric_neighbor_center=28.3473; neighbor_ratio=2.29,retain_unchanged,screening_only,,,,
SWM_27140_20100513,27140,2010-05-13,Nitrat,mg/dm3,0.1,DQ005_TEMPORAL_ISOLATED_EXTREME,review,Value differs >=20-fold from the geometric mean of adjacent observations; both neighbors are within 5-fold and within 180 days.,3.85,2.61,"р. Південний Буг, 413 км, с. Маньківка, вище села, питний в/з м.Ладижин",Південний Буг,SRC002,2008-01-01_2012-12-30_output,ratio_to_geometric_neighbor_center=0.0315464; neighbor_ratio=1.48,retain_unchanged,screening_only,,,,
SWM_27165_20100601,27165,2010-06-01,Zavisli,mg/dm3,0.4,DQ005_TEMPORAL_ISOLATED_EXTREME,review,Value differs >=20-fold from the geometric mean of adjacent observations; both neighbors are within 5-fold and within 180 days.,16.0,17.6,"р. Інгул, 163 км, смт. Новий Буг, Софіівське вдсх., питний в/з селища",Південний Буг,SRC002,2008-01-01_2012-12-30_output,ratio_to_geometric_neighbor_center=0.0238366; neighbor_ratio=1.1,retain_unchanged,screening_only,,,,
SWM_27223_20100609,27223,2010-06-09,Amoniy,mg/dm3,7.4,DQ005_TEMPORAL_ISOLATED_EXTREME,review,Value differs >=20-fold from the geometric mean of adjacent observations; both neighbors are within 5-fold and within 180 days.,0.14,0.51,"р. Дністер, 900 км, с. Митків, правий берег, 200 м вище станції першого підйому в/з м. Чернівці",Дністер,SRC002,2008-01-01_2012-12-30_output,ratio_to_geometric_neighbor_center=27.6938; neighbor_ratio=3.64,retain_unchanged,screening_only,,,,
SWM_27314_20100622,27314,2010-06-22,Fosfat,mg/dm3,0.7,DQ005_TEMPORAL_ISOLATED_EXTREME,review,Value differs >=20-fold from the geometric mean of adjacent observations; both neighbors are within 5-fold and within 180 days.,0.04,0.023,"оз. Кагул, 0 км, ГНС Нагірне",Дунай,SRC002,2008-01-01_2012-12-30_output,ratio_to_geometric_neighbor_center=23.0783; neighbor_ratio=1.74,retain_unchanged,screening_only,,,,
SWM_27273_20100629,27273,2010-06-29,Zavisli,mg/dm3,132.5,DQ005_TEMPORAL_ISOLATED_EXTREME,review,Value differs >=20-fold from the geometric mean of adjacent observations; both neighbors are within 5-fold and within 180 days.,3.8,4.9,"р. Тиса, 965 км, м. Рахів, автомат.гідромет.станція",Дунай,SRC002,2008-01-01_2012-12-30_output,ratio_to_geometric_neighbor_center=30.7062; neighbor_ratio=1.29,retain_unchanged,screening_only,,,,
SWM_27274_20100629,27274,2010-06-29,Zavisli,mg/dm3,138.2,DQ005_TEMPORAL_ISOLATED_EXTREME,review,Value differs >=20-fold from the geometric mean of adjacent observations; both neighbors are within 5-fold and within 180 days.,5.2,7.6,"р. Тиса, 964 км, м. Рахів, вплив скиду Рахівського ВУЖКГ",Дунай,SRC002,2008-01-01_2012-12-30_output,ratio_to_geometric_neighbor_center=21.9836; neighbor_ratio=1.46,retain_unchanged,screening_only,,,,
SWM_27278_20100708,27278,2010-07-08,Zavisli,mg/dm3,97.8,DQ005_TEMPORAL_ISOLATED_EXTREME,review,Value differs >=20-fold from the geometric mean of adjacent observations; both neighbors are within 5-fold and within 180 days.,4.5,4.2,"р. Тиса, 831 км, м. Виноградів, відомчий гідропост",Дунай,SRC002,2008-01-01_2012-12-30_output,ratio_to_geometric_neighbor_center=22.4961; neighbor_ratio=1.07,retain_unchanged,screening_only,,,,
SWM_27058_20100811,27058,2010-08-11,Zavisli,mg/dm3,105.5,DQ005_TEMPORAL_ISOLATED_EXTREME,review,Value differs >=20-fold from the geometric mean of adjacent observations; both neighbors are within 5-fold and within 180 days.,5.0,5.0,"р. Ворскла, 348 км, смт. Велика Писарівка, а/д міст",Дніпро,SRC002,2008-01-01_2012-12-30_output,ratio_to_geometric_neighbor_center=21.1; neighbor_ratio=1,retain_unchanged,screening_only,,,,
SWM_27246_20100811,27246,2010-08-11,Fosfat,mg/dm3,0.34,DQ005_TEMPORAL_ISOLATED_EXTREME,review,Value differs >=20-fold from the geometric mean of adjacent observations; both neighbors are within 5-fold and within 180 days.,0.018,0.016,"р. Бистриця Надвірнянська, 16 км, с. Черніів, питний в/з Ів.Франківська, 10 м нижче мосту",Дністер,SRC002,2008-01-01_2012-12-30_output,ratio_to_geometric_neighbor_center=20.0347; neighbor_ratio=1.12,retain_unchanged,screening_only,,,,
SWM_27004_20100813,27004,2010-08-13,Nitrit,mg/dm3,2.1,DQ005_TEMPORAL_ISOLATED_EXTREME,review,Value differs >=20-fold from the geometric mean of adjacent observations; both neighbors are within 5-fold and within 180 days.,0.03,0.12,"р. Єзуч, 30 км, с. В'язове, тех.в/з м.Конотоп, а/д міст",Дніпро,SRC002,2008-01-01_2012-12-30_output,ratio_to_geometric_neighbor_center=35; neighbor_ratio=4,retain_unchanged,screening_only,,,,
SWM_27300_20100817,27300,2010-08-17,Zavisli,mg/dm3,62.9,DQ005_TEMPORAL_ISOLATED_EXTREME,review,Value differs >=20-fold from the geometric mean of adjacent observations; both neighbors are within 5-fold and within 180 days.,2.9,2.6,"р. Уж, 28 км, с. Сторожниця, кордон з Словаччиною",Дунай,SRC002,2008-01-01_2012-12-30_output,ratio_to_geometric_neighbor_center=22.9068; neighbor_ratio=1.12,retain_unchanged,screening_only,,,,
SWM_26994_20100906,26994,2010-09-06,Nitrit,mg/dm3,0.03,DQ005_TEMPORAL_ISOLATED_EXTREME,review,Value differs >=20-fold from the geometric mean of adjacent observations; both neighbors are within 5-fold and within 180 days.,0.9,0.58,"руч. Знаменка, 5 км, смт. Білі Березки, нижче міста, кордон з РФ",Дніпро,SRC002,2008-01-01_2012-12-30_output,ratio_to_geometric_neighbor_center=0.0415227; neighbor_ratio=1.55,retain_unchanged,screening_only,,,,
SWM_27153_20100906,27153,2010-09-06,Nitrat,mg/dm3,1.0,DQ005_TEMPORAL_ISOLATED_EXTREME,review,Value differs >=20-fold from the geometric mean of adjacent observations; both neighbors are within 5-fold and within 180 days.,66.9,14.3,"р. Кодима, 103 км, м. Балта, сільгосп. в/з",Південний Буг,SRC002,2008-01-01_2012-12-30_output,ratio_to_geometric_neighbor_center=0.032331; neighbor_ratio=4.68,retain_unchanged,screening_only,,,,
SWM_27318_20100907,27318,2010-09-07,Nitrat,mg/dm3,2.15,DQ005_TEMPORAL_ISOLATED_EXTREME,review,Value differs >=20-fold from the geometric mean of adjacent observations; both neighbors are within 5-fold and within 180 days.,118.0,40.9,"р. Карасулак, 3,3 км, с. Криничне",Дунай,SRC002,2008-01-01_2012-12-30_output,ratio_to_geometric_neighbor_center=0.0309482; neighbor_ratio=2.89,retain_unchanged,screening_only,,,,
SWM_27212_20100908,27212,2010-09-08,Nitrit,mg/dm3,0.02,DQ005_TEMPORAL_ISOLATED_EXTREME,review,Value differs >=20-fold from the geometric mean of adjacent observations; both neighbors are within 5-fold and within 180 days.,0.42,0.62,"р. Кальміус, 1 км, гирло, міст",Річки Приазов'я,SRC002,2008-01-01_2012-12-30_output,ratio_to_geometric_neighbor_center=0.0391931; neighbor_ratio=1.48,retain_unchanged,screening_only,,,,
SWM_27120_20100921,27120,2010-09-21,Nitrit,mg/dm3,0.84,DQ005_TEMPORAL_ISOLATED_EXTREME,review,Value differs >=20-fold from the geometric mean of adjacent observations; both neighbors are within 5-fold and within 180 days.,0.03,0.03,"р. Інгулець, 335 км, м. Кривий Ріг, Карачунівське в-ще, питний в/з міста",Дніпро,SRC002,2008-01-01_2012-12-30_output,ratio_to_geometric_neighbor_center=28; neighbor_ratio=1,retain_unchanged,screening_only,,,,
SWM_27118_20100924,27118,2010-09-24,Fosfat,mg/dm3,0.01,DQ005_TEMPORAL_ISOLATED_EXTREME,review,Value differs >=20-fold from the geometric mean of adjacent observations; both neighbors are within 5-fold and within 180 days.,0.23,0.68,"р. Інгулець, 393 км, смт. Петрово, Іскрівське вдсх., питний в/з  селища",Дніпро,SRC002,2008-01-01_2012-12-30_output,ratio_to_geometric_neighbor_center=0.0252861; neighbor_ratio=2.96,retain_unchanged,screening_only,,,,
SWM_27134_20100927,27134,2010-09-27,Nitrit,mg/dm3,0.005,DQ005_TEMPORAL_ISOLATED_EXTREME,review,Value differs >=20-fold from the geometric mean of adjacent observations; both neighbors are within 5-fold and within 180 days.,0.82,1.97,"р. Південний Буг, 692 км, с. Щедрове, Щедрівське вдсх.",Південний Буг,SRC002,2008-01-01_2012-12-30_output,ratio_to_geometric_neighbor_center=0.00393396; neighbor_ratio=2.4,retain_unchanged,screening_only,,,,
SWM_27215_20101028,27215,2010-10-28,Nitrat,mg/dm3,0.1,DQ005_TEMPORAL_ISOLATED_EXTREME,review,Value differs >=20-fold from the geometric mean of adjacent observations; both neighbors are within 5-fold and within 180 days.,4.8,3.18,"р. Дністер, 1278 км, м.Самбір, міста, верхів'я р. Дністер,  під мостом по дорозі м.Дрогобич",Дністер,SRC002,2008-01-01_2012-12-30_output,ratio_to_geometric_neighbor_center=0.0255956; neighbor_ratio=1.51,retain_unchanged,screening_only,,,,
SWM_27235_20101028,27235,2010-10-28,Amoniy,mg/dm3,0.05,DQ005_TEMPORAL_ISOLATED_EXTREME,review,Value differs >=20-fold from the geometric mean of adjacent observations; both neighbors are within 5-fold and within 180 days.,1.2,1.61,"р. Стрв'яж, 6 км, с. Луки, вплив неочищених стоків м.Самбір, під мостом по дорозі Львів-Самбір",Дністер,SRC002,2008-01-01_2012-12-30_output,ratio_to_geometric_neighbor_center=0.0359722; neighbor_ratio=1.34,retain_unchanged,screening_only,,,,
SWM_27153_20101102,27153,2010-11-02,Zavisli,mg/dm3,0.18,DQ005_TEMPORAL_ISOLATED_EXTREME,review,Value differs >=20-fold from the geometric mean of adjacent observations; both neighbors are within 5-fold and within 180 days.,65.0,63.0,"р. Кодима, 103 км, м. Балта, сільгосп. в/з",Південний Буг,SRC002,2008-01-01_2012-12-30_output,ratio_to_geometric_neighbor_center=0.00281284; neighbor_ratio=1.03,retain_unchanged,screening_only,,,,
SWM_27153_20101102,27153,2010-11-02,SPAR,mg/dm3,0.008,DQ005_TEMPORAL_ISOLATED_EXTREME,review,Value differs >=20-fold from the geometric mean of adjacent observations; both neighbors are within 5-fold and within 180 days.,0.16,0.4,"р. Кодима, 103 км, м. Балта, сільгосп. в/з",Південний Буг,SRC002,2008-01-01_2012-12-30_output,ratio_to_geometric_neighbor_center=0.0316228; neighbor_ratio=2.5,retain_unchanged,screening_only,,,,
SWM_27134_20101105,27134,2010-11-05,Amoniy,mg/dm3,0.006,DQ005_TEMPORAL_ISOLATED_EXTREME,review,Value differs >=20-fold from the geometric mean of adjacent observations; both neighbors are within 5-fold and within 180 days.,0.36,0.51,"р. Південний Буг, 692 км, с. Щедрове, Щедрівське вдсх.",Південний Буг,SRC002,2008-01-01_2012-12-30_output,ratio_to_geometric_neighbor_center=0.0140028; neighbor_ratio=1.42,retain_unchanged,screening_only,,,,
SWM_27130_20101114,27130,2010-11-14,Zavisli,mg/dm3,0.28,DQ005_TEMPORAL_ISOLATED_EXTREME,review,Value differs >=20-fold from the geometric mean of adjacent observations; both neighbors are within 5-fold and within 180 days.,35.0,18.0,"р. Південний Буг, 773 км, смт. Чорний Острів, Мар'янівське вдсх.",Південний Буг,SRC002,2008-01-01_2012-12-30_output,ratio_to_geometric_neighbor_center=0.0111555; neighbor_ratio=1.94,retain_unchanged,screening_only,,,,
SWM_27131_20101114,27131,2010-11-14,Zavisli,mg/dm3,0.3,DQ005_TEMPORAL_ISOLATED_EXTREME,review,Value differs >=20-fold from the geometric mean of adjacent observations; both neighbors are within 5-fold and within 180 days.,37.0,11.0,"р. Південний Буг, 755 км, м. Хмельницький , Хмельницьке вдсх.",Південний Буг,SRC002,2008-01-01_2012-12-30_output,ratio_to_geometric_neighbor_center=0.0148704; neighbor_ratio=3.36,retain_unchanged,screening_only,,,,
SWM_27137_20101116,27137,2010-11-16,Nitrat,mg/dm3,0.044,DQ005_TEMPORAL_ISOLATED_EXTREME,review,Value differs >=20-fold from the geometric mean of adjacent observations; both neighbors are within 5-fold and within 180 days.,1.19,2.1,"р. Південний Буг, 582 км, м. Вінниця, Сабарівське вдсх,  питний в/з міста, вище міста",Південний Буг,SRC002,2008-01-01_2012-12-30_output,ratio_to_geometric_neighbor_center=0.0278336; neighbor_ratio=1.76,retain_unchanged,screening_only,,,,
SWM_27144_20101213,27144,2010-12-13,Zavisli,mg/dm3,0.22,DQ005_TEMPORAL_ISOLATED_EXTREME,review,Value differs >=20-fold from the geometric mean of adjacent observations; both neighbors are within 5-fold and within 180 days.,29.9,12.5,"р. Південний Буг, 316 км, м.Гайворон, Гайворонське вдсх.",Південний Буг,SRC002,2008-01-01_2012-12-30_output,ratio_to_geometric_neighbor_center=0.0113797; neighbor_ratio=2.39,retain_unchanged,screening_only,,,,
SWM_27144_20101213,27144,2010-12-13,Nitrit,mg/dm3,4.9,DQ005_TEMPORAL_ISOLATED_EXTREME,review,Value differs >=20-fold from the geometric mean of adjacent observations; both neighbors are within 5-fold and within 180 days.,0.04,0.05,"р. Південний Буг, 316 км, м.Гайворон, Гайворонське вдсх.",Південний Буг,SRC002,2008-01-01_2012-12-30_output,ratio_to_geometric_neighbor_center=109.567; neighbor_ratio=1.25,retain_unchanged,screening_only,,,,
SWM_27321_20110215,27321,2011-02-15,Nitrat,mg/dm3,100.0,DQ005_TEMPORAL_ISOLATED_EXTREME,review,Value differs >=20-fold from the geometric mean of adjacent observations; both neighbors are within 5-fold and within 180 days.,2.94,2.84,"р. В.Катлабух, 2 км, а/д міст",Дунай,SRC002,2008-01-01_2012-12-30_output,ratio_to_geometric_neighbor_center=34.6073; neighbor_ratio=1.04,retain_unchanged,screening_only,,,,
SWM_27317_20110225,27317,2011-02-25,SPAR,mg/dm3,0.515,DQ005_TEMPORAL_ISOLATED_EXTREME,review,Value differs >=20-fold from the geometric mean of adjacent observations; both neighbors are within 5-fold and within 180 days.,0.036,0.018,"р. В.Ялпуг, 5,4 км, с. Табаки Болградського р-ну,  впадає в оз.Ялпуг, кордон з Молдовою",Дунай,SRC002,2008-01-01_2012-12-30_output,ratio_to_geometric_neighbor_center=20.2311; neighbor_ratio=2,retain_unchanged,screening_only,,,,
SWM_27034_20110316,27034,2011-03-16,Amoniy,mg/dm3,67.0,DQ005_TEMPORAL_ISOLATED_EXTREME,review,Value differs >=20-fold from the geometric mean of adjacent observations; both neighbors are within 5-fold and within 180 days.,0.86,0.43,"р. Сула, 106 км, м.Лубни, технічний в/з міста",Дніпро,SRC002,2008-01-01_2012-12-30_output,ratio_to_geometric_neighbor_center=110.177; neighbor_ratio=2,retain_unchanged,screening_only,,,,
SWM_27355_20110322,27355,2011-03-22,Kisen,mg/dm3,0.42,DQ005_TEMPORAL_ISOLATED_EXTREME,review,Value differs >=20-fold from the geometric mean of adjacent observations; both neighbors are within 5-fold and within 180 days.,7.44,11.0,"р. Каплань, 19 км, с. Крутоярівка, кордон з Молдовою",Річки Причорномор'я,SRC002,2008-01-01_2012-12-30_output,ratio_to_geometric_neighbor_center=0.0464266; neighbor_ratio=1.48,retain_unchanged,screening_only,,,,
SWM_27145_20110405,27145,2011-04-05,Fosfat,mg/dm3,0.008,DQ005_TEMPORAL_ISOLATED_EXTREME,review,Value differs >=20-fold from the geometric mean of adjacent observations; both neighbors are within 5-fold and within 180 days.,0.17,0.26,"р. Південний Буг, 206 км, м. Первомайськ, Первомайське вдсх.",Південний Буг,SRC002,2008-01-01_2012-12-30_output,ratio_to_geometric_neighbor_center=0.0380521; neighbor_ratio=1.53,retain_unchanged,screening_only,,,,
SWM_26932_20110411,26932,2011-04-11,BSK5,mgO2/dm3,0.074,DQ005_TEMPORAL_ISOLATED_EXTREME,review,Value differs >=20-fold from the geometric mean of adjacent observations; both neighbors are within 5-fold and within 180 days.,4.06,4.83,"р. Стохід, 19 км, м. Любешів, північно-східна околиця",Дніпро,SRC002,2008-01-01_2012-12-30_output,ratio_to_geometric_neighbor_center=0.0167107; neighbor_ratio=1.19,retain_unchanged,screening_only,,,,
SWM_27024_20110419,27024,2011-04-19,Nitrat,mg/dm3,0.2,DQ005_TEMPORAL_ISOLATED_EXTREME,review,Value differs >=20-fold from the geometric mean of adjacent observations; both neighbors are within 5-fold and within 180 days.,7.3,2.2,"р. Рось, 98 км, с.Москаленки, кордон Київської і Черкаської обл.",Дніпро,SRC002,2008-01-01_2012-12-30_output,ratio_to_geometric_neighbor_center=0.0499065; neighbor_ratio=3.32,retain_unchanged,screening_only,,,,
SWM_27267_20110422,27267,2011-04-22,Fosfat,mg/dm3,0.01,DQ005_TEMPORAL_ISOLATED_EXTREME,review,Value differs >=20-fold from the geometric mean of adjacent observations; both neighbors are within 5-fold and within 180 days.,0.294,0.432,"р. Кучурган, 0 км, с. Граданиці, Кучурганське вдсх., 1 км по дамбі від села",Дністер,SRC002,2008-01-01_2012-12-30_output,ratio_to_geometric_neighbor_center=0.0280598; neighbor_ratio=1.47,retain_unchanged,screening_only,,,,
SWM_27268_20110422,27268,2011-04-22,Fosfat,mg/dm3,0.01,DQ005_TEMPORAL_ISOLATED_EXTREME,review,Value differs >=20-fold from the geometric mean of adjacent observations; both neighbors are within 5-fold and within 180 days.,0.268,0.459,"р. Кучурган, 0 км, с. Кучургани, Кучурганське вдсх., на східному березі вдсх, 2 км нижче мосту через річку",Дністер,SRC002,2008-01-01_2012-12-30_output,ratio_to_geometric_neighbor_center=0.0285119; neighbor_ratio=1.71,retain_unchanged,screening_only,,,,
SWM_27216_20110428,27216,2011-04-28,Amoniy,mg/dm3,0.08,DQ005_TEMPORAL_ISOLATED_EXTREME,review,Value differs >=20-fold from the geometric mean of adjacent observations; both neighbors are within 5-fold and within 180 days.,2.36,2.03,"р. Дністер, 1191 км, с. Розвадів, вплив скиду стоків Дрогоб. пром. вузла, лівий берег, 200 м вище  мосту по дорозі м.Львів-м.Стрий",Дністер,SRC002,2008-01-01_2012-12-30_output,ratio_to_geometric_neighbor_center=0.0365499; neighbor_ratio=1.16,retain_unchanged,screening_only,,,,
SWM_27018_20110511,27018,2011-05-11,Fosfat,mg/dm3,0.01,DQ005_TEMPORAL_ISOLATED_EXTREME,review,Value differs >=20-fold from the geometric mean of adjacent observations; both neighbors are within 5-fold and within 180 days.,0.32,0.58,"р. Дніпро, 580 км, с.Власівка, лівий берег, питний в/з м.Кременчук",Дніпро,SRC002,2008-01-01_2012-12-30_output,ratio_to_geometric_neighbor_center=0.0232119; neighbor_ratio=1.81,retain_unchanged,screening_only,,,,
SWM_27045_20110511,27045,2011-05-11,Fosfat,mg/dm3,0.02,DQ005_TEMPORAL_ISOLATED_EXTREME,review,Value differs >=20-fold from the geometric mean of adjacent observations; both neighbors are within 5-fold and within 180 days.,0.52,0.38,"р. Дніпро, 550 км, м. Горішні Плавні (м.Комсомольськ), питний в/з міста",Дніпро,SRC002,2008-01-01_2012-12-30_output,ratio_to_geometric_neighbor_center=0.0449921; neighbor_ratio=1.37,retain_unchanged,screening_only,,,,
SWM_27017_20110512,27017,2011-05-12,Fosfat,mg/dm3,0.01,DQ005_TEMPORAL_ISOLATED_EXTREME,review,Value differs >=20-fold from the geometric mean of adjacent observations; both neighbors are within 5-fold and within 180 days.,0.44,2.12,"р. Дніпро, 597 км, с.Святилівка, в/з рибгоспу",Дніпро,SRC002,2008-01-01_2012-12-30_output,ratio_to_geometric_neighbor_center=0.0103539; neighbor_ratio=4.82,retain_unchanged,screening_only,,,,
SWM_27328_20110519,27328,2011-05-19,Kisen,mg/dm3,0.26,DQ005_TEMPORAL_ISOLATED_EXTREME,review,Value differs >=20-fold from the geometric mean of adjacent observations; both neighbors are within 5-fold and within 180 days.,14.5,10.7,"р. Киргиж-Китай, 49 км, с. М. Ярославець, кордон з Молдовою",Дунай,SRC002,2008-01-01_2012-12-30_output,ratio_to_geometric_neighbor_center=0.0208736; neighbor_ratio=1.36,retain_unchanged,screening_only,,,,
SWM_27214_20110524,27214,2011-05-24,Amoniy,mg/dm3,0.01,DQ005_TEMPORAL_ISOLATED_EXTREME,review,Value differs >=20-fold from the geometric mean of adjacent observations; both neighbors are within 5-fold and within 180 days.,0.15,0.34,"р. Кальчик, 18 км, м. Маріуполь, вище міста,  н/б Старокримського вдсх.",Річки Приазов'я,SRC002,2008-01-01_2012-12-30_output,ratio_to_geometric_neighbor_center=0.0442807; neighbor_ratio=2.27,retain_unchanged,screening_only,,,,
SWM_27125_20110803,27125,2011-08-03,Nitrit,mg/dm3,0.002,DQ005_TEMPORAL_ISOLATED_EXTREME,review,Value differs >=20-fold from the geometric mean of adjacent observations; both neighbors are within 5-fold and within 180 days.,0.114,0.042,"р. Інгулець, 83 км, Інгулецька ЗС, біля мосту через магістральний канал на трасі Снігурівка-Херсон",Дніпро,SRC002,2008-01-01_2012-12-30_output,ratio_to_geometric_neighbor_center=0.0289037; neighbor_ratio=2.71,retain_unchanged,screening_only,,,,
SWM_27125_20110815,27125,2011-08-15,Nitrat,mg/dm3,0.394,DQ005_TEMPORAL_ISOLATED_EXTREME,review,Value differs >=20-fold from the geometric mean of adjacent observations; both neighbors are within 5-fold and within 180 days.,11.85,24.42,"р. Інгулець, 83 км, Інгулецька ЗС, біля мосту через магістральний канал на трасі Снігурівка-Херсон",Дніпро,SRC002,2008-01-01_2012-12-30_output,ratio_to_geometric_neighbor_center=0.0231614; neighbor_ratio=2.06,retain_unchanged,screening_only,,,,
SWM_27022_20110905,27022,2011-09-05,Nitrit,mg/dm3,0.005,DQ005_TEMPORAL_ISOLATED_EXTREME,review,Value differs >=20-fold from the geometric mean of adjacent observations; both neighbors are within 5-fold and within 180 days.,0.07,0.156,"р. Рось, 218 км, с.Глибочиця, с.Глибочиця,  питний в/з м.Біла Церква",Дніпро,SRC002,2008-01-01_2012-12-30_output,ratio_to_geometric_neighbor_center=0.0478474; neighbor_ratio=2.23,retain_unchanged,screening_only,,,,
SWM_27105_20110906,27105,2011-09-06,BSK5,mgO2/dm3,103.0,DQ005_TEMPORAL_ISOLATED_EXTREME,review,Value differs >=20-fold from the geometric mean of adjacent observations; both neighbors are within 5-fold and within 180 days.,1.4,1.2,"Північно-Кримський канал, 62 км, с. Бехтери, 60 км після ГНС Краснознам’янського каналу - 4 км нижче села, Голопристанського району",Річки Причорномор'я,SRC002,2008-01-01_2012-12-30_output,ratio_to_geometric_neighbor_center=79.4662; neighbor_ratio=1.17,retain_unchanged,screening_only,,,,
SWM_27360_20111010,27360,2011-10-10,BSK5,mgO2/dm3,30.8,DQ005_TEMPORAL_ISOLATED_EXTREME,review,Value differs >=20-fold from the geometric mean of adjacent observations; both neighbors are within 5-fold and within 180 days.,1.4,1.25,"р. Тілігул, 17,5 км, смт. Березівка",Річки Причорномор'я,SRC002,2008-01-01_2012-12-30_output,ratio_to_geometric_neighbor_center=23.2826; neighbor_ratio=1.12,retain_unchanged,screening_only,,,,
SWM_27153_20111017,27153,2011-10-17,Zavisli,mg/dm3,0.49,DQ005_TEMPORAL_ISOLATED_EXTREME,review,Value differs >=20-fold from the geometric mean of adjacent observations; both neighbors are within 5-fold and within 180 days.,25.0,27.0,"р. Кодима, 103 км, м. Балта, сільгосп. в/з",Південний Буг,SRC002,2008-01-01_2012-12-30_output,ratio_to_geometric_neighbor_center=0.0188601; neighbor_ratio=1.08,retain_unchanged,screening_only,,,,
SWM_27153_20111017,27153,2011-10-17,Nitrit,mg/dm3,4.7,DQ005_TEMPORAL_ISOLATED_EXTREME,review,Value differs >=20-fold from the geometric mean of adjacent observations; both neighbors are within 5-fold and within 180 days.,0.064,0.079,"р. Кодима, 103 км, м. Балта, сільгосп. в/з",Південний Буг,SRC002,2008-01-01_2012-12-30_output,ratio_to_geometric_neighbor_center=66.0989; neighbor_ratio=1.23,retain_unchanged,screening_only,,,,
SWM_27261_20111017,27261,2011-10-17,Fosfat,mg/dm3,0.01,DQ005_TEMPORAL_ISOLATED_EXTREME,review,Value differs >=20-fold from the geometric mean of adjacent observations; both neighbors are within 5-fold and within 180 days.,0.4,0.16,"р. Збруч, 85 км, смт. Скала Подільськ, техн. в/з",Дністер,SRC002,2008-01-01_2012-12-30_output,ratio_to_geometric_neighbor_center=0.0395285; neighbor_ratio=2.5,retain_unchanged,screening_only,,,,
SWM_26989_20111019,26989,2011-10-19,Amoniy,mg/dm3,61.0,DQ005_TEMPORAL_ISOLATED_EXTREME,review,Value differs >=20-fold from the geometric mean of adjacent observations; both neighbors are within 5-fold and within 180 days.,0.56,1.0,"р. Бобрик, 13 км, смт. Середина-Буда, 13 км, , а/д міст,  кордон з Росією",Дніпро,SRC002,2008-01-01_2012-12-30_output,ratio_to_geometric_neighbor_center=81.5147; neighbor_ratio=1.79,retain_unchanged,screening_only,,,,
SWM_27317_20111024,27317,2011-10-24,Nitrit,mg/dm3,0.004,DQ005_TEMPORAL_ISOLATED_EXTREME,review,Value differs >=20-fold from the geometric mean of adjacent observations; both neighbors are within 5-fold and within 180 days.,0.183,0.245,"р. В.Ялпуг, 5,4 км, с. Табаки Болградського р-ну,  впадає в оз.Ялпуг, кордон з Молдовою",Дунай,SRC002,2008-01-01_2012-12-30_output,ratio_to_geometric_neighbor_center=0.0188908; neighbor_ratio=1.34,retain_unchanged,screening_only,,,,
SWM_27315_20111025,27315,2011-10-25,Nitrit,mg/dm3,200.1,DQ005_TEMPORAL_ISOLATED_EXTREME,review,Value differs >=20-fold from the geometric mean of adjacent observations; both neighbors are within 5-fold and within 180 days.,0.01,0.016,"оз. Ялпуг-Кугурлуй, 0 км, с. Оксамитне Болградського району, Болградський питний в/з",Дунай,SRC002,2008-01-01_2012-12-30_output,ratio_to_geometric_neighbor_center=15819.3; neighbor_ratio=1.6,retain_unchanged,screening_only,,,,
SWM_27328_20111101,27328,2011-11-01,BSK5,mgO2/dm3,140.0,DQ005_TEMPORAL_ISOLATED_EXTREME,review,Value differs >=20-fold from the geometric mean of adjacent observations; both neighbors are within 5-fold and within 180 days.,6.6,5.5,"р. Киргиж-Китай, 49 км, с. М. Ярославець, кордон з Молдовою",Дунай,SRC002,2008-01-01_2012-12-30_output,ratio_to_geometric_neighbor_center=23.2367; neighbor_ratio=1.2,retain_unchanged,screening_only,,,,
SWM_27214_20111107,27214,2011-11-07,Nitrit,mg/dm3,0.47,DQ005_TEMPORAL_ISOLATED_EXTREME,review,Value differs >=20-fold from the geometric mean of adjacent observations; both neighbors are within 5-fold and within 180 days.,0.01,0.04,"р. Кальчик, 18 км, м. Маріуполь, вище міста,  н/б Старокримського вдсх.",Річки Приазов'я,SRC002,2008-01-01_2012-12-30_output,ratio_to_geometric_neighbor_center=23.5; neighbor_ratio=4,retain_unchanged,screening_only,,,,
SWM_26936_20111110,26936,2011-11-10,Fosfat,mg/dm3,0.011,DQ005_TEMPORAL_ISOLATED_EXTREME,review,Value differs >=20-fold from the geometric mean of adjacent observations; both neighbors are within 5-fold and within 180 days.,0.14,0.485,"р. Стир, 152 км, с.Сопачів, нижче  РАЕС",Дніпро,SRC002,2008-01-01_2012-12-30_output,ratio_to_geometric_neighbor_center=0.0422141; neighbor_ratio=3.46,retain_unchanged,screening_only,,,,
SWM_27144_20111123,27144,2011-11-23,Zavisli,mg/dm3,0.21,DQ005_TEMPORAL_ISOLATED_EXTREME,review,Value differs >=20-fold from the geometric mean of adjacent observations; both neighbors are within 5-fold and within 180 days.,12.7,3.0,"р. Південний Буг, 316 км, м.Гайворон, Гайворонське вдсх.",Південний Буг,SRC002,2008-01-01_2012-12-30_output,ratio_to_geometric_neighbor_center=0.0340218; neighbor_ratio=4.23,retain_unchanged,screening_only,,,,
SWM_27144_20111123,27144,2011-11-23,Nitrit,mg/dm3,4.67,DQ005_TEMPORAL_ISOLATED_EXTREME,review,Value differs >=20-fold from the geometric mean of adjacent observations; both neighbors are within 5-fold and within 180 days.,0.05,0.066,"р. Південний Буг, 316 км, м.Гайворон, Гайворонське вдсх.",Південний Буг,SRC002,2008-01-01_2012-12-30_output,ratio_to_geometric_neighbor_center=81.2943; neighbor_ratio=1.32,retain_unchanged,screening_only,,,,
SWM_27350_20111123,27350,2011-11-23,Fosfat,mg/dm3,0.03,DQ005_TEMPORAL_ISOLATED_EXTREME,review,Value differs >=20-fold from the geometric mean of adjacent observations; both neighbors are within 5-fold and within 180 days.,1.28,0.39,"р. Когільник, 12 км, с. Новоолексіївка",Річки Причорномор'я,SRC002,2008-01-01_2012-12-30_output,ratio_to_geometric_neighbor_center=0.0424604; neighbor_ratio=3.28,retain_unchanged,screening_only,,,,
SWM_27267_20111125,27267,2011-11-25,BSK5,mgO2/dm3,70.0,DQ005_TEMPORAL_ISOLATED_EXTREME,review,Value differs >=20-fold from the geometric mean of adjacent observations; both neighbors are within 5-fold and within 180 days.,3.65,3.08,"р. Кучурган, 0 км, с. Граданиці, Кучурганське вдсх., 1 км по дамбі від села",Дністер,SRC002,2008-01-01_2012-12-30_output,ratio_to_geometric_neighbor_center=20.8774; neighbor_ratio=1.19,retain_unchanged,screening_only,,,,
SWM_26936_20111206,26936,2011-12-06,Fosfat,mg/dm3,0.485,DQ005_TEMPORAL_ISOLATED_EXTREME,review,Value differs >=20-fold from the geometric mean of adjacent observations; both neighbors are within 5-fold and within 180 days.,0.011,0.009,"р. Стир, 152 км, с.Сопачів, нижче  РАЕС",Дніпро,SRC002,2008-01-01_2012-12-30_output,ratio_to_geometric_neighbor_center=48.7443; neighbor_ratio=1.22,retain_unchanged,screening_only,,,,
SWM_26936_20120104,26936,2012-01-04,Amoniy,mg/dm3,0.045,DQ005_TEMPORAL_ISOLATED_EXTREME,review,Value differs >=20-fold from the geometric mean of adjacent observations; both neighbors are within 5-fold and within 180 days.,3.0,0.83,"р. Стир, 152 км, с.Сопачів, нижче  РАЕС",Дніпро,SRC002,2008-01-01_2012-12-30_output,ratio_to_geometric_neighbor_center=0.0285176; neighbor_ratio=3.61,retain_unchanged,screening_only,,,,
SWM_27022_20120117,27022,2012-01-17,Nitrit,mg/dm3,0.81,DQ005_TEMPORAL_ISOLATED_EXTREME,review,Value differs >=20-fold from the geometric mean of adjacent observations; both neighbors are within 5-fold and within 180 days.,0.02,0.03,"р. Рось, 218 км, с.Глибочиця, с.Глибочиця,  питний в/з м.Біла Церква",Дніпро,SRC002,2008-01-01_2012-12-30_output,ratio_to_geometric_neighbor_center=33.0681; neighbor_ratio=1.5,retain_unchanged,screening_only,,,,
SWM_27023_20120117,27023,2012-01-17,Nitrit,mg/dm3,5.93,DQ005_TEMPORAL_ISOLATED_EXTREME,review,Value differs >=20-fold from the geometric mean of adjacent observations; both neighbors are within 5-fold and within 180 days.,0.05,0.06,"р. Рось, 118 км, м.Богуслав, питний в/з міста",Дніпро,SRC002,2008-01-01_2012-12-30_output,ratio_to_geometric_neighbor_center=108.266; neighbor_ratio=1.2,retain_unchanged,screening_only,,,,
SWM_27328_20120117,27328,2012-01-17,SPAR,mg/dm3,0.041,DQ005_TEMPORAL_ISOLATED_EXTREME,review,Value differs >=20-fold from the geometric mean of adjacent observations; both neighbors are within 5-fold and within 180 days.,1.95,0.521,"р. Киргиж-Китай, 49 км, с. М. Ярославець, кордон з Молдовою",Дунай,SRC002,2008-01-01_2012-12-30_output,ratio_to_geometric_neighbor_center=0.0406769; neighbor_ratio=3.74,retain_unchanged,screening_only,,,,
SWM_26970_20120130,26970,2012-01-30,Amoniy,mg/dm3,12.85,DQ005_TEMPORAL_ISOLATED_EXTREME,review,Value differs >=20-fold from the geometric mean of adjacent observations; both neighbors are within 5-fold and within 180 days.,0.32,0.39,"р. Здвиж, 21 км, с. Феневичі",Дніпро,SRC002,2008-01-01_2012-12-30_output,ratio_to_geometric_neighbor_center=36.3744; neighbor_ratio=1.22,retain_unchanged,screening_only,,,,
SWM_27248_20120208,27248,2012-02-08,Nitrat,mg/dm3,0.22,DQ005_TEMPORAL_ISOLATED_EXTREME,review,Value differs >=20-fold from the geometric mean of adjacent observations; both neighbors are within 5-fold and within 180 days.,7.1,4.1,"р. Бистриця, 2 км, с. Єзупіль, гирло, вплив скиду о/с м.Ів-Франк, 20 м нижче мосту",Дністер,SRC002,2008-01-01_2012-12-30_output,ratio_to_geometric_neighbor_center=0.0407757; neighbor_ratio=1.73,retain_unchanged,screening_only,,,,
SWM_26936_20120214,26936,2012-02-14,Nitrit,mg/dm3,0.03,DQ005_TEMPORAL_ISOLATED_EXTREME,review,Value differs >=20-fold from the geometric mean of adjacent observations; both neighbors are within 5-fold and within 180 days.,0.7,0.53,"р. Стир, 152 км, с.Сопачів, нижче  РАЕС",Дніпро,SRC002,2008-01-01_2012-12-30_output,ratio_to_geometric_neighbor_center=0.0492532; neighbor_ratio=1.32,retain_unchanged,screening_only,,,,
SWM_27022_20120312,27022,2012-03-12,Zavisli,mg/dm3,0.5,DQ005_TEMPORAL_ISOLATED_EXTREME,review,Value differs >=20-fold from the geometric mean of adjacent observations; both neighbors are within 5-fold and within 180 days.,11.6,16.6,"р. Рось, 218 км, с.Глибочиця, с.Глибочиця,  питний в/з м.Біла Церква",Дніпро,SRC002,2008-01-01_2012-12-30_output,ratio_to_geometric_neighbor_center=0.0360319; neighbor_ratio=1.43,retain_unchanged,screening_only,,,,
SWM_27150_20120312,27150,2012-03-12,Zavisli,mg/dm3,1.6,DQ005_TEMPORAL_ISOLATED_EXTREME,review,Value differs >=20-fold from the geometric mean of adjacent observations; both neighbors are within 5-fold and within 180 days.,39.2,49.6,"р. Південний Буг, 0,5 км, м. Миколаїв, Бузький лиман, тех. в/з Миколаївської ТЕЦ (ліва частина морського порту)",Південний Буг,SRC002,2008-01-01_2012-12-30_output,ratio_to_geometric_neighbor_center=0.0362858; neighbor_ratio=1.27,retain_unchanged,screening_only,,,,
SWM_26978_20120320,26978,2012-03-20,Nitrit,mg/dm3,22.6,DQ005_TEMPORAL_ISOLATED_EXTREME,review,Value differs >=20-fold from the geometric mean of adjacent observations; both neighbors are within 5-fold and within 180 days.,0.41,0.435,"р. Дніпро, 854,5 км, водосховище, 500 м нижче БСА",Дніпро,SRC002,2008-01-01_2012-12-30_output,ratio_to_geometric_neighbor_center=53.5146; neighbor_ratio=1.06,retain_unchanged,screening_only,,,,
SWM_27227_20120504,27227,2012-05-04,Fosfat,mg/dm3,407.0,DQ005_TEMPORAL_ISOLATED_EXTREME,review,Value differs >=20-fold from the geometric mean of adjacent observations; both neighbors are within 5-fold and within 180 days.,0.019,0.02,"р. Дністер, 675 км, Дністровське вдсх, в/б'єф, пр. берег, 500 м вище греблі ГЕС - 1",Дністер,SRC002,2008-01-01_2012-12-30_output,ratio_to_geometric_neighbor_center=20878.7; neighbor_ratio=1.05,retain_unchanged,screening_only,,,,
SWM_27352_20120514,27352,2012-05-14,BSK5,mgO2/dm3,112.0,DQ005_TEMPORAL_ISOLATED_EXTREME,review,Value differs >=20-fold from the geometric mean of adjacent observations; both neighbors are within 5-fold and within 180 days.,1.2,3.9,"р. Чага, 66 км, с. Петровка, кордон з Молдовою",Річки Причорномор'я,SRC002,2008-01-01_2012-12-30_output,ratio_to_geometric_neighbor_center=51.772; neighbor_ratio=3.25,retain_unchanged,screening_only,,,,
SWM_27353_20120515,27353,2012-05-15,Kisen,mg/dm3,0.42,DQ005_TEMPORAL_ISOLATED_EXTREME,review,Value differs >=20-fold from the geometric mean of adjacent observations; both neighbors are within 5-fold and within 180 days.,9.9,13.7,"р. Хаджидер, 10,1 км, с. Сергіївка",Річки Причорномор'я,SRC002,2008-01-01_2012-12-30_output,ratio_to_geometric_neighbor_center=0.0360638; neighbor_ratio=1.38,retain_unchanged,screening_only,,,,
SWM_27317_20120516,27317,2012-05-16,BSK5,mgO2/dm3,108.0,DQ005_TEMPORAL_ISOLATED_EXTREME,review,Value differs >=20-fold from the geometric mean of adjacent observations; both neighbors are within 5-fold and within 180 days.,5.8,3.0,"р. В.Ялпуг, 5,4 км, с. Табаки Болградського р-ну,  впадає в оз.Ялпуг, кордон з Молдовою",Дунай,SRC002,2008-01-01_2012-12-30_output,ratio_to_geometric_neighbor_center=25.891; neighbor_ratio=1.93,retain_unchanged,screening_only,,,,
SWM_27238_20120522,27238,2012-05-22,Amoniy,mg/dm3,0.02,DQ005_TEMPORAL_ISOLATED_EXTREME,review,Value differs >=20-fold from the geometric mean of adjacent observations; both neighbors are within 5-fold and within 180 days.,2.1,0.67,"р. Стрий, 78 км, с. Верхнє Синєвидне, лівий берег, підрусловий в/з м.Львів,150 м нижче мосту, дорога Стрий - Сколе",Дністер,SRC002,2008-01-01_2012-12-30_output,ratio_to_geometric_neighbor_center=0.016861; neighbor_ratio=3.13,retain_unchanged,screening_only,,,,
SWM_27163_20120523,27163,2012-05-23,Nitrit,mg/dm3,0.01,DQ005_TEMPORAL_ISOLATED_EXTREME,review,Value differs >=20-fold from the geometric mean of adjacent observations; both neighbors are within 5-fold and within 180 days.,0.32,0.57,"р. Інгул, 305 км, с. Первозванівка, нижче скиду, ДП ""Схід-ГЗК"" Інгульської шахти та КП ""Кіровоградське ВКГ""",Південний Буг,SRC002,2008-01-01_2012-12-30_output,ratio_to_geometric_neighbor_center=0.0234146; neighbor_ratio=1.78,retain_unchanged,screening_only,,,,
SWM_27152_20120607,27152,2012-06-07,Fosfat,mg/dm3,0.007,DQ005_TEMPORAL_ISOLATED_EXTREME,review,Value differs >=20-fold from the geometric mean of adjacent observations; both neighbors are within 5-fold and within 180 days.,0.19,0.45,"р. Соб, 2 км, с. Дмитренки, Дмитренківське вдсх., н/б'єф, нижче села",Південний Буг,SRC002,2008-01-01_2012-12-30_output,ratio_to_geometric_neighbor_center=0.0239395; neighbor_ratio=2.37,retain_unchanged,screening_only,,,,
SWM_26889_20120611,26889,2012-06-11,BSK5,mgO2/dm3,0.08,DQ005_TEMPORAL_ISOLATED_EXTREME,review,Value differs >=20-fold from the geometric mean of adjacent observations; both neighbors are within 5-fold and within 180 days.,1.6,2.0,"р. Дніпро, 922 км, с.Козаровичі, Київське водосховище",Дніпро,SRC002,2008-01-01_2012-12-30_output,ratio_to_geometric_neighbor_center=0.0447214; neighbor_ratio=1.25,retain_unchanged,screening_only,,,,
SWM_27226_20120612,27226,2012-06-12,Amoniy,mg/dm3,0.001,DQ005_TEMPORAL_ISOLATED_EXTREME,review,Value differs >=20-fold from the geometric mean of adjacent observations; both neighbors are within 5-fold and within 180 days.,0.68,0.15,"р. Дністер, 708 км, с. Кормань, Дністровське вдсх., пр. берег, безпосередньо в районі насосної станції водозабору",Дністер,SRC002,2008-01-01_2012-12-30_output,ratio_to_geometric_neighbor_center=0.00313112; neighbor_ratio=4.53,retain_unchanged,screening_only,,,,
SWM_27305_20120614,27305,2012-06-14,Zavisli,mg/dm3,24.0,DQ005_TEMPORAL_ISOLATED_EXTREME,review,Value differs >=20-fold from the geometric mean of adjacent observations; both neighbors are within 5-fold and within 180 days.,1.0,1.0,"р. Прут, 914 км, м. Яремче, лів. берег.",Дунай,SRC002,2008-01-01_2012-12-30_output,ratio_to_geometric_neighbor_center=24; neighbor_ratio=1,retain_unchanged,screening_only,,,,
SWM_27255_20120615,27255,2012-06-15,Sulfat,mg/dm3,268.4,DQ005_TEMPORAL_ISOLATED_EXTREME,review,Value differs >=20-fold from the geometric mean of adjacent observations; both neighbors are within 5-fold and within 180 days.,10.7,11.52,"р. Серет, 180 км, м. Тернопіль, Тернопільське вдсх., питний в/з",Дністер,SRC002,2008-01-01_2012-12-30_output,ratio_to_geometric_neighbor_center=24.1749; neighbor_ratio=1.08,retain_unchanged,screening_only,,,,
SWM_26961_20120710,26961,2012-07-10,Zavisli,mg/dm3,0.4,DQ005_TEMPORAL_ISOLATED_EXTREME,review,Value differs >=20-fold from the geometric mean of adjacent observations; both neighbors are within 5-fold and within 180 days.,19.0,9.8,"р. Уж, 15 км, с.Черевач, техн в/з м.Чорнобиль",Дніпро,SRC002,2008-01-01_2012-12-30_output,ratio_to_geometric_neighbor_center=0.0293137; neighbor_ratio=1.94,retain_unchanged,screening_only,,,,
SWM_27145_20120716,27145,2012-07-16,Nitrit,mg/dm3,1.3,DQ005_TEMPORAL_ISOLATED_EXTREME,review,Value differs >=20-fold from the geometric mean of adjacent observations; both neighbors are within 5-fold and within 180 days.,0.057,0.019,"р. Південний Буг, 206 км, м. Первомайськ, Первомайське вдсх.",Південний Буг,SRC002,2008-01-01_2012-12-30_output,ratio_to_geometric_neighbor_center=39.5029; neighbor_ratio=3,retain_unchanged,screening_only,,,,
SWM_27173_20120717,27173,2012-07-17,Nitrat,mg/dm3,0.406,DQ005_TEMPORAL_ISOLATED_EXTREME,review,Value differs >=20-fold from the geometric mean of adjacent observations; both neighbors are within 5-fold and within 180 days.,11.8,11.05,"р. Сіверський Донець, 813 км, с.Есхар, нижче гирла р.Уди",Дон,SRC002,2008-01-01_2012-12-30_output,ratio_to_geometric_neighbor_center=0.0355553; neighbor_ratio=1.07,retain_unchanged,screening_only,,,,
SWM_27125_20120719,27125,2012-07-19,Amoniy,mg/dm3,0.003,DQ005_TEMPORAL_ISOLATED_EXTREME,review,Value differs >=20-fold from the geometric mean of adjacent observations; both neighbors are within 5-fold and within 180 days.,0.093,0.29,"р. Інгулець, 83 км, Інгулецька ЗС, біля мосту через магістральний канал на трасі Снігурівка-Херсон",Дніпро,SRC002,2008-01-01_2012-12-30_output,ratio_to_geometric_neighbor_center=0.0182676; neighbor_ratio=3.12,retain_unchanged,screening_only,,,,
SWM_27308_20120809,27308,2012-08-09,Nitrat,mg/dm3,0.036,DQ005_TEMPORAL_ISOLATED_EXTREME,review,Value differs >=20-fold from the geometric mean of adjacent observations; both neighbors are within 5-fold and within 180 days.,0.81,2.22,"р. Прут, 772 км, с.Ленківці, в/з м. Чернівці, лівий берег, 500 м вище мосту по дорозі на Чернівці",Дунай,SRC002,2008-01-01_2012-12-30_output,ratio_to_geometric_neighbor_center=0.0268462; neighbor_ratio=2.74,retain_unchanged,screening_only,,,,
SWM_27351_20120814,27351,2012-08-14,Amoniy,mg/dm3,28.0,DQ005_TEMPORAL_ISOLATED_EXTREME,review,Value differs >=20-fold from the geometric mean of adjacent observations; both neighbors are within 5-fold and within 180 days.,1.5,0.35,"р. Когільник, 131 км, с. Серпневе, кордон з Молдовою",Річки Причорномор'я,SRC002,2008-01-01_2012-12-30_output,ratio_to_geometric_neighbor_center=38.6437; neighbor_ratio=4.29,retain_unchanged,screening_only,,,,
SWM_27352_20120814,27352,2012-08-14,BSK5,mgO2/dm3,3.9,DQ005_TEMPORAL_ISOLATED_EXTREME,review,Value differs >=20-fold from the geometric mean of adjacent observations; both neighbors are within 5-fold and within 180 days.,112.0,109.2,"р. Чага, 66 км, с. Петровка, кордон з Молдовою",Річки Причорномор'я,SRC002,2008-01-01_2012-12-30_output,ratio_to_geometric_neighbor_center=0.035265; neighbor_ratio=1.03,retain_unchanged,screening_only,,,,
SWM_27266_20120903,27266,2012-09-03,Sulfat,mg/dm3,5.76,DQ005_TEMPORAL_ISOLATED_EXTREME,review,Value differs >=20-fold from the geometric mean of adjacent observations; both neighbors are within 5-fold and within 180 days.,128.2,345.6,"р. Кучурган, 6 км, с. Степанівка, впадає в Кучурганський лиман, кордон з Молдовою",Дністер,SRC002,2008-01-01_2012-12-30_output,ratio_to_geometric_neighbor_center=0.0273648; neighbor_ratio=2.7,retain_unchanged,screening_only,,,,
SWM_27064_20120921,27064,2012-09-21,Nitrit,mg/dm3,0.001,DQ005_TEMPORAL_ISOLATED_EXTREME,review,Value differs >=20-fold from the geometric mean of adjacent observations; both neighbors are within 5-fold and within 180 days.,0.031,0.018,"канал Дніпро-Донбас, 109 км, м. Перещепино, міст, Перещепинський водозабір",Дніпро,SRC002,2008-01-01_2012-12-30_output,ratio_to_geometric_neighbor_center=0.0423334; neighbor_ratio=1.72,retain_unchanged,screening_only,,,,
SWM_27296_20121002,27296,2012-10-02,Hlorid,mg/dm3,215.3,DQ005_TEMPORAL_ISOLATED_EXTREME,review,Value differs >=20-fold from the geometric mean of adjacent observations; both neighbors are within 5-fold and within 180 days.,5.1,6.2,"р. Латориця, 17 км, м. Берегове, Канал Верке",Дунай,SRC002,2008-01-01_2012-12-30_output,ratio_to_geometric_neighbor_center=38.288; neighbor_ratio=1.22,retain_unchanged,screening_only,,,,
SWM_27138_20121008,27138,2012-10-08,Nitrit,mg/dm3,0.048,DQ005_TEMPORAL_ISOLATED_EXTREME,review,Value differs >=20-fold from the geometric mean of adjacent observations; both neighbors are within 5-fold and within 180 days.,1.0,1.7,"р. Південний Буг, 569,5 км, 500 м нижче скиду ВОКВП ВКГ ""Вінницяводоканал""   (1,5 км нижче греблі Сабарівського вдсх.)",Південний Буг,SRC002,2008-01-01_2012-12-30_output,ratio_to_geometric_neighbor_center=0.0368143; neighbor_ratio=1.7,retain_unchanged,screening_only,,,,
SWM_26974_20121009,26974,2012-10-09,Zavisli,mg/dm3,0.2,DQ005_TEMPORAL_ISOLATED_EXTREME,review,Value differs >=20-fold from the geometric mean of adjacent observations; both neighbors are within 5-fold and within 180 days.,7.0,5.0,"р. Дніпро, 870 км, м.Київ, гідропарк, техн в/з ТЕЦ-4",Дніпро,SRC002,2008-01-01_2012-12-30_output,ratio_to_geometric_neighbor_center=0.0338062; neighbor_ratio=1.4,retain_unchanged,screening_only,,,,
SWM_27068_20121022,27068,2012-10-22,Nitrit,mg/dm3,0.001,DQ005_TEMPORAL_ISOLATED_EXTREME,review,Value differs >=20-fold from the geometric mean of adjacent observations; both neighbors are within 5-fold and within 180 days.,0.015,0.036,"канал Дніпро-Донбас, 215 км, верхній б'єф Краснопавлівського водосховища, скид у р. Сіверський Дінець",Дніпро,SRC002,2008-01-01_2012-12-30_output,ratio_to_geometric_neighbor_center=0.0430331; neighbor_ratio=2.4,retain_unchanged,screening_only,,,,
SWM_27311_20121107,27311,2012-11-07,Amoniy,mg/dm3,7.35,DQ005_TEMPORAL_ISOLATED_EXTREME,review,Value differs >=20-fold from the geometric mean of adjacent observations; both neighbors are within 5-fold and within 180 days.,0.51,0.12,"р. Прут, 697 км, с. Костичани, кордон з Румунією та Молдовою, 200 м нижче впадіння в р. Прут р. Черлена",Дунай,SRC002,2008-01-01_2012-12-30_output,ratio_to_geometric_neighbor_center=29.7106; neighbor_ratio=4.25,retain_unchanged,screening_only,,,,
SWM_26956_20121113,26956,2012-11-13,Nitrit,mg/dm3,0.004,DQ005_TEMPORAL_ISOLATED_EXTREME,review,Value differs >=20-fold from the geometric mean of adjacent observations; both neighbors are within 5-fold and within 180 days.,0.08,0.1,"р. Льва, 100 км, с. Переброди, кордон з Білоруссю",Дніпро,SRC002,2008-01-01_2012-12-30_output,ratio_to_geometric_neighbor_center=0.0447214; neighbor_ratio=1.25,retain_unchanged,screening_only,,,,
SWM_27328_20121119,27328,2012-11-19,BSK5,mgO2/dm3,146.0,DQ005_TEMPORAL_ISOLATED_EXTREME,review,Value differs >=20-fold from the geometric mean of adjacent observations; both neighbors are within 5-fold and within 180 days.,4.8,4.7,"р. Киргиж-Китай, 49 км, с. М. Ярославець, кордон з Молдовою",Дунай,SRC002,2008-01-01_2012-12-30_output,ratio_to_geometric_neighbor_center=30.7385; neighbor_ratio=1.02,retain_unchanged,screening_only,,,,
SWM_27317_20121126,27317,2012-11-26,Nitrit,mg/dm3,0.85,DQ005_TEMPORAL_ISOLATED_EXTREME,review,Value differs >=20-fold from the geometric mean of adjacent observations; both neighbors are within 5-fold and within 180 days.,0.02,0.053,"р. В.Ялпуг, 5,4 км, с. Табаки Болградського р-ну,  впадає в оз.Ялпуг, кордон з Молдовою",Дунай,SRC002,2008-01-01_2012-12-30_output,ratio_to_geometric_neighbor_center=26.1075; neighbor_ratio=2.65,retain_unchanged,screening_only,,,,
SWM_27350_20121130,27350,2012-11-30,BSK5,mgO2/dm3,128.0,DQ005_TEMPORAL_ISOLATED_EXTREME,review,Value differs >=20-fold from the geometric mean of adjacent observations; both neighbors are within 5-fold and within 180 days.,3.7,2.2,"р. Когільник, 12 км, с. Новоолексіївка",Річки Причорномор'я,SRC002,2008-01-01_2012-12-30_output,ratio_to_geometric_neighbor_center=44.864; neighbor_ratio=1.68,retain_unchanged,screening_only,,,,
SWM_27344_20121221,27344,2012-12-21,Zavisli,mg/dm3,0.1,DQ005_TEMPORAL_ISOLATED_EXTREME,review,Value differs >=20-fold from the geometric mean of adjacent observations; both neighbors are within 5-fold and within 180 days.,45.0,45.0,"р. Шкло, 66 км, с. Краковець, кордон з Польщею, під мостом дороги м. Львів - с. Краковець",Вісла,SRC002,2008-01-01_2012-12-30_output,ratio_to_geometric_neighbor_center=0.00222222; neighbor_ratio=1,retain_unchanged,screening_only,,,,
SWM_26970_20130219,26970,2013-02-19,Zavisli,mg/dm3,0.8,DQ005_TEMPORAL_ISOLATED_EXTREME,review,Value differs >=20-fold from the geometric mean of adjacent observations; both neighbors are within 5-fold and within 180 days.,13.6,20.4,"р. Здвиж, 21 км, с. Феневичі",Дніпро,SRC003,2012-12-31_2015-12-31_output,ratio_to_geometric_neighbor_center=0.0480292; neighbor_ratio=1.5,retain_unchanged,screening_only,,,,
SWM_27155_20130315,27155,2013-03-15,Nitrat,mg/dm3,0.01,DQ005_TEMPORAL_ISOLATED_EXTREME,review,Value differs >=20-fold from the geometric mean of adjacent observations; both neighbors are within 5-fold and within 180 days.,1.2,0.51,"р. Велика Вись, 95 км, с. Лікареве, Новомиргородського р-ну",Південний Буг,SRC003,2012-12-31_2015-12-31_output,ratio_to_geometric_neighbor_center=0.0127827; neighbor_ratio=2.35,retain_unchanged,screening_only,,,,
SWM_27155_20130315,27155,2013-03-15,Nitrit,mg/dm3,0.72,DQ005_TEMPORAL_ISOLATED_EXTREME,review,Value differs >=20-fold from the geometric mean of adjacent observations; both neighbors are within 5-fold and within 180 days.,0.01,0.02,"р. Велика Вись, 95 км, с. Лікареве, Новомиргородського р-ну",Південний Буг,SRC003,2012-12-31_2015-12-31_output,ratio_to_geometric_neighbor_center=50.9117; neighbor_ratio=2,retain_unchanged,screening_only,,,,
SWM_27268_20130315,27268,2013-03-15,BSK5,mgO2/dm3,2.05,DQ005_TEMPORAL_ISOLATED_EXTREME,review,Value differs >=20-fold from the geometric mean of adjacent observations; both neighbors are within 5-fold and within 180 days.,47.0,76.6,"р. Кучурган, 0 км, с. Кучургани, Кучурганське вдсх., на східному березі вдсх, 2 км нижче мосту через річку",Дністер,SRC003,2012-12-31_2015-12-31_output,ratio_to_geometric_neighbor_center=0.0341657; neighbor_ratio=1.63,retain_unchanged,screening_only,,,,
SWM_27317_20130318,27317,2013-03-18,Nitrat,mg/dm3,34.32,DQ005_TEMPORAL_ISOLATED_EXTREME,review,Value differs >=20-fold from the geometric mean of adjacent observations; both neighbors are within 5-fold and within 180 days.,2.4,1.0,"р. В.Ялпуг, 5,4 км, с. Табаки Болградського р-ну,  впадає в оз.Ялпуг, кордон з Молдовою",Дунай,SRC003,2012-12-31_2015-12-31_output,ratio_to_geometric_neighbor_center=22.1535; neighbor_ratio=2.4,retain_unchanged,screening_only,,,,
SWM_27220_20130402,27220,2013-04-02,Zavisli,mg/dm3,142.0,DQ005_TEMPORAL_ISOLATED_EXTREME,review,Value differs >=20-fold from the geometric mean of adjacent observations; both neighbors are within 5-fold and within 180 days.,4.0,10.0,"р. Дністер, 1117 км, м. Галич, правий берег, р-н рятувальної станції, 300 м нижче мосту по дорозі Івано-Франківськ - Львів",Дністер,SRC003,2012-12-31_2015-12-31_output,ratio_to_geometric_neighbor_center=22.4522; neighbor_ratio=2.5,retain_unchanged,screening_only,,,,
SWM_27303_20130402,27303,2013-04-02,Zavisli,mg/dm3,281.0,DQ005_TEMPORAL_ISOLATED_EXTREME,review,Value differs >=20-fold from the geometric mean of adjacent observations; both neighbors are within 5-fold and within 180 days.,9.0,12.0,"р. Сірет, 418 км, с. Черепківці, міст, прикордонна зона з Румунією",Дунай,SRC003,2012-12-31_2015-12-31_output,ratio_to_geometric_neighbor_center=27.0392; neighbor_ratio=1.33,retain_unchanged,screening_only,,,,
SWM_27167_20130404,27167,2013-04-04,Fosfat,mg/dm3,0.002,DQ005_TEMPORAL_ISOLATED_EXTREME,review,Value differs >=20-fold from the geometric mean of adjacent observations; both neighbors are within 5-fold and within 180 days.,0.51,0.54,"р. Інгул, 2 км, м. Миколаїв, вул. Набережна, 2,  старий пішохідний міст через р. Інгул",Південний Буг,SRC003,2012-12-31_2015-12-31_output,ratio_to_geometric_neighbor_center=0.00381108; neighbor_ratio=1.06,retain_unchanged,screening_only,,,,
SWM_27240_20130416,27240,2013-04-16,Amoniy,mg/dm3,0.67,DQ005_TEMPORAL_ISOLATED_EXTREME,review,Value differs >=20-fold from the geometric mean of adjacent observations; both neighbors are within 5-fold and within 180 days.,0.062,0.013,"р. Свіча, 54 км, с. Гошів, лв.берег, 40 м вище мосту дороги Долина - Болехів, п/в м. Долина",Дністер,SRC003,2012-12-31_2015-12-31_output,ratio_to_geometric_neighbor_center=23.5997; neighbor_ratio=4.77,retain_unchanged,screening_only,,,,
SWM_27317_20130524,27317,2013-05-24,BSK5,mgO2/dm3,74.8,DQ005_TEMPORAL_ISOLATED_EXTREME,review,Value differs >=20-fold from the geometric mean of adjacent observations; both neighbors are within 5-fold and within 180 days.,2.2,4.9,"р. В.Ялпуг, 5,4 км, с. Табаки Болградського р-ну,  впадає в оз.Ялпуг, кордон з Молдовою",Дунай,SRC003,2012-12-31_2015-12-31_output,ratio_to_geometric_neighbor_center=22.782; neighbor_ratio=2.23,retain_unchanged,screening_only,,,,
SWM_27349_20130524,27349,2013-05-24,BSK5,mgO2/dm3,75.8,DQ005_TEMPORAL_ISOLATED_EXTREME,review,Value differs >=20-fold from the geometric mean of adjacent observations; both neighbors are within 5-fold and within 180 days.,4.8,1.7,"р. Сарата, 94 км, с. Міняйлівка, кордон з Молдовою",Річки Причорномор'я,SRC003,2012-12-31_2015-12-31_output,ratio_to_geometric_neighbor_center=26.5353; neighbor_ratio=2.82,retain_unchanged,screening_only,,,,
SWM_27268_20130605,27268,2013-06-05,BSK5,mgO2/dm3,76.6,DQ005_TEMPORAL_ISOLATED_EXTREME,review,Value differs >=20-fold from the geometric mean of adjacent observations; both neighbors are within 5-fold and within 180 days.,2.05,3.6,"р. Кучурган, 0 км, с. Кучургани, Кучурганське вдсх., на східному березі вдсх, 2 км нижче мосту через річку",Дністер,SRC003,2012-12-31_2015-12-31_output,ratio_to_geometric_neighbor_center=28.1968; neighbor_ratio=1.76,retain_unchanged,screening_only,,,,
SWM_27145_20130704,27145,2013-07-04,Nitrat,mg/dm3,0.21,DQ005_TEMPORAL_ISOLATED_EXTREME,review,Value differs >=20-fold from the geometric mean of adjacent observations; both neighbors are within 5-fold and within 180 days.,7.91,3.12,"р. Південний Буг, 206 км, м. Первомайськ, Первомайське вдсх.",Південний Буг,SRC003,2012-12-31_2015-12-31_output,ratio_to_geometric_neighbor_center=0.0422721; neighbor_ratio=2.54,retain_unchanged,screening_only,,,,
SWM_27346_20130704,27346,2013-07-04,Sulfat,mg/dm3,7.2,DQ005_TEMPORAL_ISOLATED_EXTREME,review,Value differs >=20-fold from the geometric mean of adjacent observations; both neighbors are within 5-fold and within 180 days.,88.32,242.4,"оз. Сасик, 0 км, Канал Дунай-Сасик, гирло",Річки Причорномор'я,SRC003,2012-12-31_2015-12-31_output,ratio_to_geometric_neighbor_center=0.0492081; neighbor_ratio=2.74,retain_unchanged,screening_only,,,,
SWM_27144_20130806,27144,2013-08-06,Nitrat,mg/dm3,0.1,DQ005_TEMPORAL_ISOLATED_EXTREME,review,Value differs >=20-fold from the geometric mean of adjacent observations; both neighbors are within 5-fold and within 180 days.,2.4,2.6,"р. Південний Буг, 316 км, м.Гайворон, Гайворонське вдсх.",Південний Буг,SRC003,2012-12-31_2015-12-31_output,ratio_to_geometric_neighbor_center=0.040032; neighbor_ratio=1.08,retain_unchanged,screening_only,,,,
SWM_27312_20130807,27312,2013-08-07,Azot,mg/dm3,0.027,DQ005_TEMPORAL_ISOLATED_EXTREME,review,Value differs >=20-fold from the geometric mean of adjacent observations; both neighbors are within 5-fold and within 180 days.,0.72,0.57,"р. Прут, 678 км, с. Мамалига, прикордонна зона з Румунією та Республікою Молдова.",Дунай,SRC003,2012-12-31_2015-12-31_output,ratio_to_geometric_neighbor_center=0.0421464; neighbor_ratio=1.26,retain_unchanged,screening_only,,,,
SWM_27338_20130814,27338,2013-08-14,Amoniy,mg/dm3,6.12,DQ005_TEMPORAL_ISOLATED_EXTREME,review,Value differs >=20-fold from the geometric mean of adjacent observations; both neighbors are within 5-fold and within 180 days.,0.052,0.24,"р. Західний Буг, 385 км, с. Світязь, оз. Світязь, Шацький район",Вісла,SRC003,2012-12-31_2015-12-31_output,ratio_to_geometric_neighbor_center=54.7828; neighbor_ratio=4.62,retain_unchanged,screening_only,,,,
SWM_27259_20130822,27259,2013-08-22,Nitrat,mg/dm3,0.04,DQ005_TEMPORAL_ISOLATED_EXTREME,review,Value differs >=20-fold from the geometric mean of adjacent observations; both neighbors are within 5-fold and within 180 days.,2.0,0.85,"р. Циганська, 22 км, с. Мушкатівка, Мушкатівське вдсх,",Дністер,SRC003,2012-12-31_2015-12-31_output,ratio_to_geometric_neighbor_center=0.0306786; neighbor_ratio=2.35,retain_unchanged,screening_only,,,,
SWM_27272_20130822,27272,2013-08-22,Nitrit,mg/dm3,0.006,DQ005_TEMPORAL_ISOLATED_EXTREME,review,Value differs >=20-fold from the geometric mean of adjacent observations; both neighbors are within 5-fold and within 180 days.,0.123,0.188,"р. Дунай, 20 км, м. Вилкове, питний в/з",Дунай,SRC003,2012-12-31_2015-12-31_output,ratio_to_geometric_neighbor_center=0.0394566; neighbor_ratio=1.53,retain_unchanged,screening_only,,,,
SWM_27067_20130902,27067,2013-09-02,Nitrit,mg/dm3,0.529,DQ005_TEMPORAL_ISOLATED_EXTREME,review,Value differs >=20-fold from the geometric mean of adjacent observations; both neighbors are within 5-fold and within 180 days.,0.009,0.017,"канал Дніпро-Донбас, 214 км, м. Харків, Краснопавлівське водосховище, в/з міста",Дніпро,SRC003,2012-12-31_2015-12-31_output,ratio_to_geometric_neighbor_center=42.7671; neighbor_ratio=1.89,retain_unchanged,screening_only,,,,
SWM_27264_20130904,27264,2013-09-04,SPAR,mg/dm3,0.012,DQ005_TEMPORAL_ISOLATED_EXTREME,review,Value differs >=20-fold from the geometric mean of adjacent observations; both neighbors are within 5-fold and within 180 days.,0.159,0.397,"р. Ягорлик, 20,2 км, с. Артирівка, кордон з Молдовою",Дністер,SRC003,2012-12-31_2015-12-31_output,ratio_to_geometric_neighbor_center=0.0477625; neighbor_ratio=2.5,retain_unchanged,screening_only,,,,
SWM_27022_20130910,27022,2013-09-10,Nitrat,mg/dm3,10.0,DQ005_TEMPORAL_ISOLATED_EXTREME,review,Value differs >=20-fold from the geometric mean of adjacent observations; both neighbors are within 5-fold and within 180 days.,0.8,0.3,"р. Рось, 218 км, с.Глибочиця, с.Глибочиця,  питний в/з м.Біла Церква",Дніпро,SRC003,2012-12-31_2015-12-31_output,ratio_to_geometric_neighbor_center=20.4124; neighbor_ratio=2.67,retain_unchanged,screening_only,,,,
SWM_27328_20130910,27328,2013-09-10,Fosfat,mg/dm3,20.1,DQ005_TEMPORAL_ISOLATED_EXTREME,review,Value differs >=20-fold from the geometric mean of adjacent observations; both neighbors are within 5-fold and within 180 days.,0.71,0.779,"р. Киргиж-Китай, 49 км, с. М. Ярославець, кордон з Молдовою",Дунай,SRC003,2012-12-31_2015-12-31_output,ratio_to_geometric_neighbor_center=27.027; neighbor_ratio=1.1,retain_unchanged,screening_only,,,,
SWM_27328_20130910,27328,2013-09-10,HSK,mgO2/dm3,1445.0,DQ005_TEMPORAL_ISOLATED_EXTREME,review,Value differs >=20-fold from the geometric mean of adjacent observations; both neighbors are within 5-fold and within 180 days.,16.0,30.0,"р. Киргиж-Китай, 49 км, с. М. Ярославець, кордон з Молдовою",Дунай,SRC003,2012-12-31_2015-12-31_output,ratio_to_geometric_neighbor_center=65.9549; neighbor_ratio=1.88,retain_unchanged,screening_only,,,,
SWM_27063_20130918,27063,2013-09-18,Nitrit,mg/dm3,0.001,DQ005_TEMPORAL_ISOLATED_EXTREME,review,Value differs >=20-fold from the geometric mean of adjacent observations; both neighbors are within 5-fold and within 180 days.,0.012,0.043,"канал Дніпро-Донбас, 0,5 км, с. Шульгівка, після ГВК Дніпро-Донбас",Дніпро,SRC003,2012-12-31_2015-12-31_output,ratio_to_geometric_neighbor_center=0.0440225; neighbor_ratio=3.58,retain_unchanged,screening_only,,,,
SWM_27156_20131002,27156,2013-10-02,Fosfat,mg/dm3,1.58,DQ005_TEMPORAL_ISOLATED_EXTREME,review,Value differs >=20-fold from the geometric mean of adjacent observations; both neighbors are within 5-fold and within 180 days.,0.12,0.03,"р. Кільтень, 24 км, с. Нововознесенка, Маловисківського р-ну",Південний Буг,SRC003,2012-12-31_2015-12-31_output,ratio_to_geometric_neighbor_center=26.3333; neighbor_ratio=4,retain_unchanged,screening_only,,,,
SWM_27063_20131007,27063,2013-10-07,Nitrit,mg/dm3,0.043,DQ005_TEMPORAL_ISOLATED_EXTREME,review,Value differs >=20-fold from the geometric mean of adjacent observations; both neighbors are within 5-fold and within 180 days.,0.001,0.002,"канал Дніпро-Донбас, 0,5 км, с. Шульгівка, після ГВК Дніпро-Донбас",Дніпро,SRC003,2012-12-31_2015-12-31_output,ratio_to_geometric_neighbor_center=30.4056; neighbor_ratio=2,retain_unchanged,screening_only,,,,
SWM_26978_20131029,26978,2013-10-29,Nitrit,mg/dm3,1.8,DQ005_TEMPORAL_ISOLATED_EXTREME,review,Value differs >=20-fold from the geometric mean of adjacent observations; both neighbors are within 5-fold and within 180 days.,0.05,0.09,"р. Дніпро, 854,5 км, водосховище, 500 м нижче БСА",Дніпро,SRC003,2012-12-31_2015-12-31_output,ratio_to_geometric_neighbor_center=26.8328; neighbor_ratio=1.8,retain_unchanged,screening_only,,,,
SWM_26935_20131105,26935,2013-11-05,Nitrat,mg/dm3,0.09,DQ005_TEMPORAL_ISOLATED_EXTREME,review,Value differs >=20-fold from the geometric mean of adjacent observations; both neighbors are within 5-fold and within 180 days.,5.06,7.89,"р. Стир, 183 км, м. Вараш (Кузнєцовськ), водозабір РАЕС",Дніпро,SRC003,2012-12-31_2015-12-31_output,ratio_to_geometric_neighbor_center=0.0142439; neighbor_ratio=1.56,retain_unchanged,screening_only,,,,
SWM_26936_20131106,26936,2013-11-06,Nitrat,mg/dm3,0.11,DQ005_TEMPORAL_ISOLATED_EXTREME,review,Value differs >=20-fold from the geometric mean of adjacent observations; both neighbors are within 5-fold and within 180 days.,4.16,7.68,"р. Стир, 152 км, с.Сопачів, нижче  РАЕС",Дніпро,SRC003,2012-12-31_2015-12-31_output,ratio_to_geometric_neighbor_center=0.019461; neighbor_ratio=1.85,retain_unchanged,screening_only,,,,
SWM_26953_20131106,26953,2013-11-06,Nitrat,mg/dm3,0.09,DQ005_TEMPORAL_ISOLATED_EXTREME,review,Value differs >=20-fold from the geometric mean of adjacent observations; both neighbors are within 5-fold and within 180 days.,2.62,5.61,"р. Случ, 4 км, с.Колки",Дніпро,SRC003,2012-12-31_2015-12-31_output,ratio_to_geometric_neighbor_center=0.0234753; neighbor_ratio=2.14,retain_unchanged,screening_only,,,,
SWM_27353_20131108,27353,2013-11-08,Fosfat,mg/dm3,0.016,DQ005_TEMPORAL_ISOLATED_EXTREME,review,Value differs >=20-fold from the geometric mean of adjacent observations; both neighbors are within 5-fold and within 180 days.,0.222,0.62,"р. Хаджидер, 10,1 км, с. Сергіївка",Річки Причорномор'я,SRC003,2012-12-31_2015-12-31_output,ratio_to_geometric_neighbor_center=0.0431268; neighbor_ratio=2.79,retain_unchanged,screening_only,,,,
SWM_27225_20131129,27225,2013-11-29,Amoniy,mg/dm3,0.03,DQ005_TEMPORAL_ISOLATED_EXTREME,review,Value differs >=20-fold from the geometric mean of adjacent observations; both neighbors are within 5-fold and within 180 days.,1.4,0.65,"р. Дністер, 783 км, м. Кам'янець-Подільський, Дністровське вдсх., питний водозабір міста",Дністер,SRC003,2012-12-31_2015-12-31_output,ratio_to_geometric_neighbor_center=0.0314485; neighbor_ratio=2.15,retain_unchanged,screening_only,,,,
SWM_27358_20131203,27358,2013-12-03,BSK5,mgO2/dm3,0.8,DQ005_TEMPORAL_ISOLATED_EXTREME,review,Value differs >=20-fold from the geometric mean of adjacent observations; both neighbors are within 5-fold and within 180 days.,28.4,11.35,"р. В.Куяльник, 8,2 км, с. Руська Слобідка",Річки Причорномор'я,SRC003,2012-12-31_2015-12-31_output,ratio_to_geometric_neighbor_center=0.0445587; neighbor_ratio=2.5,retain_unchanged,screening_only,,,,
SWM_27359_20131203,27359,2013-12-03,Fosfat,mg/dm3,0.037,DQ005_TEMPORAL_ISOLATED_EXTREME,review,Value differs >=20-fold from the geometric mean of adjacent observations; both neighbors are within 5-fold and within 180 days.,1.061,0.747,"р. М.Куяльник, 8,1 км, с. Бараново",Річки Причорномор'я,SRC003,2012-12-31_2015-12-31_output,ratio_to_geometric_neighbor_center=0.0415608; neighbor_ratio=1.42,retain_unchanged,screening_only,,,,
SWM_27228_20131210,27228,2013-12-10,Nitrit,mg/dm3,452.0,DQ005_TEMPORAL_ISOLATED_EXTREME,review,Value differs >=20-fold from the geometric mean of adjacent observations; both neighbors are within 5-fold and within 180 days.,0.002,0.006,"р. Дністер, 674 км, Дністровське вдсх, н/б'єф, пр. берег, 500 м нижче греблі ГЕС - 1",Дністер,SRC003,2012-12-31_2015-12-31_output,ratio_to_geometric_neighbor_center=130481; neighbor_ratio=3,retain_unchanged,screening_only,,,,
SWM_27065_20131213,27065,2013-12-13,Nitrit,mg/dm3,0.273,DQ005_TEMPORAL_ISOLATED_EXTREME,review,Value differs >=20-fold from the geometric mean of adjacent observations; both neighbors are within 5-fold and within 180 days.,0.01,0.007,"канал Дніпро-Донбас, 170 км, с.Орілька, Орільське водосховище, шлюзовий попуск",Дніпро,SRC003,2012-12-31_2015-12-31_output,ratio_to_geometric_neighbor_center=32.6297; neighbor_ratio=1.43,retain_unchanged,screening_only,,,,
SWM_27314_20131217,27314,2013-12-17,Zavisli,mg/dm3,313.8,DQ005_TEMPORAL_ISOLATED_EXTREME,review,Value differs >=20-fold from the geometric mean of adjacent observations; both neighbors are within 5-fold and within 180 days.,14.3,11.5,"оз. Кагул, 0 км, ГНС Нагірне",Дунай,SRC003,2012-12-31_2015-12-31_output,ratio_to_geometric_neighbor_center=24.4701; neighbor_ratio=1.24,retain_unchanged,screening_only,,,,
SWM_27303_20140109,27303,2014-01-09,Nitrit,mg/dm3,0.001,DQ005_TEMPORAL_ISOLATED_EXTREME,review,Value differs >=20-fold from the geometric mean of adjacent observations; both neighbors are within 5-fold and within 180 days.,0.037,0.028,"р. Сірет, 418 км, с. Черепківці, міст, прикордонна зона з Румунією",Дунай,SRC003,2012-12-31_2015-12-31_output,ratio_to_geometric_neighbor_center=0.0310685; neighbor_ratio=1.32,retain_unchanged,screening_only,,,,
SWM_27068_20140121,27068,2014-01-21,Amoniy,mg/dm3,7.14,DQ005_TEMPORAL_ISOLATED_EXTREME,review,Value differs >=20-fold from the geometric mean of adjacent observations; both neighbors are within 5-fold and within 180 days.,0.18,0.14,"канал Дніпро-Донбас, 215 км, верхній б'єф Краснопавлівського водосховища, скид у р. Сіверський Дінець",Дніпро,SRC003,2012-12-31_2015-12-31_output,ratio_to_geometric_neighbor_center=44.9778; neighbor_ratio=1.29,retain_unchanged,screening_only,,,,
SWM_27068_20140121,27068,2014-01-21,Nitrat,mg/dm3,0.014,DQ005_TEMPORAL_ISOLATED_EXTREME,review,Value differs >=20-fold from the geometric mean of adjacent observations; both neighbors are within 5-fold and within 180 days.,0.81,0.53,"канал Дніпро-Донбас, 215 км, верхній б'єф Краснопавлівського водосховища, скид у р. Сіверський Дінець",Дніпро,SRC003,2012-12-31_2015-12-31_output,ratio_to_geometric_neighbor_center=0.0213672; neighbor_ratio=1.53,retain_unchanged,screening_only,,,,
SWM_27311_20140205,27311,2014-02-05,Amoniy,mg/dm3,0.019,DQ005_TEMPORAL_ISOLATED_EXTREME,review,Value differs >=20-fold from the geometric mean of adjacent observations; both neighbors are within 5-fold and within 180 days.,0.42,0.54,"р. Прут, 697 км, с. Костичани, кордон з Румунією та Молдовою, 200 м нижче впадіння в р. Прут р. Черлена",Дунай,SRC003,2012-12-31_2015-12-31_output,ratio_to_geometric_neighbor_center=0.0398962; neighbor_ratio=1.29,retain_unchanged,screening_only,,,,
SWM_27312_20140205,27312,2014-02-05,Amoniy,mg/dm3,0.01,DQ005_TEMPORAL_ISOLATED_EXTREME,review,Value differs >=20-fold from the geometric mean of adjacent observations; both neighbors are within 5-fold and within 180 days.,0.195,0.35,"р. Прут, 678 км, с. Мамалига, прикордонна зона з Румунією та Республікою Молдова.",Дунай,SRC003,2012-12-31_2015-12-31_output,ratio_to_geometric_neighbor_center=0.038278; neighbor_ratio=1.79,retain_unchanged,screening_only,,,,
SWM_27022_20140211,27022,2014-02-11,Nitrit,mg/dm3,2.3,DQ005_TEMPORAL_ISOLATED_EXTREME,review,Value differs >=20-fold from the geometric mean of adjacent observations; both neighbors are within 5-fold and within 180 days.,0.05,0.11,"р. Рось, 218 км, с.Глибочиця, с.Глибочиця,  питний в/з м.Біла Церква",Дніпро,SRC003,2012-12-31_2015-12-31_output,ratio_to_geometric_neighbor_center=31.0132; neighbor_ratio=2.2,retain_unchanged,screening_only,,,,
SWM_27262_20140220,27262,2014-02-20,BSK5,mgO2/dm3,74.0,DQ005_TEMPORAL_ISOLATED_EXTREME,review,Value differs >=20-fold from the geometric mean of adjacent observations; both neighbors are within 5-fold and within 180 days.,7.8,1.6,"р. Білоч, 15 км, с. Шершенці, кордон з Молдовою",Дністер,SRC003,2012-12-31_2015-12-31_output,ratio_to_geometric_neighbor_center=20.9471; neighbor_ratio=4.88,retain_unchanged,screening_only,,,,
SWM_27153_20140222,27153,2014-02-22,Hlorid,mg/dm3,35.45,DQ005_TEMPORAL_ISOLATED_EXTREME,review,Value differs >=20-fold from the geometric mean of adjacent observations; both neighbors are within 5-fold and within 180 days.,981.5,953.9,"р. Кодима, 103 км, м. Балта, сільгосп. в/з",Південний Буг,SRC003,2012-12-31_2015-12-31_output,ratio_to_geometric_neighbor_center=0.036637; neighbor_ratio=1.03,retain_unchanged,screening_only,,,,
SWM_27251_20140226,27251,2014-02-26,Nitrat,mg/dm3,0.05,DQ005_TEMPORAL_ISOLATED_EXTREME,review,Value differs >=20-fold from the geometric mean of adjacent observations; both neighbors are within 5-fold and within 180 days.,3.75,3.7,"р. Коропець, 71 км, смт. Козіве, Козівське вдсх, с/г в/з",Дністер,SRC003,2012-12-31_2015-12-31_output,ratio_to_geometric_neighbor_center=0.0134231; neighbor_ratio=1.01,retain_unchanged,screening_only,,,,
SWM_27350_20140226,27350,2014-02-26,Kisen,mg/dm3,15.5,DQ005_TEMPORAL_ISOLATED_EXTREME,review,Value differs >=20-fold from the geometric mean of adjacent observations; both neighbors are within 5-fold and within 180 days.,0.86,0.5,"р. Когільник, 12 км, с. Новоолексіївка",Річки Причорномор'я,SRC003,2012-12-31_2015-12-31_output,ratio_to_geometric_neighbor_center=23.6373; neighbor_ratio=1.72,retain_unchanged,screening_only,,,,
SWM_27351_20140226,27351,2014-02-26,BSK5,mgO2/dm3,3.2,DQ005_TEMPORAL_ISOLATED_EXTREME,review,Value differs >=20-fold from the geometric mean of adjacent observations; both neighbors are within 5-fold and within 180 days.,86.0,55.4,"р. Когільник, 131 км, с. Серпневе, кордон з Молдовою",Річки Причорномор'я,SRC003,2012-12-31_2015-12-31_output,ratio_to_geometric_neighbor_center=0.0463603; neighbor_ratio=1.55,retain_unchanged,screening_only,,,,
SWM_27257_20140307,27257,2014-03-07,Amoniy,mg/dm3,0.01,DQ005_TEMPORAL_ISOLATED_EXTREME,review,Value differs >=20-fold from the geometric mean of adjacent observations; both neighbors are within 5-fold and within 180 days.,0.37,0.15,"р. Серет, 6 км, с. Касперівці, Касперівське вдсх,, сільгосп. в/з",Дністер,SRC003,2012-12-31_2015-12-31_output,ratio_to_geometric_neighbor_center=0.0424476; neighbor_ratio=2.47,retain_unchanged,screening_only,,,,
SWM_27156_20140314,27156,2014-03-14,Fosfat,mg/dm3,0.03,DQ005_TEMPORAL_ISOLATED_EXTREME,review,Value differs >=20-fold from the geometric mean of adjacent observations; both neighbors are within 5-fold and within 180 days.,1.58,1.16,"р. Кільтень, 24 км, с. Нововознесенка, Маловисківського р-ну",Південний Буг,SRC003,2012-12-31_2015-12-31_output,ratio_to_geometric_neighbor_center=0.0221597; neighbor_ratio=1.36,retain_unchanged,screening_only,,,,
SWM_27260_20140314,27260,2014-03-14,Amoniy,mg/dm3,0.01,DQ005_TEMPORAL_ISOLATED_EXTREME,review,Value differs >=20-fold from the geometric mean of adjacent observations; both neighbors are within 5-fold and within 180 days.,0.28,0.3,"р. Збруч, 137 км, м. Підволочиськ, в/з",Дністер,SRC003,2012-12-31_2015-12-31_output,ratio_to_geometric_neighbor_center=0.0345033; neighbor_ratio=1.07,retain_unchanged,screening_only,,,,
SWM_27049_20140506,27049,2014-05-06,Nitrit,mg/dm3,0.002,DQ005_TEMPORAL_ISOLATED_EXTREME,review,Value differs >=20-fold from the geometric mean of adjacent observations; both neighbors are within 5-fold and within 180 days.,0.06,0.03,"р. Псел, 528 км, Краснопільського району, а/д міст",Дніпро,SRC003,2012-12-31_2015-12-31_output,ratio_to_geometric_neighbor_center=0.0471405; neighbor_ratio=2,retain_unchanged,screening_only,,,,
SWM_27050_20140506,27050,2014-05-06,Nitrit,mg/dm3,1.97,DQ005_TEMPORAL_ISOLATED_EXTREME,review,Value differs >=20-fold from the geometric mean of adjacent observations; both neighbors are within 5-fold and within 180 days.,0.03,0.03,"р. Псел, 480 км, с. В.Чернетчина, а/д міст вище техн. в/з м. Суми",Дніпро,SRC003,2012-12-31_2015-12-31_output,ratio_to_geometric_neighbor_center=65.6667; neighbor_ratio=1,retain_unchanged,screening_only,,,,
SWM_27312_20140506,27312,2014-05-06,Amoniy,mg/dm3,0.35,DQ005_TEMPORAL_ISOLATED_EXTREME,review,Value differs >=20-fold from the geometric mean of adjacent observations; both neighbors are within 5-fold and within 180 days.,0.01,0.024,"р. Прут, 678 км, с. Мамалига, прикордонна зона з Румунією та Республікою Молдова.",Дунай,SRC003,2012-12-31_2015-12-31_output,ratio_to_geometric_neighbor_center=22.5924; neighbor_ratio=2.4,retain_unchanged,screening_only,,,,
SWM_27255_20140519,27255,2014-05-19,Nitrat,mg/dm3,0.01,DQ005_TEMPORAL_ISOLATED_EXTREME,review,Value differs >=20-fold from the geometric mean of adjacent observations; both neighbors are within 5-fold and within 180 days.,1.85,2.53,"р. Серет, 180 км, м. Тернопіль, Тернопільське вдсх., питний в/з",Дністер,SRC003,2012-12-31_2015-12-31_output,ratio_to_geometric_neighbor_center=0.00462225; neighbor_ratio=1.37,retain_unchanged,screening_only,,,,
SWM_27056_20140522,27056,2014-05-22,Nitrit,mg/dm3,0.002,DQ005_TEMPORAL_ISOLATED_EXTREME,review,Value differs >=20-fold from the geometric mean of adjacent observations; both neighbors are within 5-fold and within 180 days.,0.05,0.04,"р. Хорол, 248 км, с. Лучки, Липоводолинського р-ну, кордон Сумської і Полтавської обл.",Дніпро,SRC003,2012-12-31_2015-12-31_output,ratio_to_geometric_neighbor_center=0.0447214; neighbor_ratio=1.25,retain_unchanged,screening_only,,,,
SWM_27259_20140522,27259,2014-05-22,Nitrat,mg/dm3,0.01,DQ005_TEMPORAL_ISOLATED_EXTREME,review,Value differs >=20-fold from the geometric mean of adjacent observations; both neighbors are within 5-fold and within 180 days.,10.2,2.3,"р. Циганська, 22 км, с. Мушкатівка, Мушкатівське вдсх,",Дністер,SRC003,2012-12-31_2015-12-31_output,ratio_to_geometric_neighbor_center=0.0020646; neighbor_ratio=4.43,retain_unchanged,screening_only,,,,
SWM_26936_20140605,26936,2014-06-05,Nitrat,mg/dm3,17.6,DQ005_TEMPORAL_ISOLATED_EXTREME,review,Value differs >=20-fold from the geometric mean of adjacent observations; both neighbors are within 5-fold and within 180 days.,0.87,0.44,"р. Стир, 152 км, с.Сопачів, нижче  РАЕС",Дніпро,SRC003,2012-12-31_2015-12-31_output,ratio_to_geometric_neighbor_center=28.4464; neighbor_ratio=1.98,retain_unchanged,screening_only,,,,
SWM_26931_20140611,26931,2014-06-11,Nitrit,mg/dm3,0.82,DQ005_TEMPORAL_ISOLATED_EXTREME,review,Value differs >=20-fold from the geometric mean of adjacent observations; both neighbors are within 5-fold and within 180 days.,0.05,0.031,"р. Турія, 125 км, м.Ковель, питний в/з міста",Дніпро,SRC003,2012-12-31_2015-12-31_output,ratio_to_geometric_neighbor_center=20.828; neighbor_ratio=1.61,retain_unchanged,screening_only,,,,
SWM_26952_20140620,26952,2014-06-20,Nitrit,mg/dm3,0.32,DQ005_TEMPORAL_ISOLATED_EXTREME,review,Value differs >=20-fold from the geometric mean of adjacent observations; both neighbors are within 5-fold and within 180 days.,0.008,0.025,"р. Случ, 155 км, с. Устя, кордон Рівненської і Житомирської обл-й",Дніпро,SRC003,2012-12-31_2015-12-31_output,ratio_to_geometric_neighbor_center=22.6274; neighbor_ratio=3.12,retain_unchanged,screening_only,,,,
SWM_27255_20140623,27255,2014-06-23,Amoniy,mg/dm3,0.27,DQ005_TEMPORAL_ISOLATED_EXTREME,review,Value differs >=20-fold from the geometric mean of adjacent observations; both neighbors are within 5-fold and within 180 days.,0.01,0.01,"р. Серет, 180 км, м. Тернопіль, Тернопільське вдсх., питний в/з",Дністер,SRC003,2012-12-31_2015-12-31_output,ratio_to_geometric_neighbor_center=27; neighbor_ratio=1,retain_unchanged,screening_only,,,,
SWM_27135_20140708,27135,2014-07-08,Nitrat,mg/dm3,0.12,DQ005_TEMPORAL_ISOLATED_EXTREME,review,Value differs >=20-fold from the geometric mean of adjacent observations; both neighbors are within 5-fold and within 180 days.,2.4,10.0,"р. Південний Буг, 652 км, м. Хмільник, питний в/з, вище міста",Південний Буг,SRC003,2012-12-31_2015-12-31_output,ratio_to_geometric_neighbor_center=0.0244949; neighbor_ratio=4.17,retain_unchanged,screening_only,,,,
SWM_27264_20140723,27264,2014-07-23,Sulfat,mg/dm3,5.3,DQ005_TEMPORAL_ISOLATED_EXTREME,review,Value differs >=20-fold from the geometric mean of adjacent observations; both neighbors are within 5-fold and within 180 days.,451.7,96.0,"р. Ягорлик, 20,2 км, с. Артирівка, кордон з Молдовою",Дністер,SRC003,2012-12-31_2015-12-31_output,ratio_to_geometric_neighbor_center=0.0254516; neighbor_ratio=4.71,retain_unchanged,screening_only,,,,
SWM_27067_20140801,27067,2014-08-01,Nitrit,mg/dm3,0.091,DQ005_TEMPORAL_ISOLATED_EXTREME,review,Value differs >=20-fold from the geometric mean of adjacent observations; both neighbors are within 5-fold and within 180 days.,0.007,0.002,"канал Дніпро-Донбас, 214 км, м. Харків, Краснопавлівське водосховище, в/з міста",Дніпро,SRC003,2012-12-31_2015-12-31_output,ratio_to_geometric_neighbor_center=24.3208; neighbor_ratio=3.5,retain_unchanged,screening_only,,,,
SWM_27065_20140819,27065,2014-08-19,Nitrit,mg/dm3,0.198,DQ005_TEMPORAL_ISOLATED_EXTREME,review,Value differs >=20-fold from the geometric mean of adjacent observations; both neighbors are within 5-fold and within 180 days.,0.009,0.009,"канал Дніпро-Донбас, 170 км, с.Орілька, Орільське водосховище, шлюзовий попуск",Дніпро,SRC003,2012-12-31_2015-12-31_output,ratio_to_geometric_neighbor_center=22; neighbor_ratio=1,retain_unchanged,screening_only,,,,
SWM_27238_20140820,27238,2014-08-20,Nitrat,mg/dm3,0.12,DQ005_TEMPORAL_ISOLATED_EXTREME,review,Value differs >=20-fold from the geometric mean of adjacent observations; both neighbors are within 5-fold and within 180 days.,5.0,1.6,"р. Стрий, 78 км, с. Верхнє Синєвидне, лівий берег, підрусловий в/з м.Львів,150 м нижче мосту, дорога Стрий - Сколе",Дністер,SRC003,2012-12-31_2015-12-31_output,ratio_to_geometric_neighbor_center=0.0424264; neighbor_ratio=3.12,retain_unchanged,screening_only,,,,
SWM_27355_20140902,27355,2014-09-02,Nitrat,mg/dm3,1.85,DQ005_TEMPORAL_ISOLATED_EXTREME,review,Value differs >=20-fold from the geometric mean of adjacent observations; both neighbors are within 5-fold and within 180 days.,53.68,48.5,"р. Каплань, 19 км, с. Крутоярівка, кордон з Молдовою",Річки Причорномор'я,SRC003,2012-12-31_2015-12-31_output,ratio_to_geometric_neighbor_center=0.0362572; neighbor_ratio=1.11,retain_unchanged,screening_only,,,,
SWM_26952_20140918,26952,2014-09-18,Amoniy,mg/dm3,0.004,DQ005_TEMPORAL_ISOLATED_EXTREME,review,Value differs >=20-fold from the geometric mean of adjacent observations; both neighbors are within 5-fold and within 180 days.,0.51,0.22,"р. Случ, 155 км, с. Устя, кордон Рівненської і Житомирської обл-й",Дніпро,SRC003,2012-12-31_2015-12-31_output,ratio_to_geometric_neighbor_center=0.0119416; neighbor_ratio=2.32,retain_unchanged,screening_only,,,,
SWM_27262_20140923,27262,2014-09-23,Hlorid,mg/dm3,35.45,DQ005_TEMPORAL_ISOLATED_EXTREME,review,Value differs >=20-fold from the geometric mean of adjacent observations; both neighbors are within 5-fold and within 180 days.,801.4,660.4,"р. Білоч, 15 км, с. Шершенці, кордон з Молдовою",Дністер,SRC003,2012-12-31_2015-12-31_output,ratio_to_geometric_neighbor_center=0.0487291; neighbor_ratio=1.21,retain_unchanged,screening_only,,,,
SWM_26931_20141007,26931,2014-10-07,Nitrat,mg/dm3,0.041,DQ005_TEMPORAL_ISOLATED_EXTREME,review,Value differs >=20-fold from the geometric mean of adjacent observations; both neighbors are within 5-fold and within 180 days.,0.98,1.76,"р. Турія, 125 км, м.Ковель, питний в/з міста",Дніпро,SRC003,2012-12-31_2015-12-31_output,ratio_to_geometric_neighbor_center=0.0312187; neighbor_ratio=1.8,retain_unchanged,screening_only,,,,
SWM_27263_20141010,27263,2014-10-10,Hlorid,mg/dm3,1116.9,DQ005_TEMPORAL_ISOLATED_EXTREME,review,Value differs >=20-fold from the geometric mean of adjacent observations; both neighbors are within 5-fold and within 180 days.,62.04,44.31,"р. Окни, 28 км, с. Лабушне, кордон з Молдовою",Дністер,SRC003,2012-12-31_2015-12-31_output,ratio_to_geometric_neighbor_center=21.3024; neighbor_ratio=1.4,retain_unchanged,screening_only,,,,
SWM_27153_20141014,27153,2014-10-14,Nitrat,mg/dm3,0.09,DQ005_TEMPORAL_ISOLATED_EXTREME,review,Value differs >=20-fold from the geometric mean of adjacent observations; both neighbors are within 5-fold and within 180 days.,10.0,9.5,"р. Кодима, 103 км, м. Балта, сільгосп. в/з",Південний Буг,SRC003,2012-12-31_2015-12-31_output,ratio_to_geometric_neighbor_center=0.00923381; neighbor_ratio=1.05,retain_unchanged,screening_only,,,,
SWM_26925_20141111,26925,2014-11-11,Nitrat,mg/dm3,0.08,DQ005_TEMPORAL_ISOLATED_EXTREME,review,Value differs >=20-fold from the geometric mean of adjacent observations; both neighbors are within 5-fold and within 180 days.,1.74,3.65,"р. Прип'ять, 570 км, с. Сенчиці, кордон з Білоруссю",Дніпро,SRC003,2012-12-31_2015-12-31_output,ratio_to_geometric_neighbor_center=0.0317445; neighbor_ratio=2.1,retain_unchanged,screening_only,,,,
SWM_27132_20141113,27132,2014-11-13,Nitrit,mg/dm3,4.65,DQ005_TEMPORAL_ISOLATED_EXTREME,review,Value differs >=20-fold from the geometric mean of adjacent observations; both neighbors are within 5-fold and within 180 days.,0.29,0.07,"р. Південний Буг, 744 км, с. Копистин, нижче м.Хмельницький",Південний Буг,SRC003,2012-12-31_2015-12-31_output,ratio_to_geometric_neighbor_center=32.6366; neighbor_ratio=4.14,retain_unchanged,screening_only,,,,
SWM_26961_20141202,26961,2014-12-02,Kisen,mg/dm3,0.001,DQ005_TEMPORAL_ISOLATED_EXTREME,review,Value differs >=20-fold from the geometric mean of adjacent observations; both neighbors are within 5-fold and within 180 days.,6.7,10.8,"р. Уж, 15 км, с.Черевач, техн в/з м.Чорнобиль",Дніпро,SRC003,2012-12-31_2015-12-31_output,ratio_to_geometric_neighbor_center=0.000117558; neighbor_ratio=1.61,retain_unchanged,screening_only,,,,
SWM_27066_20150109,27066,2015-01-09,Nitrit,mg/dm3,0.894,DQ005_TEMPORAL_ISOLATED_EXTREME,review,Value differs >=20-fold from the geometric mean of adjacent observations; both neighbors are within 5-fold and within 180 days.,0.062,0.015,"канал Дніпро-Донбас, 181 км, р.Орілька, міст, 1,5 км від гирла,",Дніпро,SRC003,2012-12-31_2015-12-31_output,ratio_to_geometric_neighbor_center=29.3154; neighbor_ratio=4.13,retain_unchanged,screening_only,,,,
SWM_27262_20150127,27262,2015-01-27,Hlorid,mg/dm3,35.45,DQ005_TEMPORAL_ISOLATED_EXTREME,review,Value differs >=20-fold from the geometric mean of adjacent observations; both neighbors are within 5-fold and within 180 days.,660.4,779.28,"р. Білоч, 15 км, с. Шершенці, кордон з Молдовою",Дністер,SRC003,2012-12-31_2015-12-31_output,ratio_to_geometric_neighbor_center=0.0494158; neighbor_ratio=1.18,retain_unchanged,screening_only,,,,
SWM_27263_20150127,27263,2015-01-27,Hlorid,mg/dm3,44.31,DQ005_TEMPORAL_ISOLATED_EXTREME,review,Value differs >=20-fold from the geometric mean of adjacent observations; both neighbors are within 5-fold and within 180 days.,1116.9,767.5,"р. Окни, 28 км, с. Лабушне, кордон з Молдовою",Дністер,SRC003,2012-12-31_2015-12-31_output,ratio_to_geometric_neighbor_center=0.0478581; neighbor_ratio=1.46,retain_unchanged,screening_only,,,,
SWM_27150_20150204,27150,2015-02-04,Amoniy,mg/dm3,0.004,DQ005_TEMPORAL_ISOLATED_EXTREME,review,Value differs >=20-fold from the geometric mean of adjacent observations; both neighbors are within 5-fold and within 180 days.,0.2,0.11,"р. Південний Буг, 0,5 км, м. Миколаїв, Бузький лиман, тех. в/з Миколаївської ТЕЦ (ліва частина морського порту)",Південний Буг,SRC003,2012-12-31_2015-12-31_output,ratio_to_geometric_neighbor_center=0.026968; neighbor_ratio=1.82,retain_unchanged,screening_only,,,,
SWM_27132_20150214,27132,2015-02-14,Nitrit,mg/dm3,0.07,DQ005_TEMPORAL_ISOLATED_EXTREME,review,Value differs >=20-fold from the geometric mean of adjacent observations; both neighbors are within 5-fold and within 180 days.,4.65,2.54,"р. Південний Буг, 744 км, с. Копистин, нижче м.Хмельницький",Південний Буг,SRC003,2012-12-31_2015-12-31_output,ratio_to_geometric_neighbor_center=0.0203683; neighbor_ratio=1.83,retain_unchanged,screening_only,,,,
SWM_27067_20150302,27067,2015-03-02,Nitrit,mg/dm3,0.074,DQ005_TEMPORAL_ISOLATED_EXTREME,review,Value differs >=20-fold from the geometric mean of adjacent observations; both neighbors are within 5-fold and within 180 days.,0.001,0.001,"канал Дніпро-Донбас, 214 км, м. Харків, Краснопавлівське водосховище, в/з міста",Дніпро,SRC003,2012-12-31_2015-12-31_output,ratio_to_geometric_neighbor_center=74; neighbor_ratio=1,retain_unchanged,screening_only,,,,
SWM_27143_20150324,27143,2015-03-24,SPAR,mg/dm3,0.76,DQ005_TEMPORAL_ISOLATED_EXTREME,review,Value differs >=20-fold from the geometric mean of adjacent observations; both neighbors are within 5-fold and within 180 days.,0.016,0.062,"р. Південний Буг, 327 км, с. Ставки, кордон Вінницької та Кіровоградської обл.",Південний Буг,SRC003,2012-12-31_2015-12-31_output,ratio_to_geometric_neighbor_center=24.13; neighbor_ratio=3.88,retain_unchanged,screening_only,,,,
SWM_27232_20150505,27232,2015-05-05,Nitrat,mg/dm3,0.04,DQ005_TEMPORAL_ISOLATED_EXTREME,review,Value differs >=20-fold from the geometric mean of adjacent observations; both neighbors are within 5-fold and within 180 days.,7.2,5.5,"р. Дністер, 20 км, смт. Біляївка, питний в/з м.Одеса",Дністер,SRC003,2012-12-31_2015-12-31_output,ratio_to_geometric_neighbor_center=0.00635642; neighbor_ratio=1.31,retain_unchanged,screening_only,,,,
SWM_27233_20150505,27233,2015-05-05,Nitrat,mg/dm3,0.035,DQ005_TEMPORAL_ISOLATED_EXTREME,review,Value differs >=20-fold from the geometric mean of adjacent observations; both neighbors are within 5-fold and within 180 days.,7.8,6.75,"р. Дністер, 16 км, с. Маяки, ГНС Нижньо-Дністровської ЗС",Дністер,SRC003,2012-12-31_2015-12-31_output,ratio_to_geometric_neighbor_center=0.00482357; neighbor_ratio=1.16,retain_unchanged,screening_only,,,,
SWM_26939_20150506,26939,2015-05-06,Fosfat,mg/dm3,0.02,DQ005_TEMPORAL_ISOLATED_EXTREME,review,Value differs >=20-fold from the geometric mean of adjacent observations; both neighbors are within 5-fold and within 180 days.,0.49,0.5,"р. Стир, 48 км, смт. Зарічне, кордон з Білоруссю",Дніпро,SRC003,2012-12-31_2015-12-31_output,ratio_to_geometric_neighbor_center=0.0404061; neighbor_ratio=1.02,retain_unchanged,screening_only,,,,
SWM_27150_20150604,27150,2015-06-04,Nitrat,mg/dm3,0.26,DQ005_TEMPORAL_ISOLATED_EXTREME,review,Value differs >=20-fold from the geometric mean of adjacent observations; both neighbors are within 5-fold and within 180 days.,6.75,4.68,"р. Південний Буг, 0,5 км, м. Миколаїв, Бузький лиман, тех. в/з Миколаївської ТЕЦ (ліва частина морського порту)",Південний Буг,SRC003,2012-12-31_2015-12-31_output,ratio_to_geometric_neighbor_center=0.0462592; neighbor_ratio=1.44,retain_unchanged,screening_only,,,,
SWM_27157_20150714,27157,2015-07-14,Fosfat,mg/dm3,0.33,DQ005_TEMPORAL_ISOLATED_EXTREME,review,Value differs >=20-fold from the geometric mean of adjacent observations; both neighbors are within 5-fold and within 180 days.,0.01,0.01,"р. Чорний Ташлик, 89 км, с. Звірівка, Новоукраїнського району",Південний Буг,SRC003,2012-12-31_2015-12-31_output,ratio_to_geometric_neighbor_center=33; neighbor_ratio=1,retain_unchanged,screening_only,,,,
SWM_27263_20150721,27263,2015-07-21,Fosfat,mg/dm3,1.685,DQ005_TEMPORAL_ISOLATED_EXTREME,review,Value differs >=20-fold from the geometric mean of adjacent observations; both neighbors are within 5-fold and within 180 days.,0.157,0.038,"р. Окни, 28 км, с. Лабушне, кордон з Молдовою",Дністер,SRC003,2012-12-31_2015-12-31_output,ratio_to_geometric_neighbor_center=21.8152; neighbor_ratio=4.13,retain_unchanged,screening_only,,,,
SWM_27358_20150721,27358,2015-07-21,Fosfat,mg/dm3,6.77,DQ005_TEMPORAL_ISOLATED_EXTREME,review,Value differs >=20-fold from the geometric mean of adjacent observations; both neighbors are within 5-fold and within 180 days.,0.06,0.015,"р. В.Куяльник, 8,2 км, с. Руська Слобідка",Річки Причорномор'я,SRC003,2012-12-31_2015-12-31_output,ratio_to_geometric_neighbor_center=225.667; neighbor_ratio=4,retain_unchanged,screening_only,,,,
SWM_27264_20150722,27264,2015-07-22,Fosfat,mg/dm3,2.11,DQ005_TEMPORAL_ISOLATED_EXTREME,review,Value differs >=20-fold from the geometric mean of adjacent observations; both neighbors are within 5-fold and within 180 days.,0.046,0.026,"р. Ягорлик, 20,2 км, с. Артирівка, кордон з Молдовою",Дністер,SRC003,2012-12-31_2015-12-31_output,ratio_to_geometric_neighbor_center=61.0122; neighbor_ratio=1.77,retain_unchanged,screening_only,,,,
SWM_26939_20150805,26939,2015-08-05,Fosfat,mg/dm3,0.5,DQ005_TEMPORAL_ISOLATED_EXTREME,review,Value differs >=20-fold from the geometric mean of adjacent observations; both neighbors are within 5-fold and within 180 days.,0.02,0.028,"р. Стир, 48 км, смт. Зарічне, кордон з Білоруссю",Дніпро,SRC003,2012-12-31_2015-12-31_output,ratio_to_geometric_neighbor_center=21.1289; neighbor_ratio=1.4,retain_unchanged,screening_only,,,,
SWM_27350_20150807,27350,2015-08-07,BSK5,mgO2/dm3,56.7,DQ005_TEMPORAL_ISOLATED_EXTREME,review,Value differs >=20-fold from the geometric mean of adjacent observations; both neighbors are within 5-fold and within 180 days.,1.1,2.65,"р. Когільник, 12 км, с. Новоолексіївка",Річки Причорномор'я,SRC003,2012-12-31_2015-12-31_output,ratio_to_geometric_neighbor_center=33.2096; neighbor_ratio=2.41,retain_unchanged,screening_only,,,,
SWM_27063_20150825,27063,2015-08-25,Nitrit,mg/dm3,0.064,DQ005_TEMPORAL_ISOLATED_EXTREME,review,Value differs >=20-fold from the geometric mean of adjacent observations; both neighbors are within 5-fold and within 180 days.,0.005,0.001,"канал Дніпро-Донбас, 0,5 км, с. Шульгівка, після ГВК Дніпро-Донбас",Дніпро,SRC003,2012-12-31_2015-12-31_output,ratio_to_geometric_neighbor_center=28.6217; neighbor_ratio=5,retain_unchanged,screening_only,,,,
SWM_27063_20150907,27063,2015-09-07,Nitrit,mg/dm3,0.001,DQ005_TEMPORAL_ISOLATED_EXTREME,review,Value differs >=20-fold from the geometric mean of adjacent observations; both neighbors are within 5-fold and within 180 days.,0.064,0.017,"канал Дніпро-Донбас, 0,5 км, с. Шульгівка, після ГВК Дніпро-Донбас",Дніпро,SRC003,2012-12-31_2015-12-31_output,ratio_to_geometric_neighbor_center=0.030317; neighbor_ratio=3.76,retain_unchanged,screening_only,,,,
SWM_26990_20150922,26990,2015-09-22,Nitrit,mg/dm3,0.96,DQ005_TEMPORAL_ISOLATED_EXTREME,review,Value differs >=20-fold from the geometric mean of adjacent observations; both neighbors are within 5-fold and within 180 days.,0.01,0.02,"р. Бобрик, 9 км, смт. Середина-Буда, нижче очисних споруд, а/д міст",Дніпро,SRC003,2012-12-31_2015-12-31_output,ratio_to_geometric_neighbor_center=67.8823; neighbor_ratio=2,retain_unchanged,screening_only,,,,
SWM_27067_20151001,27067,2015-10-01,Nitrit,mg/dm3,0.352,DQ005_TEMPORAL_ISOLATED_EXTREME,review,Value differs >=20-fold from the geometric mean of adjacent observations; both neighbors are within 5-fold and within 180 days.,0.002,0.003,"канал Дніпро-Донбас, 214 км, м. Харків, Краснопавлівське водосховище, в/з міста",Дніпро,SRC003,2012-12-31_2015-12-31_output,ratio_to_geometric_neighbor_center=143.703; neighbor_ratio=1.5,retain_unchanged,screening_only,,,,
SWM_27268_20151012,27268,2015-10-12,Fosfat,mg/dm3,0.1,DQ005_TEMPORAL_ISOLATED_EXTREME,review,Value differs >=20-fold from the geometric mean of adjacent observations; both neighbors are within 5-fold and within 180 days.,1.823,2.354,"р. Кучурган, 0 км, с. Кучургани, Кучурганське вдсх., на східному березі вдсх, 2 км нижче мосту через річку",Дністер,SRC003,2012-12-31_2015-12-31_output,ratio_to_geometric_neighbor_center=0.0482729; neighbor_ratio=1.29,retain_unchanged,screening_only,,,,
SWM_27264_20151013,27264,2015-10-13,Fosfat,mg/dm3,0.026,DQ005_TEMPORAL_ISOLATED_EXTREME,review,Value differs >=20-fold from the geometric mean of adjacent observations; both neighbors are within 5-fold and within 180 days.,2.11,1.31,"р. Ягорлик, 20,2 км, с. Артирівка, кордон з Молдовою",Дністер,SRC003,2012-12-31_2015-12-31_output,ratio_to_geometric_neighbor_center=0.0156385; neighbor_ratio=1.61,retain_unchanged,screening_only,,,,
SWM_27360_20151014,27360,2015-10-14,Fosfat,mg/dm3,0.025,DQ005_TEMPORAL_ISOLATED_EXTREME,review,Value differs >=20-fold from the geometric mean of adjacent observations; both neighbors are within 5-fold and within 180 days.,1.94,0.768,"р. Тілігул, 17,5 км, смт. Березівка",Річки Причорномор'я,SRC003,2012-12-31_2015-12-31_output,ratio_to_geometric_neighbor_center=0.0204813; neighbor_ratio=2.53,retain_unchanged,screening_only,,,,
SWM_27157_20151015,27157,2015-10-15,Fosfat,mg/dm3,0.01,DQ005_TEMPORAL_ISOLATED_EXTREME,review,Value differs >=20-fold from the geometric mean of adjacent observations; both neighbors are within 5-fold and within 180 days.,0.33,0.36,"р. Чорний Ташлик, 89 км, с. Звірівка, Новоукраїнського району",Південний Буг,SRC003,2012-12-31_2015-12-31_output,ratio_to_geometric_neighbor_center=0.0290129; neighbor_ratio=1.09,retain_unchanged,screening_only,,,,
SWM_27262_20151020,27262,2015-10-20,Hlorid,mg/dm3,26.59,DQ005_TEMPORAL_ISOLATED_EXTREME,review,Value differs >=20-fold from the geometric mean of adjacent observations; both neighbors are within 5-fold and within 180 days.,734.3,748.2,"р. Білоч, 15 км, с. Шершенці, кордон з Молдовою",Дністер,SRC003,2012-12-31_2015-12-31_output,ratio_to_geometric_neighbor_center=0.0358734; neighbor_ratio=1.02,retain_unchanged,screening_only,,,,
SWM_27263_20151020,27263,2015-10-20,Hlorid,mg/dm3,44.31,DQ005_TEMPORAL_ISOLATED_EXTREME,review,Value differs >=20-fold from the geometric mean of adjacent observations; both neighbors are within 5-fold and within 180 days.,981.9,987.7,"р. Окни, 28 км, с. Лабушне, кордон з Молдовою",Дністер,SRC003,2012-12-31_2015-12-31_output,ratio_to_geometric_neighbor_center=0.0449941; neighbor_ratio=1.01,retain_unchanged,screening_only,,,,
SWM_27263_20151020,27263,2015-10-20,Fosfat,mg/dm3,0.038,DQ005_TEMPORAL_ISOLATED_EXTREME,review,Value differs >=20-fold from the geometric mean of adjacent observations; both neighbors are within 5-fold and within 180 days.,1.685,0.429,"р. Окни, 28 км, с. Лабушне, кордон з Молдовою",Дністер,SRC003,2012-12-31_2015-12-31_output,ratio_to_geometric_neighbor_center=0.0446946; neighbor_ratio=3.93,retain_unchanged,screening_only,,,,
SWM_27227_20151104,27227,2015-11-04,Azot,mg/dm3,10.7,DQ005_TEMPORAL_ISOLATED_EXTREME,review,Value differs >=20-fold from the geometric mean of adjacent observations; both neighbors are within 5-fold and within 180 days.,0.1,0.49,"р. Дністер, 675 км, Дністровське вдсх, в/б'єф, пр. берег, 500 м вище греблі ГЕС - 1",Дністер,SRC003,2012-12-31_2015-12-31_output,ratio_to_geometric_neighbor_center=48.3377; neighbor_ratio=4.9,retain_unchanged,screening_only,,,,
SWM_27309_20151104,27309,2015-11-04,Amoniy,mg/dm3,0.008,DQ005_TEMPORAL_ISOLATED_EXTREME,review,Value differs >=20-fold from the geometric mean of adjacent observations; both neighbors are within 5-fold and within 180 days.,0.3,0.144,"р. Прут, 759 км, с. Магала, лівий берег, 3 км нижче мосту по дорозі Чернівці-Хотин, 600 м нище скиду стічних вод м. Чернівці",Дунай,SRC003,2012-12-31_2015-12-31_output,ratio_to_geometric_neighbor_center=0.03849; neighbor_ratio=2.08,retain_unchanged,screening_only,,,,
SWM_27070_20151111,27070,2015-11-11,Fitoplan,thousand cells/dm3,748.0,DQ005_TEMPORAL_ISOLATED_EXTREME,review,Value differs >=20-fold from the geometric mean of adjacent observations; both neighbors are within 5-fold and within 180 days.,40865.0,16742.0,"канал Дніпро-Донбас, 256 км, с. Грушеваха",Дніпро,SRC003,2012-12-31_2015-12-31_output,ratio_to_geometric_neighbor_center=0.0285971; neighbor_ratio=2.44,retain_unchanged,screening_only,,,,
SWM_27027_20151208,27027,2015-12-08,Nitrat,mg/dm3,64.0,DQ005_TEMPORAL_ISOLATED_EXTREME,review,Value differs >=20-fold from the geometric mean of adjacent observations; both neighbors are within 5-fold and within 180 days.,2.2,4.2,"р. Рось, 64 км,   м.Корсунь-Шевченківський, питний в/з",Дніпро,SRC003,2012-12-31_2015-12-31_output,ratio_to_geometric_neighbor_center=21.0545; neighbor_ratio=1.91,retain_unchanged,screening_only,,,,
SWM_27226_20160112,27226,2016-01-12,Nitrat,mg/dm3,0.01,DQ005_TEMPORAL_ISOLATED_EXTREME,review,Value differs >=20-fold from the geometric mean of adjacent observations; both neighbors are within 5-fold and within 180 days.,0.63,0.5,"р. Дністер, 708 км, с. Кормань, Дністровське вдсх., пр. берег, безпосередньо в районі насосної станції водозабору",Дністер,SRC004,2016-01-01_2018-12-31_output,ratio_to_geometric_neighbor_center=0.0178174; neighbor_ratio=1.26,retain_unchanged,screening_only,,,,
SWM_27226_20160112,27226,2016-01-12,Nitrit,mg/dm3,0.509,DQ005_TEMPORAL_ISOLATED_EXTREME,review,Value differs >=20-fold from the geometric mean of adjacent observations; both neighbors are within 5-fold and within 180 days.,0.014,0.004,"р. Дністер, 708 км, с. Кормань, Дністровське вдсх., пр. берег, безпосередньо в районі насосної станції водозабору",Дністер,SRC004,2016-01-01_2018-12-31_output,ratio_to_geometric_neighbor_center=68.018; neighbor_ratio=3.5,retain_unchanged,screening_only,,,,
SWM_27228_20160113,27228,2016-01-13,Nitrat,mg/dm3,0.01,DQ005_TEMPORAL_ISOLATED_EXTREME,review,Value differs >=20-fold from the geometric mean of adjacent observations; both neighbors are within 5-fold and within 180 days.,0.45,0.49,"р. Дністер, 674 км, Дністровське вдсх, н/б'єф, пр. берег, 500 м нижче греблі ГЕС - 1",Дністер,SRC004,2016-01-01_2018-12-31_output,ratio_to_geometric_neighbor_center=0.0212959; neighbor_ratio=1.09,retain_unchanged,screening_only,,,,
SWM_27228_20160113,27228,2016-01-13,Nitrit,mg/dm3,0.59,DQ005_TEMPORAL_ISOLATED_EXTREME,review,Value differs >=20-fold from the geometric mean of adjacent observations; both neighbors are within 5-fold and within 180 days.,0.009,0.003,"р. Дністер, 674 км, Дністровське вдсх, н/б'єф, пр. берег, 500 м нижче греблі ГЕС - 1",Дністер,SRC004,2016-01-01_2018-12-31_output,ratio_to_geometric_neighbor_center=113.546; neighbor_ratio=3,retain_unchanged,screening_only,,,,
SWM_27262_20160127,27262,2016-01-27,Hlorid,mg/dm3,748.2,DQ005_TEMPORAL_ISOLATED_EXTREME,review,Value differs >=20-fold from the geometric mean of adjacent observations; both neighbors are within 5-fold and within 180 days.,26.59,44.31,"р. Білоч, 15 км, с. Шершенці, кордон з Молдовою",Дністер,SRC004,2016-01-01_2018-12-31_output,ratio_to_geometric_neighbor_center=21.7975; neighbor_ratio=1.67,retain_unchanged,screening_only,,,,
SWM_27347_20160210,27347,2016-02-10,SPAR,mg/dm3,0.01,DQ005_TEMPORAL_ISOLATED_EXTREME,review,Value differs >=20-fold from the geometric mean of adjacent observations; both neighbors are within 5-fold and within 180 days.,0.332,0.3,"оз. Сасик, 0 км, с. Трапівка, ГНС-2",Річки Причорномор'я,SRC004,2016-01-01_2018-12-31_output,ratio_to_geometric_neighbor_center=0.0316862; neighbor_ratio=1.11,retain_unchanged,screening_only,,,,
SWM_27317_20160212,27317,2016-02-12,SPAR,mg/dm3,0.64,DQ005_TEMPORAL_ISOLATED_EXTREME,review,Value differs >=20-fold from the geometric mean of adjacent observations; both neighbors are within 5-fold and within 180 days.,0.049,0.018,"р. В.Ялпуг, 5,4 км, с. Табаки Болградського р-ну,  впадає в оз.Ялпуг, кордон з Молдовою",Дунай,SRC004,2016-01-01_2018-12-31_output,ratio_to_geometric_neighbor_center=21.5499; neighbor_ratio=2.72,retain_unchanged,screening_only,,,,
SWM_27360_20160215,27360,2016-02-15,BSK5,mgO2/dm3,84.0,DQ005_TEMPORAL_ISOLATED_EXTREME,review,Value differs >=20-fold from the geometric mean of adjacent observations; both neighbors are within 5-fold and within 180 days.,3.25,2.35,"р. Тілігул, 17,5 км, смт. Березівка",Річки Причорномор'я,SRC004,2016-01-01_2018-12-31_output,ratio_to_geometric_neighbor_center=30.3951; neighbor_ratio=1.38,retain_unchanged,screening_only,,,,
SWM_27176_20160309,27176,2016-03-09,Fitoplan,thousand cells/dm3,8767.0,DQ005_TEMPORAL_ISOLATED_EXTREME,review,Value differs >=20-fold from the geometric mean of adjacent observations; both neighbors are within 5-fold and within 180 days.,429.0,297.0,"р. Сіверський Донець, 640 км, с.Петровське, вище каналу Дніпро-Донбас, міст",Дон,SRC004,2016-01-01_2018-12-31_output,ratio_to_geometric_neighbor_center=24.5609; neighbor_ratio=1.44,retain_unchanged,screening_only,,,,
SWM_27153_20160311,27153,2016-03-11,Nitrit,mg/dm3,0.06,DQ005_TEMPORAL_ISOLATED_EXTREME,review,Value differs >=20-fold from the geometric mean of adjacent observations; both neighbors are within 5-fold and within 180 days.,4.0,0.9,"р. Кодима, 103 км, м. Балта, сільгосп. в/з",Південний Буг,SRC004,2016-01-01_2018-12-31_output,ratio_to_geometric_neighbor_center=0.0316228; neighbor_ratio=4.44,retain_unchanged,screening_only,,,,
SWM_27251_20160401,27251,2016-04-01,Nitrat,mg/dm3,0.01,DQ005_TEMPORAL_ISOLATED_EXTREME,review,Value differs >=20-fold from the geometric mean of adjacent observations; both neighbors are within 5-fold and within 180 days.,0.7,0.36,"р. Коропець, 71 км, смт. Козіве, Козівське вдсх, с/г в/з",Дністер,SRC004,2016-01-01_2018-12-31_output,ratio_to_geometric_neighbor_center=0.0199205; neighbor_ratio=1.94,retain_unchanged,screening_only,,,,
SWM_27062_20160407,27062,2016-04-07,Fosfat,mg/dm3,17.8,DQ005_TEMPORAL_ISOLATED_EXTREME,review,Value differs >=20-fold from the geometric mean of adjacent observations; both neighbors are within 5-fold and within 180 days.,0.45,1.75,"р. Ворсклиця, 51 км, с. Пожня, Великописарівського р-ну,  а/д міст",Дніпро,SRC004,2016-01-01_2018-12-31_output,ratio_to_geometric_neighbor_center=20.0583; neighbor_ratio=3.89,retain_unchanged,screening_only,,,,
SWM_27360_20160413,27360,2016-04-13,BSK5,mgO2/dm3,2.35,DQ005_TEMPORAL_ISOLATED_EXTREME,review,Value differs >=20-fold from the geometric mean of adjacent observations; both neighbors are within 5-fold and within 180 days.,84.0,93.0,"р. Тілігул, 17,5 км, смт. Березівка",Річки Причорномор'я,SRC004,2016-01-01_2018-12-31_output,ratio_to_geometric_neighbor_center=0.0265881; neighbor_ratio=1.11,retain_unchanged,screening_only,,,,
SWM_27358_20160418,27358,2016-04-18,Zavisli,mg/dm3,1.0,DQ005_TEMPORAL_ISOLATED_EXTREME,review,Value differs >=20-fold from the geometric mean of adjacent observations; both neighbors are within 5-fold and within 180 days.,25.0,105.0,"р. В.Куяльник, 8,2 км, с. Руська Слобідка",Річки Причорномор'я,SRC004,2016-01-01_2018-12-31_output,ratio_to_geometric_neighbor_center=0.019518; neighbor_ratio=4.2,retain_unchanged,screening_only,,,,
SWM_27065_20160419,27065,2016-04-19,Nitrat,mg/dm3,12.071,DQ005_TEMPORAL_ISOLATED_EXTREME,review,Value differs >=20-fold from the geometric mean of adjacent observations; both neighbors are within 5-fold and within 180 days.,0.529,0.608,"канал Дніпро-Донбас, 170 км, с.Орілька, Орільське водосховище, шлюзовий попуск",Дніпро,SRC004,2016-01-01_2018-12-31_output,ratio_to_geometric_neighbor_center=21.2845; neighbor_ratio=1.15,retain_unchanged,screening_only,,,,
SWM_27321_20160419,27321,2016-04-19,HSK,mgO2/dm3,21401.0,DQ005_TEMPORAL_ISOLATED_EXTREME,review,Value differs >=20-fold from the geometric mean of adjacent observations; both neighbors are within 5-fold and within 180 days.,132.0,109.6,"р. В.Катлабух, 2 км, а/д міст",Дунай,SRC004,2016-01-01_2018-12-31_output,ratio_to_geometric_neighbor_center=177.927; neighbor_ratio=1.2,retain_unchanged,screening_only,,,,
SWM_27139_20160505,27139,2016-05-05,Nitrat,mg/dm3,0.19,DQ005_TEMPORAL_ISOLATED_EXTREME,review,Value differs >=20-fold from the geometric mean of adjacent observations; both neighbors are within 5-fold and within 180 days.,5.0,8.3,"р. Південний Буг, 537 км, смт. Сутиски, Сутиське вдсх., н/б'єф",Південний Буг,SRC004,2016-01-01_2018-12-31_output,ratio_to_geometric_neighbor_center=0.0294937; neighbor_ratio=1.66,retain_unchanged,screening_only,,,,
SWM_27139_20160505,27139,2016-05-05,Nitrit,mg/dm3,0.02,DQ005_TEMPORAL_ISOLATED_EXTREME,review,Value differs >=20-fold from the geometric mean of adjacent observations; both neighbors are within 5-fold and within 180 days.,0.2,0.84,"р. Південний Буг, 537 км, смт. Сутиски, Сутиське вдсх., н/б'єф",Південний Буг,SRC004,2016-01-01_2018-12-31_output,ratio_to_geometric_neighbor_center=0.048795; neighbor_ratio=4.2,retain_unchanged,screening_only,,,,
SWM_27131_20160516,27131,2016-05-16,Fosfat,mg/dm3,0.004,DQ005_TEMPORAL_ISOLATED_EXTREME,review,Value differs >=20-fold from the geometric mean of adjacent observations; both neighbors are within 5-fold and within 180 days.,0.112,0.284,"р. Південний Буг, 755 км, м. Хмельницький , Хмельницьке вдсх.",Південний Буг,SRC004,2016-01-01_2018-12-31_output,ratio_to_geometric_neighbor_center=0.0224281; neighbor_ratio=2.54,retain_unchanged,screening_only,,,,
SWM_26971_20160517,26971,2016-05-17,Nitrit,mg/dm3,1.97,DQ005_TEMPORAL_ISOLATED_EXTREME,review,Value differs >=20-fold from the geometric mean of adjacent observations; both neighbors are within 5-fold and within 180 days.,0.07,0.03,"р. Ірпінь, 28 км, смт. Гостомель, вплив вод р. Буча",Дніпро,SRC004,2016-01-01_2018-12-31_output,ratio_to_geometric_neighbor_center=42.9889; neighbor_ratio=2.33,retain_unchanged,screening_only,,,,
SWM_26996_20160606,26996,2016-06-06,Fosfat,mg/dm3,87.0,DQ005_TEMPORAL_ISOLATED_EXTREME,review,Value differs >=20-fold from the geometric mean of adjacent observations; both neighbors are within 5-fold and within 180 days.,0.82,0.36,"р. Івотка, 20 км, с. Івот, а/д міст",Дніпро,SRC004,2016-01-01_2018-12-31_output,ratio_to_geometric_neighbor_center=160.126; neighbor_ratio=2.28,retain_unchanged,screening_only,,,,
SWM_27227_20160607,27227,2016-06-07,Azot,mg/dm3,0.04,DQ005_TEMPORAL_ISOLATED_EXTREME,review,Value differs >=20-fold from the geometric mean of adjacent observations; both neighbors are within 5-fold and within 180 days.,0.89,0.94,"р. Дністер, 675 км, Дністровське вдсх, в/б'єф, пр. берег, 500 м вище греблі ГЕС - 1",Дністер,SRC004,2016-01-01_2018-12-31_output,ratio_to_geometric_neighbor_center=0.0437322; neighbor_ratio=1.06,retain_unchanged,screening_only,,,,
SWM_27176_20160621,27176,2016-06-21,Fitoplan,thousand cells/dm3,297.0,DQ005_TEMPORAL_ISOLATED_EXTREME,review,Value differs >=20-fold from the geometric mean of adjacent observations; both neighbors are within 5-fold and within 180 days.,8767.0,24618.0,"р. Сіверський Донець, 640 км, с.Петровське, вище каналу Дніпро-Донбас, міст",Дон,SRC004,2016-01-01_2018-12-31_output,ratio_to_geometric_neighbor_center=0.0202164; neighbor_ratio=2.81,retain_unchanged,screening_only,,,,
SWM_27177_20160621,27177,2016-06-21,Fitoplan,thousand cells/dm3,528.0,DQ005_TEMPORAL_ISOLATED_EXTREME,review,Value differs >=20-fold from the geometric mean of adjacent observations; both neighbors are within 5-fold and within 180 days.,10494.0,29150.0,"р. Сіверський Донець, 630 км, с.Червоний Шахтар, нижче впадіння каналу Дніпро-Донбас",Дон,SRC004,2016-01-01_2018-12-31_output,ratio_to_geometric_neighbor_center=0.0301887; neighbor_ratio=2.78,retain_unchanged,screening_only,,,,
SWM_27260_20160804,27260,2016-08-04,Amoniy,mg/dm3,0.01,DQ005_TEMPORAL_ISOLATED_EXTREME,review,Value differs >=20-fold from the geometric mean of adjacent observations; both neighbors are within 5-fold and within 180 days.,0.26,0.36,"р. Збруч, 137 км, м. Підволочиськ, в/з",Дністер,SRC004,2016-01-01_2018-12-31_output,ratio_to_geometric_neighbor_center=0.032686; neighbor_ratio=1.38,retain_unchanged,screening_only,,,,
SWM_26955_20160805,26955,2016-08-05,Nitrat,mg/dm3,0.06,DQ005_TEMPORAL_ISOLATED_EXTREME,review,Value differs >=20-fold from the geometric mean of adjacent observations; both neighbors are within 5-fold and within 180 days.,1.68,1.15,"р. Ствига, 95 км, с. Познань, кордон з Білоруссю",Дніпро,SRC004,2016-01-01_2018-12-31_output,ratio_to_geometric_neighbor_center=0.0431666; neighbor_ratio=1.46,retain_unchanged,screening_only,,,,
SWM_26971_20160808,26971,2016-08-08,Nitrit,mg/dm3,0.03,DQ005_TEMPORAL_ISOLATED_EXTREME,review,Value differs >=20-fold from the geometric mean of adjacent observations; both neighbors are within 5-fold and within 180 days.,1.97,1.73,"р. Ірпінь, 28 км, смт. Гостомель, вплив вод р. Буча",Дніпро,SRC004,2016-01-01_2018-12-31_output,ratio_to_geometric_neighbor_center=0.0162504; neighbor_ratio=1.14,retain_unchanged,screening_only,,,,
SWM_27266_20160808,27266,2016-08-08,BSK5,mgO2/dm3,4.07,DQ005_TEMPORAL_ISOLATED_EXTREME,review,Value differs >=20-fold from the geometric mean of adjacent observations; both neighbors are within 5-fold and within 180 days.,66.6,199.0,"р. Кучурган, 6 км, с. Степанівка, впадає в Кучурганський лиман, кордон з Молдовою",Дністер,SRC004,2016-01-01_2018-12-31_output,ratio_to_geometric_neighbor_center=0.0353534; neighbor_ratio=2.99,retain_unchanged,screening_only,,,,
SWM_27266_20160808,27266,2016-08-08,Fosfat,mg/dm3,0.005,DQ005_TEMPORAL_ISOLATED_EXTREME,review,Value differs >=20-fold from the geometric mean of adjacent observations; both neighbors are within 5-fold and within 180 days.,0.91,0.929,"р. Кучурган, 6 км, с. Степанівка, впадає в Кучурганський лиман, кордон з Молдовою",Дністер,SRC004,2016-01-01_2018-12-31_output,ratio_to_geometric_neighbor_center=0.00543803; neighbor_ratio=1.02,retain_unchanged,screening_only,,,,
SWM_27348_20160810,27348,2016-08-10,BSK5,mgO2/dm3,106.0,DQ005_TEMPORAL_ISOLATED_EXTREME,review,Value differs >=20-fold from the geometric mean of adjacent observations; both neighbors are within 5-fold and within 180 days.,1.4,3.8,"р. Сарата, 14,3 км, с. Білолісся",Річки Причорномор'я,SRC004,2016-01-01_2018-12-31_output,ratio_to_geometric_neighbor_center=45.9568; neighbor_ratio=2.71,retain_unchanged,screening_only,,,,
SWM_27067_20160901,27067,2016-09-01,Nitrit,mg/dm3,0.381,DQ005_TEMPORAL_ISOLATED_EXTREME,review,Value differs >=20-fold from the geometric mean of adjacent observations; both neighbors are within 5-fold and within 180 days.,0.007,0.011,"канал Дніпро-Донбас, 214 км, м. Харків, Краснопавлівське водосховище, в/з міста",Дніпро,SRC004,2016-01-01_2018-12-31_output,ratio_to_geometric_neighbor_center=43.419; neighbor_ratio=1.57,retain_unchanged,screening_only,,,,
SWM_27176_20160901,27176,2016-09-01,Fitoplan,thousand cells/dm3,24618.0,DQ005_TEMPORAL_ISOLATED_EXTREME,review,Value differs >=20-fold from the geometric mean of adjacent observations; both neighbors are within 5-fold and within 180 days.,297.0,1012.0,"р. Сіверський Донець, 640 км, с.Петровське, вище каналу Дніпро-Донбас, міст",Дон,SRC004,2016-01-01_2018-12-31_output,ratio_to_geometric_neighbor_center=44.9039; neighbor_ratio=3.41,retain_unchanged,screening_only,,,,
SWM_27177_20160901,27177,2016-09-01,Fitoplan,thousand cells/dm3,29150.0,DQ005_TEMPORAL_ISOLATED_EXTREME,review,Value differs >=20-fold from the geometric mean of adjacent observations; both neighbors are within 5-fold and within 180 days.,528.0,1562.0,"р. Сіверський Донець, 630 км, с.Червоний Шахтар, нижче впадіння каналу Дніпро-Донбас",Дон,SRC004,2016-01-01_2018-12-31_output,ratio_to_geometric_neighbor_center=32.0982; neighbor_ratio=2.96,retain_unchanged,screening_only,,,,
SWM_27208_20160912,27208,2016-09-12,Fitoplan,thousand cells/dm3,38148.0,DQ005_TEMPORAL_ISOLATED_EXTREME,review,Value differs >=20-fold from the geometric mean of adjacent observations; both neighbors are within 5-fold and within 180 days.,671.0,1958.0,"р. Клебан Бик, 2 км, Клєбан-Бикське вдсх, н/б'єф",Дон,SRC004,2016-01-01_2018-12-31_output,ratio_to_geometric_neighbor_center=33.2816; neighbor_ratio=2.92,retain_unchanged,screening_only,,,,
SWM_27225_20160923,27225,2016-09-23,Permanganat,mgO2/dm3,0.16,DQ005_TEMPORAL_ISOLATED_EXTREME,review,Value differs >=20-fold from the geometric mean of adjacent observations; both neighbors are within 5-fold and within 180 days.,4.04,5.98,"р. Дністер, 783 км, м. Кам'янець-Подільський, Дністровське вдсх., питний водозабір міста",Дністер,SRC004,2016-01-01_2018-12-31_output,ratio_to_geometric_neighbor_center=0.0325521; neighbor_ratio=1.48,retain_unchanged,screening_only,,,,
SWM_27234_20161004,27234,2016-10-04,Kisen,mg/dm3,0.22,DQ005_TEMPORAL_ISOLATED_EXTREME,review,Value differs >=20-fold from the geometric mean of adjacent observations; both neighbors are within 5-fold and within 180 days.,5.2,5.3,"р. Зубра, 30 км, с. Зубра, Пустомитівський р-н (біля кільцевої дороги)",Дністер,SRC004,2016-01-01_2018-12-31_output,ratio_to_geometric_neighbor_center=0.0419067; neighbor_ratio=1.02,retain_unchanged,screening_only,,,,
SWM_27119_20161011,27119,2016-10-11,Nitrat,mg/dm3,24.86,DQ005_TEMPORAL_ISOLATED_EXTREME,review,Value differs >=20-fold from the geometric mean of adjacent observations; both neighbors are within 5-fold and within 180 days.,0.94,0.81,"р. Інгулець, 373 км, с. Іскрівка, нижче впадіння р. Жовта",Дніпро,SRC004,2016-01-01_2018-12-31_output,ratio_to_geometric_neighbor_center=28.4901; neighbor_ratio=1.16,retain_unchanged,screening_only,,,,
SWM_27155_20161011,27155,2016-10-11,Fosfat,mg/dm3,0.02,DQ005_TEMPORAL_ISOLATED_EXTREME,review,Value differs >=20-fold from the geometric mean of adjacent observations; both neighbors are within 5-fold and within 180 days.,1.55,0.35,"р. Велика Вись, 95 км, с. Лікареве, Новомиргородського р-ну",Південний Буг,SRC004,2016-01-01_2018-12-31_output,ratio_to_geometric_neighbor_center=0.0271538; neighbor_ratio=4.43,retain_unchanged,screening_only,,,,
SWM_27264_20161012,27264,2016-10-12,BSK5,mgO2/dm3,88.6,DQ005_TEMPORAL_ISOLATED_EXTREME,review,Value differs >=20-fold from the geometric mean of adjacent observations; both neighbors are within 5-fold and within 180 days.,2.45,1.0,"р. Ягорлик, 20,2 км, с. Артирівка, кордон з Молдовою",Дністер,SRC004,2016-01-01_2018-12-31_output,ratio_to_geometric_neighbor_center=56.6045; neighbor_ratio=2.45,retain_unchanged,screening_only,,,,
SWM_27264_20161012,27264,2016-10-12,Fosfat,mg/dm3,1.495,DQ005_TEMPORAL_ISOLATED_EXTREME,review,Value differs >=20-fold from the geometric mean of adjacent observations; both neighbors are within 5-fold and within 180 days.,0.043,0.05,"р. Ягорлик, 20,2 км, с. Артирівка, кордон з Молдовою",Дністер,SRC004,2016-01-01_2018-12-31_output,ratio_to_geometric_neighbor_center=32.242; neighbor_ratio=1.16,retain_unchanged,screening_only,,,,
SWM_27251_20161115,27251,2016-11-15,Fosfat,mg/dm3,0.86,DQ005_TEMPORAL_ISOLATED_EXTREME,review,Value differs >=20-fold from the geometric mean of adjacent observations; both neighbors are within 5-fold and within 180 days.,0.04,0.04,"р. Коропець, 71 км, смт. Козіве, Козівське вдсх, с/г в/з",Дністер,SRC004,2016-01-01_2018-12-31_output,ratio_to_geometric_neighbor_center=21.5; neighbor_ratio=1,retain_unchanged,screening_only,,,,
SWM_26971_20161212,26971,2016-12-12,Nitrit,mg/dm3,1.73,DQ005_TEMPORAL_ISOLATED_EXTREME,review,Value differs >=20-fold from the geometric mean of adjacent observations; both neighbors are within 5-fold and within 180 days.,0.03,0.07,"р. Ірпінь, 28 км, смт. Гостомель, вплив вод р. Буча",Дніпро,SRC004,2016-01-01_2018-12-31_output,ratio_to_geometric_neighbor_center=37.7517; neighbor_ratio=2.33,retain_unchanged,screening_only,,,,
SWM_27209_20170112,27209,2017-01-12,Fitoplan,thousand cells/dm3,715.0,DQ005_TEMPORAL_ISOLATED_EXTREME,review,Value differs >=20-fold from the geometric mean of adjacent observations; both neighbors are within 5-fold and within 180 days.,36718.0,9515.0,"р. Бахмут, 2 км, с. Дронівка, гирло, міста,міст",Дон,SRC004,2016-01-01_2018-12-31_output,ratio_to_geometric_neighbor_center=0.0382527; neighbor_ratio=3.86,retain_unchanged,screening_only,,,,
SWM_27180_20170201,27180,2017-02-01,Fitoplan,thousand cells/dm3,253.0,DQ005_TEMPORAL_ISOLATED_EXTREME,review,Value differs >=20-fold from the geometric mean of adjacent observations; both neighbors are within 5-fold and within 180 days.,32450.0,11374.0,"р. Сіверський Донець, 573 км, с.Єремівка, кордон Донецької  і Харківської  областей",Дон,SRC004,2016-01-01_2018-12-31_output,ratio_to_geometric_neighbor_center=0.0131691; neighbor_ratio=2.85,retain_unchanged,screening_only,,,,
SWM_27181_20170201,27181,2017-02-01,Fitoplan,thousand cells/dm3,220.0,DQ005_TEMPORAL_ISOLATED_EXTREME,review,Value differs >=20-fold from the geometric mean of adjacent observations; both neighbors are within 5-fold and within 180 days.,50809.0,10538.0,"р. Сіверський Донець, 522 км, м.Слов""янськ, Райгородська гребля, питний водозабір  у канал ""Сіверський Донець-Донбас""",Дон,SRC004,2016-01-01_2018-12-31_output,ratio_to_geometric_neighbor_center=0.00950765; neighbor_ratio=4.82,retain_unchanged,screening_only,,,,
SWM_27200_20170201,27200,2017-02-01,Fitoplan,thousand cells/dm3,209.0,DQ005_TEMPORAL_ISOLATED_EXTREME,review,Value differs >=20-fold from the geometric mean of adjacent observations; both neighbors are within 5-fold and within 180 days.,28116.0,10120.0,"р. Оскіл, 11 км, Червонооскільське вдсх,  н/б'єф",Дон,SRC004,2016-01-01_2018-12-31_output,ratio_to_geometric_neighbor_center=0.0123902; neighbor_ratio=2.78,retain_unchanged,screening_only,,,,
SWM_27226_20170206,27226,2017-02-06,Nitrat,mg/dm3,0.004,DQ005_TEMPORAL_ISOLATED_EXTREME,review,Value differs >=20-fold from the geometric mean of adjacent observations; both neighbors are within 5-fold and within 180 days.,0.53,0.54,"р. Дністер, 708 км, с. Кормань, Дністровське вдсх., пр. берег, безпосередньо в районі насосної станції водозабору",Дністер,SRC004,2016-01-01_2018-12-31_output,ratio_to_geometric_neighbor_center=0.00747696; neighbor_ratio=1.02,retain_unchanged,screening_only,,,,
SWM_27226_20170206,27226,2017-02-06,Nitrit,mg/dm3,0.49,DQ005_TEMPORAL_ISOLATED_EXTREME,review,Value differs >=20-fold from the geometric mean of adjacent observations; both neighbors are within 5-fold and within 180 days.,0.001,0.004,"р. Дністер, 708 км, с. Кормань, Дністровське вдсх., пр. берег, безпосередньо в районі насосної станції водозабору",Дністер,SRC004,2016-01-01_2018-12-31_output,ratio_to_geometric_neighbor_center=245; neighbor_ratio=4,retain_unchanged,screening_only,,,,
SWM_26981_20170214,26981,2017-02-14,Fosfat,mg/dm3,7.5,DQ005_TEMPORAL_ISOLATED_EXTREME,review,Value differs >=20-fold from the geometric mean of adjacent observations; both neighbors are within 5-fold and within 180 days.,0.49,0.26,"р. Дніпро, 739 км, м. Канів, н/б Канівської ГЕС, 2 км нижче греблі",Дніпро,SRC004,2016-01-01_2018-12-31_output,ratio_to_geometric_neighbor_center=21.0124; neighbor_ratio=1.88,retain_unchanged,screening_only,,,,
SWM_27328_20170216,27328,2017-02-16,SPAR,mg/dm3,0.73,DQ005_TEMPORAL_ISOLATED_EXTREME,review,Value differs >=20-fold from the geometric mean of adjacent observations; both neighbors are within 5-fold and within 180 days.,0.053,0.025,"р. Киргиж-Китай, 49 км, с. М. Ярославець, кордон з Молдовою",Дунай,SRC004,2016-01-01_2018-12-31_output,ratio_to_geometric_neighbor_center=20.0546; neighbor_ratio=2.12,retain_unchanged,screening_only,,,,
SWM_27066_20170217,27066,2017-02-17,Nitrit,mg/dm3,0.004,DQ005_TEMPORAL_ISOLATED_EXTREME,review,Value differs >=20-fold from the geometric mean of adjacent observations; both neighbors are within 5-fold and within 180 days.,0.107,0.22,"канал Дніпро-Донбас, 181 км, р.Орілька, міст, 1,5 км від гирла,",Дніпро,SRC004,2016-01-01_2018-12-31_output,ratio_to_geometric_neighbor_center=0.0260709; neighbor_ratio=2.06,retain_unchanged,screening_only,,,,
SWM_27265_20170223,27265,2017-02-23,Zavisli,mg/dm3,0.1,DQ005_TEMPORAL_ISOLATED_EXTREME,review,Value differs >=20-fold from the geometric mean of adjacent observations; both neighbors are within 5-fold and within 180 days.,24.0,31.0,"р. Турунчук, 47 км, с. Троїцьке, (рукав Дністра), міст",Дністер,SRC004,2016-01-01_2018-12-31_output,ratio_to_geometric_neighbor_center=0.00366618; neighbor_ratio=1.29,retain_unchanged,screening_only,,,,
SWM_27267_20170223,27267,2017-02-23,Zavisli,mg/dm3,0.2,DQ005_TEMPORAL_ISOLATED_EXTREME,review,Value differs >=20-fold from the geometric mean of adjacent observations; both neighbors are within 5-fold and within 180 days.,15.0,42.0,"р. Кучурган, 0 км, с. Граданиці, Кучурганське вдсх., 1 км по дамбі від села",Дністер,SRC004,2016-01-01_2018-12-31_output,ratio_to_geometric_neighbor_center=0.00796819; neighbor_ratio=2.8,retain_unchanged,screening_only,,,,
SWM_27066_20170313,27066,2017-03-13,Nitrit,mg/dm3,0.22,DQ005_TEMPORAL_ISOLATED_EXTREME,review,Value differs >=20-fold from the geometric mean of adjacent observations; both neighbors are within 5-fold and within 180 days.,0.004,0.002,"канал Дніпро-Донбас, 181 км, р.Орілька, міст, 1,5 км від гирла,",Дніпро,SRC004,2016-01-01_2018-12-31_output,ratio_to_geometric_neighbor_center=77.7817; neighbor_ratio=2,retain_unchanged,screening_only,,,,
SWM_26949_20170317,26949,2017-03-17,Fosfat,mg/dm3,0.003,DQ005_TEMPORAL_ISOLATED_EXTREME,review,Value differs >=20-fold from the geometric mean of adjacent observations; both neighbors are within 5-fold and within 180 days.,0.49,1.346,"р. Устя, 24 км, м. Рівне, 2 км нижче міста, вплив ВУЖКГ",Дніпро,SRC004,2016-01-01_2018-12-31_output,ratio_to_geometric_neighbor_center=0.00369403; neighbor_ratio=2.75,retain_unchanged,screening_only,,,,
SWM_27235_20170321,27235,2017-03-21,Amoniy,mg/dm3,0.02,DQ005_TEMPORAL_ISOLATED_EXTREME,review,Value differs >=20-fold from the geometric mean of adjacent observations; both neighbors are within 5-fold and within 180 days.,0.53,1.01,"р. Стрв'яж, 6 км, с. Луки, вплив неочищених стоків м.Самбір, під мостом по дорозі Львів-Самбір",Дністер,SRC004,2016-01-01_2018-12-31_output,ratio_to_geometric_neighbor_center=0.0273358; neighbor_ratio=1.91,retain_unchanged,screening_only,,,,
SWM_27321_20170321,27321,2017-03-21,Zavisli,mg/dm3,2.0,DQ005_TEMPORAL_ISOLATED_EXTREME,review,Value differs >=20-fold from the geometric mean of adjacent observations; both neighbors are within 5-fold and within 180 days.,63.3,32.3,"р. В.Катлабух, 2 км, а/д міст",Дунай,SRC004,2016-01-01_2018-12-31_output,ratio_to_geometric_neighbor_center=0.044231; neighbor_ratio=1.96,retain_unchanged,screening_only,,,,
SWM_27145_20170405,27145,2017-04-05,Fosfat,mg/dm3,0.007,DQ005_TEMPORAL_ISOLATED_EXTREME,review,Value differs >=20-fold from the geometric mean of adjacent observations; both neighbors are within 5-fold and within 180 days.,0.384,0.49,"р. Південний Буг, 206 км, м. Первомайськ, Первомайське вдсх.",Південний Буг,SRC004,2016-01-01_2018-12-31_output,ratio_to_geometric_neighbor_center=0.0161374; neighbor_ratio=1.28,retain_unchanged,screening_only,,,,
SWM_27358_20170412,27358,2017-04-12,Fosfat,mg/dm3,0.02,DQ005_TEMPORAL_ISOLATED_EXTREME,review,Value differs >=20-fold from the geometric mean of adjacent observations; both neighbors are within 5-fold and within 180 days.,1.35,1.06,"р. В.Куяльник, 8,2 км, с. Руська Слобідка",Річки Причорномор'я,SRC004,2016-01-01_2018-12-31_output,ratio_to_geometric_neighbor_center=0.016719; neighbor_ratio=1.27,retain_unchanged,screening_only,,,,
SWM_27322_20170425,27322,2017-04-25,Fosfat,mg/dm3,0.024,DQ005_TEMPORAL_ISOLATED_EXTREME,review,Value differs >=20-fold from the geometric mean of adjacent observations; both neighbors are within 5-fold and within 180 days.,0.404,0.612,"р. М.Катлабух, 2,2 км, автодорожний  міст",Дунай,SRC004,2016-01-01_2018-12-31_output,ratio_to_geometric_neighbor_center=0.0482664; neighbor_ratio=1.51,retain_unchanged,screening_only,,,,
SWM_26953_20170504,26953,2017-05-04,Fosfat,mg/dm3,1.404,DQ005_TEMPORAL_ISOLATED_EXTREME,review,Value differs >=20-fold from the geometric mean of adjacent observations; both neighbors are within 5-fold and within 180 days.,0.066,0.025,"р. Случ, 4 км, с.Колки",Дніпро,SRC004,2016-01-01_2018-12-31_output,ratio_to_geometric_neighbor_center=34.5641; neighbor_ratio=2.64,retain_unchanged,screening_only,,,,
SWM_27348_20170517,27348,2017-05-17,BSK5,mgO2/dm3,1.7,DQ005_TEMPORAL_ISOLATED_EXTREME,review,Value differs >=20-fold from the geometric mean of adjacent observations; both neighbors are within 5-fold and within 180 days.,26.0,45.5,"р. Сарата, 14,3 км, с. Білолісся",Річки Причорномор'я,SRC004,2016-01-01_2018-12-31_output,ratio_to_geometric_neighbor_center=0.0494261; neighbor_ratio=1.75,retain_unchanged,screening_only,,,,
SWM_27134_20170525,27134,2017-05-25,Nitrit,mg/dm3,0.72,DQ005_TEMPORAL_ISOLATED_EXTREME,review,Value differs >=20-fold from the geometric mean of adjacent observations; both neighbors are within 5-fold and within 180 days.,0.053,0.015,"р. Південний Буг, 692 км, с. Щедрове, Щедрівське вдсх.",Південний Буг,SRC004,2016-01-01_2018-12-31_output,ratio_to_geometric_neighbor_center=25.5358; neighbor_ratio=3.53,retain_unchanged,screening_only,,,,
SWM_27354_20170601,27354,2017-06-01,Zavisli,mg/dm3,826.0,DQ005_TEMPORAL_ISOLATED_EXTREME,review,Value differs >=20-fold from the geometric mean of adjacent observations; both neighbors are within 5-fold and within 180 days.,49.0,29.0,"р. Хаджидер, 68 км, с. Чистоводне, кордон з Молдовою",Річки Причорномор'я,SRC004,2016-01-01_2018-12-31_output,ratio_to_geometric_neighbor_center=21.912; neighbor_ratio=1.69,retain_unchanged,screening_only,,,,
SWM_27162_20170608,27162,2017-06-08,Nitrat,mg/dm3,0.02,DQ005_TEMPORAL_ISOLATED_EXTREME,review,Value differs >=20-fold from the geometric mean of adjacent observations; both neighbors are within 5-fold and within 180 days.,1.54,0.82,"р. Інгул, 318 км, м. Кропивницький, питний в/з міста",Південний Буг,SRC004,2016-01-01_2018-12-31_output,ratio_to_geometric_neighbor_center=0.0177977; neighbor_ratio=1.88,retain_unchanged,screening_only,,,,
SWM_27118_20170609,27118,2017-06-09,HSK,mgO2/dm3,3232.0,DQ005_TEMPORAL_ISOLATED_EXTREME,review,Value differs >=20-fold from the geometric mean of adjacent observations; both neighbors are within 5-fold and within 180 days.,26.05,30.0,"р. Інгулець, 393 км, смт. Петрово, Іскрівське вдсх., питний в/з  селища",Дніпро,SRC004,2016-01-01_2018-12-31_output,ratio_to_geometric_neighbor_center=115.613; neighbor_ratio=1.15,retain_unchanged,screening_only,,,,
SWM_27358_20170703,27358,2017-07-03,Fosfat,mg/dm3,1.06,DQ005_TEMPORAL_ISOLATED_EXTREME,review,Value differs >=20-fold from the geometric mean of adjacent observations; both neighbors are within 5-fold and within 180 days.,0.02,0.042,"р. В.Куяльник, 8,2 км, с. Руська Слобідка",Річки Причорномор'я,SRC004,2016-01-01_2018-12-31_output,ratio_to_geometric_neighbor_center=36.5735; neighbor_ratio=2.1,retain_unchanged,screening_only,,,,
SWM_27359_20170703,27359,2017-07-03,Fosfat,mg/dm3,1.42,DQ005_TEMPORAL_ISOLATED_EXTREME,review,Value differs >=20-fold from the geometric mean of adjacent observations; both neighbors are within 5-fold and within 180 days.,0.03,0.025,"р. М.Куяльник, 8,1 км, с. Бараново",Річки Причорномор'я,SRC004,2016-01-01_2018-12-31_output,ratio_to_geometric_neighbor_center=51.8511; neighbor_ratio=1.2,retain_unchanged,screening_only,,,,
SWM_27122_20170718,27122,2017-07-18,Fosfat,mg/dm3,0.01,DQ005_TEMPORAL_ISOLATED_EXTREME,review,Value differs >=20-fold from the geometric mean of adjacent observations; both neighbors are within 5-fold and within 180 days.,0.28,0.15,"р. Інгулець, 265 км, с. Андріівка",Дніпро,SRC004,2016-01-01_2018-12-31_output,ratio_to_geometric_neighbor_center=0.048795; neighbor_ratio=1.87,retain_unchanged,screening_only,,,,
SWM_27154_20170725,27154,2017-07-25,Amoniy,mg/dm3,0.004,DQ005_TEMPORAL_ISOLATED_EXTREME,review,Value differs >=20-fold from the geometric mean of adjacent observations; both neighbors are within 5-fold and within 180 days.,0.13,0.13,"р. Синюха, 10 км, м. Первомайськ, питний в/з міста",Південний Буг,SRC004,2016-01-01_2018-12-31_output,ratio_to_geometric_neighbor_center=0.0307692; neighbor_ratio=1,retain_unchanged,screening_only,,,,
SWM_27258_20170816,27258,2017-08-16,Nitrat,mg/dm3,0.05,DQ005_TEMPORAL_ISOLATED_EXTREME,review,Value differs >=20-fold from the geometric mean of adjacent observations; both neighbors are within 5-fold and within 180 days.,5.34,1.3,"р. Нічлава, 35 км, м. Борщів, Борщівське вдсх., в/з",Дністер,SRC004,2016-01-01_2018-12-31_output,ratio_to_geometric_neighbor_center=0.018977; neighbor_ratio=4.11,retain_unchanged,screening_only,,,,
SWM_27138_20170818,27138,2017-08-18,Nitrit,mg/dm3,6.0,DQ005_TEMPORAL_ISOLATED_EXTREME,review,Value differs >=20-fold from the geometric mean of adjacent observations; both neighbors are within 5-fold and within 180 days.,0.08,0.33,"р. Південний Буг, 569,5 км, 500 м нижче скиду ВОКВП ВКГ ""Вінницяводоканал""   (1,5 км нижче греблі Сабарівського вдсх.)",Південний Буг,SRC004,2016-01-01_2018-12-31_output,ratio_to_geometric_neighbor_center=36.9274; neighbor_ratio=4.12,retain_unchanged,screening_only,,,,
SWM_27348_20170818,27348,2017-08-18,BSK5,mgO2/dm3,45.5,DQ005_TEMPORAL_ISOLATED_EXTREME,review,Value differs >=20-fold from the geometric mean of adjacent observations; both neighbors are within 5-fold and within 180 days.,1.7,3.0,"р. Сарата, 14,3 км, с. Білолісся",Річки Причорномор'я,SRC004,2016-01-01_2018-12-31_output,ratio_to_geometric_neighbor_center=20.1477; neighbor_ratio=1.76,retain_unchanged,screening_only,,,,
SWM_27241_20171011,27241,2017-10-11,SPAR,mg/dm3,0.009,DQ005_TEMPORAL_ISOLATED_EXTREME,review,Value differs >=20-fold from the geometric mean of adjacent observations; both neighbors are within 5-fold and within 180 days.,0.26,0.17,"р. Саджава, 9 км, м. Долина, лівий берег, 20 м нижче моста по дорозі Долина - Болехів",Дністер,SRC004,2016-01-01_2018-12-31_output,ratio_to_geometric_neighbor_center=0.0428086; neighbor_ratio=1.53,retain_unchanged,screening_only,,,,
SWM_27136_20171018,27136,2017-10-18,Nitrit,mg/dm3,0.008,DQ005_TEMPORAL_ISOLATED_EXTREME,review,Value differs >=20-fold from the geometric mean of adjacent observations; both neighbors are within 5-fold and within 180 days.,0.19,0.7,"р. Південний Буг, 607 км, с. Гущинці, нижче села , питний водозабір м.Калинівка",Південний Буг,SRC004,2016-01-01_2018-12-31_output,ratio_to_geometric_neighbor_center=0.0219363; neighbor_ratio=3.68,retain_unchanged,screening_only,,,,
SWM_27139_20171018,27139,2017-10-18,Nitrit,mg/dm3,0.009,DQ005_TEMPORAL_ISOLATED_EXTREME,review,Value differs >=20-fold from the geometric mean of adjacent observations; both neighbors are within 5-fold and within 180 days.,0.14,0.4,"р. Південний Буг, 537 км, смт. Сутиски, Сутиське вдсх., н/б'єф",Південний Буг,SRC004,2016-01-01_2018-12-31_output,ratio_to_geometric_neighbor_center=0.0380319; neighbor_ratio=2.86,retain_unchanged,screening_only,,,,
SWM_27346_20171103,27346,2017-11-03,Zavisli,mg/dm3,0.15,DQ005_TEMPORAL_ISOLATED_EXTREME,review,Value differs >=20-fold from the geometric mean of adjacent observations; both neighbors are within 5-fold and within 180 days.,46.0,21.0,"оз. Сасик, 0 км, Канал Дунай-Сасик, гирло",Річки Причорномор'я,SRC004,2016-01-01_2018-12-31_output,ratio_to_geometric_neighbor_center=0.00482617; neighbor_ratio=2.19,retain_unchanged,screening_only,,,,
SWM_26925_20171107,26925,2017-11-07,Nitrit,mg/dm3,0.005,DQ005_TEMPORAL_ISOLATED_EXTREME,review,Value differs >=20-fold from the geometric mean of adjacent observations; both neighbors are within 5-fold and within 180 days.,0.132,0.087,"р. Прип'ять, 570 км, с. Сенчиці, кордон з Білоруссю",Дніпро,SRC004,2016-01-01_2018-12-31_output,ratio_to_geometric_neighbor_center=0.0466577; neighbor_ratio=1.52,retain_unchanged,screening_only,,,,
SWM_26935_20171108,26935,2017-11-08,Fosfat,mg/dm3,0.036,DQ005_TEMPORAL_ISOLATED_EXTREME,review,Value differs >=20-fold from the geometric mean of adjacent observations; both neighbors are within 5-fold and within 180 days.,0.807,0.981,"р. Стир, 183 км, м. Вараш (Кузнєцовськ), водозабір РАЕС",Дніпро,SRC004,2016-01-01_2018-12-31_output,ratio_to_geometric_neighbor_center=0.0404605; neighbor_ratio=1.22,retain_unchanged,screening_only,,,,
SWM_26936_20171108,26936,2017-11-08,Fosfat,mg/dm3,0.029,DQ005_TEMPORAL_ISOLATED_EXTREME,review,Value differs >=20-fold from the geometric mean of adjacent observations; both neighbors are within 5-fold and within 180 days.,0.626,0.933,"р. Стир, 152 км, с.Сопачів, нижче  РАЕС",Дніпро,SRC004,2016-01-01_2018-12-31_output,ratio_to_geometric_neighbor_center=0.0379464; neighbor_ratio=1.49,retain_unchanged,screening_only,,,,
SWM_27019_20171108,27019,2017-11-08,Hlorid,mg/dm3,0.39,DQ005_TEMPORAL_ISOLATED_EXTREME,review,Value differs >=20-fold from the geometric mean of adjacent observations; both neighbors are within 5-fold and within 180 days.,21.0,22.0,"р. Дніпро, 580 км, м.Світловодськ, правий берег, питний в/з міста",Дніпро,SRC004,2016-01-01_2018-12-31_output,ratio_to_geometric_neighbor_center=0.0181444; neighbor_ratio=1.05,retain_unchanged,screening_only,,,,
SWM_27148_20171114,27148,2017-11-14,Nitrat,mg/dm3,0.04,DQ005_TEMPORAL_ISOLATED_EXTREME,review,Value differs >=20-fold from the geometric mean of adjacent observations; both neighbors are within 5-fold and within 180 days.,0.79,3.71,"р. Південний Буг, 97 км, м. Вознесенськ, пит.в/з м. Вознесенськ, 2 км до в'їзду у м. Вознесенськ по трасі з м. Миколаїв",Південний Буг,SRC004,2016-01-01_2018-12-31_output,ratio_to_geometric_neighbor_center=0.0233647; neighbor_ratio=4.7,retain_unchanged,screening_only,,,,
SWM_27136_20171123,27136,2017-11-23,Nitrit,mg/dm3,0.7,DQ005_TEMPORAL_ISOLATED_EXTREME,review,Value differs >=20-fold from the geometric mean of adjacent observations; both neighbors are within 5-fold and within 180 days.,0.008,0.031,"р. Південний Буг, 607 км, с. Гущинці, нижче села , питний водозабір м.Калинівка",Південний Буг,SRC004,2016-01-01_2018-12-31_output,ratio_to_geometric_neighbor_center=44.45; neighbor_ratio=3.88,retain_unchanged,screening_only,,,,
SWM_27314_20171212,27314,2017-12-12,Zavisli,mg/dm3,134.0,DQ005_TEMPORAL_ISOLATED_EXTREME,review,Value differs >=20-fold from the geometric mean of adjacent observations; both neighbors are within 5-fold and within 180 days.,3.0,2.7,"оз. Кагул, 0 км, ГНС Нагірне",Дунай,SRC004,2016-01-01_2018-12-31_output,ratio_to_geometric_neighbor_center=47.0828; neighbor_ratio=1.11,retain_unchanged,screening_only,,,,
SWM_27315_20171212,27315,2017-12-12,Fosfat,mg/dm3,1.35,DQ005_TEMPORAL_ISOLATED_EXTREME,review,Value differs >=20-fold from the geometric mean of adjacent observations; both neighbors are within 5-fold and within 180 days.,0.047,0.02,"оз. Ялпуг-Кугурлуй, 0 км, с. Оксамитне Болградського району, Болградський питний в/з",Дунай,SRC004,2016-01-01_2018-12-31_output,ratio_to_geometric_neighbor_center=44.0321; neighbor_ratio=2.35,retain_unchanged,screening_only,,,,
SWM_27267_20180228,27267,2018-02-28,Hlorid,mg/dm3,17.73,DQ005_TEMPORAL_ISOLATED_EXTREME,review,Value differs >=20-fold from the geometric mean of adjacent observations; both neighbors are within 5-fold and within 180 days.,567.2,416.54,"р. Кучурган, 0 км, с. Граданиці, Кучурганське вдсх., 1 км по дамбі від села",Дністер,SRC004,2016-01-01_2018-12-31_output,ratio_to_geometric_neighbor_center=0.0364764; neighbor_ratio=1.36,retain_unchanged,screening_only,,,,
SWM_26931_20180314,26931,2018-03-14,Amoniy,mg/dm3,0.1,DQ005_TEMPORAL_ISOLATED_EXTREME,review,Value differs >=20-fold from the geometric mean of adjacent observations; both neighbors are within 5-fold and within 180 days.,1.95,2.27,"р. Турія, 125 км, м.Ковель, питний в/з міста",Дніпро,SRC004,2016-01-01_2018-12-31_output,ratio_to_geometric_neighbor_center=0.0475302; neighbor_ratio=1.16,retain_unchanged,screening_only,,,,
SWM_26935_20180402,26935,2018-04-02,Nitrit,mg/dm3,0.005,DQ005_TEMPORAL_ISOLATED_EXTREME,review,Value differs >=20-fold from the geometric mean of adjacent observations; both neighbors are within 5-fold and within 180 days.,0.11,0.171,"р. Стир, 183 км, м. Вараш (Кузнєцовськ), водозабір РАЕС",Дніпро,SRC004,2016-01-01_2018-12-31_output,ratio_to_geometric_neighbor_center=0.0364566; neighbor_ratio=1.55,retain_unchanged,screening_only,,,,
SWM_27145_20180410,27145,2018-04-10,Fosfat,mg/dm3,0.008,DQ005_TEMPORAL_ISOLATED_EXTREME,review,Value differs >=20-fold from the geometric mean of adjacent observations; both neighbors are within 5-fold and within 180 days.,0.342,0.508,"р. Південний Буг, 206 км, м. Первомайськ, Первомайське вдсх.",Південний Буг,SRC004,2016-01-01_2018-12-31_output,ratio_to_geometric_neighbor_center=0.0191931; neighbor_ratio=1.49,retain_unchanged,screening_only,,,,
SWM_27147_20180410,27147,2018-04-10,Fosfat,mg/dm3,0.004,DQ005_TEMPORAL_ISOLATED_EXTREME,review,Value differs >=20-fold from the geometric mean of adjacent observations; both neighbors are within 5-fold and within 180 days.,0.324,0.622,"р. Південний Буг, 136 км, с. Олександрівка, Олександрівське вдсх.",Південний Буг,SRC004,2016-01-01_2018-12-31_output,ratio_to_geometric_neighbor_center=0.0089103; neighbor_ratio=1.92,retain_unchanged,screening_only,,,,
SWM_27161_20180410,27161,2018-04-10,Fosfat,mg/dm3,0.013,DQ005_TEMPORAL_ISOLATED_EXTREME,review,Value differs >=20-fold from the geometric mean of adjacent observations; both neighbors are within 5-fold and within 180 days.,0.29,0.931,"р. Мертвовод, 2 км, 1 км вище залізн. мосту через  р. Мертвовод",Південний Буг,SRC004,2016-01-01_2018-12-31_output,ratio_to_geometric_neighbor_center=0.025019; neighbor_ratio=3.21,retain_unchanged,screening_only,,,,
SWM_27134_20180417,27134,2018-04-17,Fosfat,mg/dm3,0.075,DQ005_TEMPORAL_ISOLATED_EXTREME,review,Value differs >=20-fold from the geometric mean of adjacent observations; both neighbors are within 5-fold and within 180 days.,0.99,2.555,"р. Південний Буг, 692 км, с. Щедрове, Щедрівське вдсх.",Південний Буг,SRC004,2016-01-01_2018-12-31_output,ratio_to_geometric_neighbor_center=0.0471572; neighbor_ratio=2.58,retain_unchanged,screening_only,,,,
SWM_27135_20180417,27135,2018-04-17,Nitrat,mg/dm3,0.09,DQ005_TEMPORAL_ISOLATED_EXTREME,review,Value differs >=20-fold from the geometric mean of adjacent observations; both neighbors are within 5-fold and within 180 days.,4.22,2.3,"р. Південний Буг, 652 км, м. Хмільник, питний в/з, вище міста",Південний Буг,SRC004,2016-01-01_2018-12-31_output,ratio_to_geometric_neighbor_center=0.0288883; neighbor_ratio=1.83,retain_unchanged,screening_only,,,,
SWM_27136_20180417,27136,2018-04-17,Nitrat,mg/dm3,0.14,DQ005_TEMPORAL_ISOLATED_EXTREME,review,Value differs >=20-fold from the geometric mean of adjacent observations; both neighbors are within 5-fold and within 180 days.,3.29,2.6,"р. Південний Буг, 607 км, с. Гущинці, нижче села , питний водозабір м.Калинівка",Південний Буг,SRC004,2016-01-01_2018-12-31_output,ratio_to_geometric_neighbor_center=0.0478678; neighbor_ratio=1.27,retain_unchanged,screening_only,,,,
SWM_27137_20180417,27137,2018-04-17,Nitrat,mg/dm3,0.02,DQ005_TEMPORAL_ISOLATED_EXTREME,review,Value differs >=20-fold from the geometric mean of adjacent observations; both neighbors are within 5-fold and within 180 days.,3.12,1.5,"р. Південний Буг, 582 км, м. Вінниця, Сабарівське вдсх,  питний в/з міста, вище міста",Південний Буг,SRC004,2016-01-01_2018-12-31_output,ratio_to_geometric_neighbor_center=0.009245; neighbor_ratio=2.08,retain_unchanged,screening_only,,,,
SWM_27140_20180417,27140,2018-04-17,Nitrat,mg/dm3,0.08,DQ005_TEMPORAL_ISOLATED_EXTREME,review,Value differs >=20-fold from the geometric mean of adjacent observations; both neighbors are within 5-fold and within 180 days.,2.3,1.3,"р. Південний Буг, 413 км, с. Маньківка, вище села, питний в/з м.Ладижин",Південний Буг,SRC004,2016-01-01_2018-12-31_output,ratio_to_geometric_neighbor_center=0.0462652; neighbor_ratio=1.77,retain_unchanged,screening_only,,,,
SWM_26972_20180521,26972,2018-05-21,Fosfat,mg/dm3,6.8,DQ005_TEMPORAL_ISOLATED_EXTREME,review,Value differs >=20-fold from the geometric mean of adjacent observations; both neighbors are within 5-fold and within 180 days.,0.08,0.34,"р. Ірпінь, 0,1 км, с.Козаровичі, гирло",Дніпро,SRC004,2016-01-01_2018-12-31_output,ratio_to_geometric_neighbor_center=41.2311; neighbor_ratio=4.25,retain_unchanged,screening_only,,,,
SWM_27309_20180606,27309,2018-06-06,Fosfat,mg/dm3,26.0,DQ005_TEMPORAL_ISOLATED_EXTREME,review,Value differs >=20-fold from the geometric mean of adjacent observations; both neighbors are within 5-fold and within 180 days.,0.2,0.175,"р. Прут, 759 км, с. Магала, лівий берег, 3 км нижче мосту по дорозі Чернівці-Хотин, 600 м нище скиду стічних вод м. Чернівці",Дунай,SRC004,2016-01-01_2018-12-31_output,ratio_to_geometric_neighbor_center=138.976; neighbor_ratio=1.14,retain_unchanged,screening_only,,,,
SWM_27328_20180619,27328,2018-06-19,Amoniy,mg/dm3,9.1,DQ005_TEMPORAL_ISOLATED_EXTREME,review,Value differs >=20-fold from the geometric mean of adjacent observations; both neighbors are within 5-fold and within 180 days.,0.12,0.366,"р. Киргиж-Китай, 49 км, с. М. Ярославець, кордон з Молдовою",Дунай,SRC004,2016-01-01_2018-12-31_output,ratio_to_geometric_neighbor_center=43.422; neighbor_ratio=3.05,retain_unchanged,screening_only,,,,
SWM_27066_20180709,27066,2018-07-09,Nitrat,mg/dm3,0.01,DQ005_TEMPORAL_ISOLATED_EXTREME,review,Value differs >=20-fold from the geometric mean of adjacent observations; both neighbors are within 5-fold and within 180 days.,0.787,1.963,"канал Дніпро-Донбас, 181 км, р.Орілька, міст, 1,5 км від гирла,",Дніпро,SRC004,2016-01-01_2018-12-31_output,ratio_to_geometric_neighbor_center=0.00804549; neighbor_ratio=2.49,retain_unchanged,screening_only,,,,
SWM_27170_20180710,27170,2018-07-10,Fosfat,mg/dm3,0.01,DQ005_TEMPORAL_ISOLATED_EXTREME,review,Value differs >=20-fold from the geometric mean of adjacent observations; both neighbors are within 5-fold and within 180 days.,0.41,0.25,"р. Сухоклія, 26 км, м.Бобринець, питний в/з",Південний Буг,SRC004,2016-01-01_2018-12-31_output,ratio_to_geometric_neighbor_center=0.0312348; neighbor_ratio=1.64,retain_unchanged,screening_only,,,,
SWM_27164_20180719,27164,2018-07-19,Amoniy,mg/dm3,0.001,DQ005_TEMPORAL_ISOLATED_EXTREME,review,Value differs >=20-fold from the geometric mean of adjacent observations; both neighbors are within 5-fold and within 180 days.,0.159,0.11,"р. Інгул, 179 км, с. Розанівка, сільгосп. в/з, кордон Кіровоградської і Миколаївської обл.",Південний Буг,SRC004,2016-01-01_2018-12-31_output,ratio_to_geometric_neighbor_center=0.00756145; neighbor_ratio=1.45,retain_unchanged,screening_only,,,,
SWM_27167_20180719,27167,2018-07-19,Fosfat,mg/dm3,0.611,DQ005_TEMPORAL_ISOLATED_EXTREME,review,Value differs >=20-fold from the geometric mean of adjacent observations; both neighbors are within 5-fold and within 180 days.,0.007,0.021,"р. Інгул, 2 км, м. Миколаїв, вул. Набережна, 2,  старий пішохідний міст через р. Інгул",Південний Буг,SRC004,2016-01-01_2018-12-31_output,ratio_to_geometric_neighbor_center=50.3944; neighbor_ratio=3,retain_unchanged,screening_only,,,,
SWM_26936_20180801,26936,2018-08-01,Nitrit,mg/dm3,0.483,DQ005_TEMPORAL_ISOLATED_EXTREME,review,Value differs >=20-fold from the geometric mean of adjacent observations; both neighbors are within 5-fold and within 180 days.,0.014,0.025,"р. Стир, 152 км, с.Сопачів, нижче  РАЕС",Дніпро,SRC004,2016-01-01_2018-12-31_output,ratio_to_geometric_neighbor_center=25.8174; neighbor_ratio=1.79,retain_unchanged,screening_only,,,,
SWM_27311_20180801,27311,2018-08-01,Zavisli,mg/dm3,396.0,DQ005_TEMPORAL_ISOLATED_EXTREME,review,Value differs >=20-fold from the geometric mean of adjacent observations; both neighbors are within 5-fold and within 180 days.,19.0,9.0,"р. Прут, 697 км, с. Костичани, кордон з Румунією та Молдовою, 200 м нижче впадіння в р. Прут р. Черлена",Дунай,SRC004,2016-01-01_2018-12-31_output,ratio_to_geometric_neighbor_center=30.2829; neighbor_ratio=2.11,retain_unchanged,screening_only,,,,
SWM_27371_20180802,27371,2018-08-02,Zavisli,mg/dm3,352.0,DQ005_TEMPORAL_ISOLATED_EXTREME,review,Value differs >=20-fold from the geometric mean of adjacent observations; both neighbors are within 5-fold and within 180 days.,22.0,9.0,"р. Прут, 653 км, м. Ліпкани (Республіка Молдова), міст",Дунай,SRC004,2016-01-01_2018-12-31_output,ratio_to_geometric_neighbor_center=25.0156; neighbor_ratio=2.44,retain_unchanged,screening_only,,,,
SWM_27356_20180814,27356,2018-08-14,BSK5,mgO2/dm3,88.0,DQ005_TEMPORAL_ISOLATED_EXTREME,review,Value differs >=20-fold from the geometric mean of adjacent observations; both neighbors are within 5-fold and within 180 days.,2.5,3.5,"р. Алкалія, 7 км, с. Широке",Річки Причорномор'я,SRC004,2016-01-01_2018-12-31_output,ratio_to_geometric_neighbor_center=29.7494; neighbor_ratio=1.4,retain_unchanged,screening_only,,,,
SWM_27131_20180816,27131,2018-08-16,Nitrit,mg/dm3,0.613,DQ005_TEMPORAL_ISOLATED_EXTREME,review,Value differs >=20-fold from the geometric mean of adjacent observations; both neighbors are within 5-fold and within 180 days.,0.053,0.013,"р. Південний Буг, 755 км, м. Хмельницький , Хмельницьке вдсх.",Південний Буг,SRC004,2016-01-01_2018-12-31_output,ratio_to_geometric_neighbor_center=23.3534; neighbor_ratio=4.08,retain_unchanged,screening_only,,,,
SWM_27170_20180822,27170,2018-08-22,Fosfat,mg/dm3,0.25,DQ005_TEMPORAL_ISOLATED_EXTREME,review,Value differs >=20-fold from the geometric mean of adjacent observations; both neighbors are within 5-fold and within 180 days.,0.01,0.01,"р. Сухоклія, 26 км, м.Бобринець, питний в/з",Південний Буг,SRC004,2016-01-01_2018-12-31_output,ratio_to_geometric_neighbor_center=25; neighbor_ratio=1,retain_unchanged,screening_only,,,,
SWM_27204_20180924,27204,2018-09-24,Fitoplan,thousand cells/dm3,22429.0,DQ005_TEMPORAL_ISOLATED_EXTREME,review,Value differs >=20-fold from the geometric mean of adjacent observations; both neighbors are within 5-fold and within 180 days.,1474.0,605.0,"р. Казений Торець, 134 км,  с.Гродівка,  витік міста Красноармійського р-ну",Дон,SRC004,2016-01-01_2018-12-31_output,ratio_to_geometric_neighbor_center=23.7511; neighbor_ratio=2.44,retain_unchanged,screening_only,,,,
SWM_27146_20181008,27146,2018-10-08,Nitrat,mg/dm3,0.06,DQ005_TEMPORAL_ISOLATED_EXTREME,review,Value differs >=20-fold from the geometric mean of adjacent observations; both neighbors are within 5-fold and within 180 days.,1.62,1.1,"р. Південний Буг, 153 км, с. Олексіівка, питний в/з м. Південно-Українськ",Південний Буг,SRC004,2016-01-01_2018-12-31_output,ratio_to_geometric_neighbor_center=0.0449467; neighbor_ratio=1.47,retain_unchanged,screening_only,,,,
SWM_27266_20181009,27266,2018-10-09,Fosfat,mg/dm3,3.54,DQ005_TEMPORAL_ISOLATED_EXTREME,review,Value differs >=20-fold from the geometric mean of adjacent observations; both neighbors are within 5-fold and within 180 days.,0.11,0.09,"р. Кучурган, 6 км, с. Степанівка, впадає в Кучурганський лиман, кордон з Молдовою",Дністер,SRC004,2016-01-01_2018-12-31_output,ratio_to_geometric_neighbor_center=35.5783; neighbor_ratio=1.22,retain_unchanged,screening_only,,,,
SWM_27339_20181011,27339,2018-10-11,Nitrat,mg/dm3,0.82,DQ005_TEMPORAL_ISOLATED_EXTREME,review,Value differs >=20-fold from the geometric mean of adjacent observations; both neighbors are within 5-fold and within 180 days.,11.9,28.7,"р. Полтва, 30 км, с.Кам’янопіль, Пустомитівський р-н, кільцева дорога біля шлюзу",Вісла,SRC004,2016-01-01_2018-12-31_output,ratio_to_geometric_neighbor_center=0.044371; neighbor_ratio=2.41,retain_unchanged,screening_only,,,,
SWM_27264_20181016,27264,2018-10-16,Nitrat,mg/dm3,17.0,DQ005_TEMPORAL_ISOLATED_EXTREME,review,Value differs >=20-fold from the geometric mean of adjacent observations; both neighbors are within 5-fold and within 180 days.,1.0,0.2,"р. Ягорлик, 20,2 км, с. Артирівка, кордон з Молдовою",Дністер,SRC004,2016-01-01_2018-12-31_output,ratio_to_geometric_neighbor_center=38.0132; neighbor_ratio=5,retain_unchanged,screening_only,,,,
SWM_27165_20181106,27165,2018-11-06,Zavisli,mg/dm3,0.4,DQ005_TEMPORAL_ISOLATED_EXTREME,review,Value differs >=20-fold from the geometric mean of adjacent observations; both neighbors are within 5-fold and within 180 days.,8.4,8.0,"р. Інгул, 163 км, смт. Новий Буг, Софіівське вдсх., питний в/з селища",Південний Буг,SRC004,2016-01-01_2018-12-31_output,ratio_to_geometric_neighbor_center=0.048795; neighbor_ratio=1.05,retain_unchanged,screening_only,,,,
SWM_27328_20181106,27328,2018-11-06,Fosfat,mg/dm3,0.032,DQ005_TEMPORAL_ISOLATED_EXTREME,review,Value differs >=20-fold from the geometric mean of adjacent observations; both neighbors are within 5-fold and within 180 days.,1.12,1.75,"р. Киргиж-Китай, 49 км, с. М. Ярославець, кордон з Молдовою",Дунай,SRC004,2016-01-01_2018-12-31_output,ratio_to_geometric_neighbor_center=0.0228571; neighbor_ratio=1.56,retain_unchanged,screening_only,,,,
SWM_26925_20181112,26925,2018-11-12,Sulfat,mg/dm3,0.1,DQ005_TEMPORAL_ISOLATED_EXTREME,review,Value differs >=20-fold from the geometric mean of adjacent observations; both neighbors are within 5-fold and within 180 days.,24.85,27.65,"р. Прип'ять, 570 км, с. Сенчиці, кордон з Білоруссю",Дніпро,SRC004,2016-01-01_2018-12-31_output,ratio_to_geometric_neighbor_center=0.00381495; neighbor_ratio=1.11,retain_unchanged,screening_only,,,,
SWM_27337_20181113,27337,2018-11-13,Sulfat,mg/dm3,4.62,DQ005_TEMPORAL_ISOLATED_EXTREME,review,Value differs >=20-fold from the geometric mean of adjacent observations; both neighbors are within 5-fold and within 180 days.,98.9,91.26,"р. Західний Буг, 468 км, с. Забужжя, кордон з Республікою Польща",Вісла,SRC004,2016-01-01_2018-12-31_output,ratio_to_geometric_neighbor_center=0.0486299; neighbor_ratio=1.08,retain_unchanged,screening_only,,,,
SWM_27130_20181121,27130,2018-11-21,Amoniy,mg/dm3,0.044,DQ005_TEMPORAL_ISOLATED_EXTREME,review,Value differs >=20-fold from the geometric mean of adjacent observations; both neighbors are within 5-fold and within 180 days.,0.545,1.483,"р. Південний Буг, 773 км, смт. Чорний Острів, Мар'янівське вдсх.",Південний Буг,SRC004,2016-01-01_2018-12-31_output,ratio_to_geometric_neighbor_center=0.0489422; neighbor_ratio=2.72,retain_unchanged,screening_only,,,,
SWM_27165_20190130,27165,2019-01-30,Amoniy,mg/dm3,0.008,DQ005_TEMPORAL_ISOLATED_EXTREME,review,Value differs >=20-fold from the geometric mean of adjacent observations; both neighbors are within 5-fold and within 180 days.,0.36,0.187,"р. Інгул, 163 км, смт. Новий Буг, Софіівське вдсх., питний в/з селища",Південний Буг,SRC005,2019-01-01_2019-03-31_output,ratio_to_geometric_neighbor_center=0.0308332; neighbor_ratio=1.93,retain_unchanged,screening_only,,,,
SWM_27023_20190212,27023,2019-02-12,Nitrit,mg/dm3,0.9,DQ005_TEMPORAL_ISOLATED_EXTREME,review,Value differs >=20-fold from the geometric mean of adjacent observations; both neighbors are within 5-fold and within 180 days.,0.03,0.05,"р. Рось, 118 км, м.Богуслав, питний в/з міста",Дніпро,SRC005,2019-01-01_2019-03-31_output,ratio_to_geometric_neighbor_center=23.2379; neighbor_ratio=1.67,retain_unchanged,screening_only,,,,
SWM_27264_20190213,27264,2019-02-13,Nitrat,mg/dm3,0.2,DQ005_TEMPORAL_ISOLATED_EXTREME,review,Value differs >=20-fold from the geometric mean of adjacent observations; both neighbors are within 5-fold and within 180 days.,17.0,8.8,"р. Ягорлик, 20,2 км, с. Артирівка, кордон з Молдовою",Дністер,SRC005,2019-01-01_2019-03-31_output,ratio_to_geometric_neighbor_center=0.0163517; neighbor_ratio=1.93,retain_unchanged,screening_only,,,,
SWM_27222_20190507,27222,2019-05-07,Zavisli,mg/dm3,1442.0,DQ005_TEMPORAL_ISOLATED_EXTREME,review,Value differs >=20-fold from the geometric mean of adjacent observations; both neighbors are within 5-fold and within 180 days.,11.0,46.0,"р. Дністер, 936 км, м. Заліщики, в/з, прав. берег, 50 м нижче мосту через річку по дорозі Чернівці - Тернопіль",Дністер,SRC006,2019-04-01_2019-06-30_output,ratio_to_geometric_neighbor_center=64.1047; neighbor_ratio=4.18,retain_unchanged,screening_only,,,,
SWM_27223_20190507,27223,2019-05-07,Zavisli,mg/dm3,1273.0,DQ005_TEMPORAL_ISOLATED_EXTREME,review,Value differs >=20-fold from the geometric mean of adjacent observations; both neighbors are within 5-fold and within 180 days.,12.0,54.0,"р. Дністер, 900 км, с. Митків, правий берег, 200 м вище станції першого підйому в/з м. Чернівці",Дністер,SRC006,2019-04-01_2019-06-30_output,ratio_to_geometric_neighbor_center=50.0082; neighbor_ratio=4.5,retain_unchanged,screening_only,,,,
SWM_27344_20190611,27344,2019-06-11,Nitrat,mg/dm3,0.2,DQ005_TEMPORAL_ISOLATED_EXTREME,review,Value differs >=20-fold from the geometric mean of adjacent observations; both neighbors are within 5-fold and within 180 days.,3.45,5.5,"р. Шкло, 66 км, с. Краковець, кордон з Польщею, під мостом дороги м. Львів - с. Краковець",Вісла,SRC006,2019-04-01_2019-06-30_output,ratio_to_geometric_neighbor_center=0.0459134; neighbor_ratio=1.59,retain_unchanged,screening_only,,,,
SWM_27146_20190704,27146,2019-07-04,Amoniy,mg/dm3,0.003,DQ005_TEMPORAL_ISOLATED_EXTREME,review,Value differs >=20-fold from the geometric mean of adjacent observations; both neighbors are within 5-fold and within 180 days.,0.116,0.076,"р. Південний Буг, 153 км, с. Олексіівка, питний в/з м. Південно-Українськ",Південний Буг,SRC007,2019-07-01_2019-09-30_output,ratio_to_geometric_neighbor_center=0.0319511; neighbor_ratio=1.53,retain_unchanged,screening_only,,,,
SWM_27140_20190710,27140,2019-07-10,Fosfat,mg/dm3,0.019,DQ005_TEMPORAL_ISOLATED_EXTREME,review,Value differs >=20-fold from the geometric mean of adjacent observations; both neighbors are within 5-fold and within 180 days.,0.56,0.39,"р. Південний Буг, 413 км, с. Маньківка, вище села, питний в/з м.Ладижин",Південний Буг,SRC007,2019-07-01_2019-09-30_output,ratio_to_geometric_neighbor_center=0.0406562; neighbor_ratio=1.44,retain_unchanged,screening_only,,,,
SWM_27263_20190715,27263,2019-07-15,Amoniy,mg/dm3,12.6,DQ005_TEMPORAL_ISOLATED_EXTREME,review,Value differs >=20-fold from the geometric mean of adjacent observations; both neighbors are within 5-fold and within 180 days.,0.14,0.04,"р. Окни, 28 км, с. Лабушне, кордон з Молдовою",Дністер,SRC007,2019-07-01_2019-09-30_output,ratio_to_geometric_neighbor_center=168.375; neighbor_ratio=3.5,retain_unchanged,screening_only,,,,
SWM_26969_20190722,26969,2019-07-22,Fosfat,mg/dm3,0.003,DQ005_TEMPORAL_ISOLATED_EXTREME,review,Value differs >=20-fold from the geometric mean of adjacent observations; both neighbors are within 5-fold and within 180 days.,0.031,0.144,"р. Возня, 8 км, с. Рудня Городищенська, питний в/забір м. Малин",Дніпро,SRC007,2019-07-01_2019-09-30_output,ratio_to_geometric_neighbor_center=0.0449013; neighbor_ratio=4.65,retain_unchanged,screening_only,,,,
SWM_27154_20190806,27154,2019-08-06,Nitrit,mg/dm3,0.012,DQ005_TEMPORAL_ISOLATED_EXTREME,review,Value differs >=20-fold from the geometric mean of adjacent observations; both neighbors are within 5-fold and within 180 days.,0.458,0.25,"р. Синюха, 10 км, м. Первомайськ, питний в/з міста",Південний Буг,SRC007,2019-07-01_2019-09-30_output,ratio_to_geometric_neighbor_center=0.0354632; neighbor_ratio=1.83,retain_unchanged,screening_only,,,,
SWM_27339_20190909,27339,2019-09-09,Nitrat,mg/dm3,1.0,DQ005_TEMPORAL_ISOLATED_EXTREME,review,Value differs >=20-fold from the geometric mean of adjacent observations; both neighbors are within 5-fold and within 180 days.,28.05,26.0,"р. Полтва, 30 км, с.Кам’янопіль, Пустомитівський р-н, кільцева дорога біля шлюзу",Вісла,SRC007,2019-07-01_2019-09-30_output,ratio_to_geometric_neighbor_center=0.0370294; neighbor_ratio=1.08,retain_unchanged,screening_only,,,,
SWM_27232_20190910,27232,2019-09-10,Amoniy,mg/dm3,0.78,DQ005_TEMPORAL_ISOLATED_EXTREME,review,Value differs >=20-fold from the geometric mean of adjacent observations; both neighbors are within 5-fold and within 180 days.,0.036,0.02,"р. Дністер, 20 км, смт. Біляївка, питний в/з м.Одеса",Дністер,SRC007,2019-07-01_2019-09-30_output,ratio_to_geometric_neighbor_center=29.0689; neighbor_ratio=1.8,retain_unchanged,screening_only,,,,
SWM_27232_20191015,27232,2019-10-15,Amoniy,mg/dm3,0.02,DQ005_TEMPORAL_ISOLATED_EXTREME,review,Value differs >=20-fold from the geometric mean of adjacent observations; both neighbors are within 5-fold and within 180 days.,0.78,0.48,"р. Дністер, 20 км, смт. Біляївка, питний в/з м.Одеса",Дністер,SRC008,2019-10-01_2019-12-31_output,ratio_to_geometric_neighbor_center=0.032686; neighbor_ratio=1.63,retain_unchanged,screening_only,,,,
SWM_27263_20191015,27263,2019-10-15,Amoniy,mg/dm3,0.04,DQ005_TEMPORAL_ISOLATED_EXTREME,review,Value differs >=20-fold from the geometric mean of adjacent observations; both neighbors are within 5-fold and within 180 days.,12.6,11.6,"р. Окни, 28 км, с. Лабушне, кордон з Молдовою",Дністер,SRC008,2019-10-01_2019-12-31_output,ratio_to_geometric_neighbor_center=0.00330861; neighbor_ratio=1.09,retain_unchanged,screening_only,,,,
SWM_26967_20191119,26967,2019-11-19,Azot,mg/dm3,0.01,DQ005_TEMPORAL_ISOLATED_EXTREME,review,Value differs >=20-fold from the geometric mean of adjacent observations; both neighbors are within 5-fold and within 180 days.,0.39,0.31,"р. Ірша, 93 км, смт. Нова Борова, Іршанське вдсх. в/бєф, питний в/з селища",Дніпро,SRC008,2019-10-01_2019-12-31_output,ratio_to_geometric_neighbor_center=0.0287599; neighbor_ratio=1.26,retain_unchanged,screening_only,,,,
SWM_27271_20191218,27271,2019-12-18,Sulfat,mg/dm3,3.4,DQ005_TEMPORAL_ISOLATED_EXTREME,review,Value differs >=20-fold from the geometric mean of adjacent observations; both neighbors are within 5-fold and within 180 days.,98.4,81.1,"р. Дунай, 48 км, м. Кілія, питний в/з",Дунай,SRC008,2019-10-01_2019-12-31_output,ratio_to_geometric_neighbor_center=0.0380602; neighbor_ratio=1.21,retain_unchanged,screening_only,,,,
SWM_27349_20200117,27349,2020-01-17,BSK5,mgO2/dm3,1.2,DQ005_TEMPORAL_ISOLATED_EXTREME,review,Value differs >=20-fold from the geometric mean of adjacent observations; both neighbors are within 5-fold and within 180 days.,13.0,52.4,"р. Сарата, 94 км, с. Міняйлівка, кордон з Молдовою",Річки Причорномор'я,SRC009,2020-01-01_2020-03-31_output,ratio_to_geometric_neighbor_center=0.0459773; neighbor_ratio=4.03,retain_unchanged,screening_only,,,,
SWM_27262_20200127,27262,2020-01-27,HSK,mgO2/dm3,3.0,DQ005_TEMPORAL_ISOLATED_EXTREME,review,Value differs >=20-fold from the geometric mean of adjacent observations; both neighbors are within 5-fold and within 180 days.,64.0,64.0,"р. Білоч, 15 км, с. Шершенці, кордон з Молдовою",Дністер,SRC009,2020-01-01_2020-03-31_output,ratio_to_geometric_neighbor_center=0.046875; neighbor_ratio=1,retain_unchanged,screening_only,,,,
SWM_26968_20200317,26968,2020-03-17,Azot,mg/dm3,0.016,DQ005_TEMPORAL_ISOLATED_EXTREME,review,Value differs >=20-fold from the geometric mean of adjacent observations; both neighbors are within 5-fold and within 180 days.,0.32,0.44,"р. Ірша, 31 км, м. Малин, питний в/з міста",Дніпро,SRC009,2020-01-01_2020-03-31_output,ratio_to_geometric_neighbor_center=0.0426401; neighbor_ratio=1.38,retain_unchanged,screening_only,,,,
SWM_27073_20200323,27073,2020-03-23,Nitrit,mg/dm3,1.55,DQ005_TEMPORAL_ISOLATED_EXTREME,review,Value differs >=20-fold from the geometric mean of adjacent observations; both neighbors are within 5-fold and within 180 days.,0.04,0.03,"р. Дніпро, 404 км, м. Дніпро, ВП ""ПдТЄС"" ПАТ ""ДТЕК Дніпроенерго"", питний  в/з",Дніпро,SRC009,2020-01-01_2020-03-31_output,ratio_to_geometric_neighbor_center=44.7446; neighbor_ratio=1.33,retain_unchanged,screening_only,,,,
SWM_27146_20200407,27146,2020-04-07,Nitrat,mg/dm3,0.23,DQ005_TEMPORAL_ISOLATED_EXTREME,review,Value differs >=20-fold from the geometric mean of adjacent observations; both neighbors are within 5-fold and within 180 days.,6.94,3.2,"р. Південний Буг, 153 км, с. Олексіівка, питний в/з м. Південно-Українськ",Південний Буг,SRC010,2020-04-01_2020-06-30_output,ratio_to_geometric_neighbor_center=0.048806; neighbor_ratio=2.17,retain_unchanged,screening_only,,,,
SWM_27839_20200415,27839,2020-04-15,Fosfat,mg/dm3,0.003,DQ005_TEMPORAL_ISOLATED_EXTREME,review,Value differs >=20-fold from the geometric mean of adjacent observations; both neighbors are within 5-fold and within 180 days.,0.061,0.067,"р. Київський потік, 11 км, с.Нестаничі, 11 км, с.Нестаничі Радехівський р-н",Вісла,SRC010,2020-04-01_2020-06-30_output,ratio_to_geometric_neighbor_center=0.0469266; neighbor_ratio=1.1,retain_unchanged,screening_only,,,,
SWM_27047_20200505,27047,2020-05-05,Nitrit,mg/dm3,1.99,DQ005_TEMPORAL_ISOLATED_EXTREME,review,Value differs >=20-fold from the geometric mean of adjacent observations; both neighbors are within 5-fold and within 180 days.,0.03,0.03,"р. Дніпро, 476 км, м. Верхньодніпровськ, питний в/з",Дніпро,SRC010,2020-04-01_2020-06-30_output,ratio_to_geometric_neighbor_center=66.3333; neighbor_ratio=1,retain_unchanged,screening_only,,,,
SWM_27158_20200617,27158,2020-06-17,Fosfat,mg/dm3,0.35,DQ005_TEMPORAL_ISOLATED_EXTREME,review,Value differs >=20-fold from the geometric mean of adjacent observations; both neighbors are within 5-fold and within 180 days.,0.01,0.02,"р. Чорний Ташлик, 51 км, смт. Помічна, питний в/з селища",Південний Буг,SRC010,2020-04-01_2020-06-30_output,ratio_to_geometric_neighbor_center=24.7487; neighbor_ratio=2,retain_unchanged,screening_only,,,,
SWM_27315_20200706,27315,2020-07-06,Amoniy,mg/dm3,0.02,DQ005_TEMPORAL_ISOLATED_EXTREME,review,Value differs >=20-fold from the geometric mean of adjacent observations; both neighbors are within 5-fold and within 180 days.,0.5,0.49,"оз. Ялпуг-Кугурлуй, 0 км, с. Оксамитне Болградського району, Болградський питний в/з",Дунай,SRC011,2020-07-01_2020-09-30_output,ratio_to_geometric_neighbor_center=0.0404061; neighbor_ratio=1.02,retain_unchanged,screening_only,,,,
SWM_27826_20200706,27826,2020-07-06,Azot,mg/dm3,0.01,DQ005_TEMPORAL_ISOLATED_EXTREME,review,Value differs >=20-fold from the geometric mean of adjacent observations; both neighbors are within 5-fold and within 180 days.,0.9,0.27,"оз. Ялпуг, 1,6 км, с. Коса, 1,6 км на північний захід від с. Коса",Дунай,SRC011,2020-07-01_2020-09-30_output,ratio_to_geometric_neighbor_center=0.020286; neighbor_ratio=3.33,retain_unchanged,screening_only,,,,
SWM_27320_20200713,27320,2020-07-13,BSK5,mgO2/dm3,3.6,DQ005_TEMPORAL_ISOLATED_EXTREME,review,Value differs >=20-fold from the geometric mean of adjacent observations; both neighbors are within 5-fold and within 180 days.,80.0,94.0,"оз. Катлабух, 0 км, Суворовська ГНС",Дунай,SRC011,2020-07-01_2020-09-30_output,ratio_to_geometric_neighbor_center=0.0415139; neighbor_ratio=1.18,retain_unchanged,screening_only,,,,
SWM_26954_20200826,26954,2020-08-26,Fosfat,mg/dm3,0.004,DQ005_TEMPORAL_ISOLATED_EXTREME,review,Value differs >=20-fold from the geometric mean of adjacent observations; both neighbors are within 5-fold and within 180 days.,0.171,0.15,"р. Хомора, 52 км, м. Полонне, питний в/з міста",Дніпро,SRC011,2020-07-01_2020-09-30_output,ratio_to_geometric_neighbor_center=0.0249756; neighbor_ratio=1.14,retain_unchanged,screening_only,,,,
SWM_27314_20201005,27314,2020-10-05,Azot,mg/dm3,0.006,DQ005_TEMPORAL_ISOLATED_EXTREME,review,Value differs >=20-fold from the geometric mean of adjacent observations; both neighbors are within 5-fold and within 180 days.,0.55,1.31,"оз. Кагул, 0 км, ГНС Нагірне",Дунай,SRC012,2020-10-01_2020-12-31_output,ratio_to_geometric_neighbor_center=0.00706861; neighbor_ratio=2.38,retain_unchanged,screening_only,,,,
SWM_26956_20201007,26956,2020-10-07,Fosfat,mg/dm3,0.005,DQ005_TEMPORAL_ISOLATED_EXTREME,review,Value differs >=20-fold from the geometric mean of adjacent observations; both neighbors are within 5-fold and within 180 days.,0.436,0.094,"р. Льва, 100 км, с. Переброди, кордон з Білоруссю",Дніпро,SRC012,2020-10-01_2020-12-31_output,ratio_to_geometric_neighbor_center=0.0246981; neighbor_ratio=4.64,retain_unchanged,screening_only,,,,
SWM_27229_20201013,27229,2020-10-13,Amoniy,mg/dm3,0.01,DQ005_TEMPORAL_ISOLATED_EXTREME,review,Value differs >=20-fold from the geometric mean of adjacent observations; both neighbors are within 5-fold and within 180 days.,0.18,0.32,"р. Дністер, 658 км, с. Наславча, кордон з Молдовою, н/б'ф Нижньодністровської ГЕС",Дністер,SRC012,2020-10-01_2020-12-31_output,ratio_to_geometric_neighbor_center=0.0416667; neighbor_ratio=1.78,retain_unchanged,screening_only,,,,
SWM_27839_20201015,27839,2020-10-15,Nitrat,mg/dm3,0.04,DQ005_TEMPORAL_ISOLATED_EXTREME,review,Value differs >=20-fold from the geometric mean of adjacent observations; both neighbors are within 5-fold and within 180 days.,0.57,2.17,"р. Київський потік, 11 км, с.Нестаничі, 11 км, с.Нестаничі Радехівський р-н",Вісла,SRC012,2020-10-01_2020-12-31_output,ratio_to_geometric_neighbor_center=0.035966; neighbor_ratio=3.81,retain_unchanged,screening_only,,,,
SWM_26978_20201019,26978,2020-10-19,Hlorid,mg/dm3,0.46,DQ005_TEMPORAL_ISOLATED_EXTREME,review,Value differs >=20-fold from the geometric mean of adjacent observations; both neighbors are within 5-fold and within 180 days.,26.8,31.1,"р. Дніпро, 854,5 км, водосховище, 500 м нижче БСА",Дніпро,SRC012,2020-10-01_2020-12-31_output,ratio_to_geometric_neighbor_center=0.0159335; neighbor_ratio=1.16,retain_unchanged,screening_only,,,,
SWM_27266_20201019,27266,2020-10-19,Sulfat,mg/dm3,168.1,DQ005_TEMPORAL_ISOLATED_EXTREME,review,Value differs >=20-fold from the geometric mean of adjacent observations; both neighbors are within 5-fold and within 180 days.,3489.4,3830.1,"р. Кучурган, 6 км, с. Степанівка, впадає в Кучурганський лиман, кордон з Молдовою",Дністер,SRC012,2020-10-01_2020-12-31_output,ratio_to_geometric_neighbor_center=0.0459819; neighbor_ratio=1.1,retain_unchanged,screening_only,,,,
SWM_27266_20201019,27266,2020-10-19,Nitrit,mg/dm3,0.61,DQ005_TEMPORAL_ISOLATED_EXTREME,review,Value differs >=20-fold from the geometric mean of adjacent observations; both neighbors are within 5-fold and within 180 days.,0.02,0.02,"р. Кучурган, 6 км, с. Степанівка, впадає в Кучурганський лиман, кордон з Молдовою",Дністер,SRC012,2020-10-01_2020-12-31_output,ratio_to_geometric_neighbor_center=30.5; neighbor_ratio=1,retain_unchanged,screening_only,,,,
SWM_27267_20201019,27267,2020-10-19,Nitrit,mg/dm3,1.24,DQ005_TEMPORAL_ISOLATED_EXTREME,review,Value differs >=20-fold from the geometric mean of adjacent observations; both neighbors are within 5-fold and within 180 days.,0.03,0.04,"р. Кучурган, 0 км, с. Граданиці, Кучурганське вдсх., 1 км по дамбі від села",Дністер,SRC012,2020-10-01_2020-12-31_output,ratio_to_geometric_neighbor_center=35.7957; neighbor_ratio=1.33,retain_unchanged,screening_only,,,,
SWM_27099_20201027,27099,2020-10-27,Hlorid,mg/dm3,3191.0,DQ005_TEMPORAL_ISOLATED_EXTREME,review,Value differs >=20-fold from the geometric mean of adjacent observations; both neighbors are within 5-fold and within 180 days.,44.32,35.45,"канал Дніпро-Кривий Ріг, 43 км, Південне в-ще, питний в/з",Дніпро,SRC012,2020-10-01_2020-12-31_output,ratio_to_geometric_neighbor_center=80.5043; neighbor_ratio=1.25,retain_unchanged,screening_only,,,,
SWM_27853_20201106,27853,2020-11-06,Amoniy,mg/dm3,0.04,DQ005_TEMPORAL_ISOLATED_EXTREME,review,Value differs >=20-fold from the geometric mean of adjacent observations; both neighbors are within 5-fold and within 180 days.,4.42,11.73,"р. Зубра, 30 км, с.Зубра, 30 км, с.Зубра, Пустомитівський р-н Львівської області",Дністер,SRC012,2020-10-01_2020-12-31_output,ratio_to_geometric_neighbor_center=0.0055552; neighbor_ratio=2.65,retain_unchanged,screening_only,,,,
SWM_27233_20201116,27233,2020-11-16,Nitrat,mg/dm3,0.1,DQ005_TEMPORAL_ISOLATED_EXTREME,review,Value differs >=20-fold from the geometric mean of adjacent observations; both neighbors are within 5-fold and within 180 days.,2.3,3.43,"р. Дністер, 16 км, с. Маяки, ГНС Нижньо-Дністровської ЗС",Дністер,SRC012,2020-10-01_2020-12-31_output,ratio_to_geometric_neighbor_center=0.0356032; neighbor_ratio=1.49,retain_unchanged,screening_only,,,,
SWM_27233_20201116,27233,2020-11-16,Nitrit,mg/dm3,4.05,DQ005_TEMPORAL_ISOLATED_EXTREME,review,Value differs >=20-fold from the geometric mean of adjacent observations; both neighbors are within 5-fold and within 180 days.,0.08,0.031,"р. Дністер, 16 км, с. Маяки, ГНС Нижньо-Дністровської ЗС",Дністер,SRC012,2020-10-01_2020-12-31_output,ratio_to_geometric_neighbor_center=81.326; neighbor_ratio=2.58,retain_unchanged,screening_only,,,,
SWM_27266_20201116,27266,2020-11-16,Azot,mg/dm3,0.006,DQ005_TEMPORAL_ISOLATED_EXTREME,review,Value differs >=20-fold from the geometric mean of adjacent observations; both neighbors are within 5-fold and within 180 days.,3.07,1.41,"р. Кучурган, 6 км, с. Степанівка, впадає в Кучурганський лиман, кордон з Молдовою",Дністер,SRC012,2020-10-01_2020-12-31_output,ratio_to_geometric_neighbor_center=0.00288385; neighbor_ratio=2.18,retain_unchanged,screening_only,,,,
SWM_27271_20201208,27271,2020-12-08,SPAR,mg/dm3,0.26,DQ005_TEMPORAL_ISOLATED_EXTREME,review,Value differs >=20-fold from the geometric mean of adjacent observations; both neighbors are within 5-fold and within 180 days.,0.01,0.005,"р. Дунай, 48 км, м. Кілія, питний в/з",Дунай,SRC012,2020-10-01_2020-12-31_output,ratio_to_geometric_neighbor_center=36.7696; neighbor_ratio=2,retain_unchanged,screening_only,,,,
SWM_27324_20201208,27324,2020-12-08,Azot,mg/dm3,0.009,DQ005_TEMPORAL_ISOLATED_EXTREME,review,Value differs >=20-fold from the geometric mean of adjacent observations; both neighbors are within 5-fold and within 180 days.,3.28,0.8,"р. Ташбунар, 3,6 км, автодорожній міст дороги Татарбунари-Ізмаїл",Дунай,SRC012,2020-10-01_2020-12-31_output,ratio_to_geometric_neighbor_center=0.00555598; neighbor_ratio=4.1,retain_unchanged,screening_only,,,,
SWM_27324_20201208,27324,2020-12-08,Amoniy,mg/dm3,0.01,DQ005_TEMPORAL_ISOLATED_EXTREME,review,Value differs >=20-fold from the geometric mean of adjacent observations; both neighbors are within 5-fold and within 180 days.,0.63,0.16,"р. Ташбунар, 3,6 км, автодорожній міст дороги Татарбунари-Ізмаїл",Дунай,SRC012,2020-10-01_2020-12-31_output,ratio_to_geometric_neighbor_center=0.031497; neighbor_ratio=3.94,retain_unchanged,screening_only,,,,
SWM_37866_20201208,37866,2020-12-08,Amoniy,mg/dm3,0.02,DQ005_TEMPORAL_ISOLATED_EXTREME,review,Value differs >=20-fold from the geometric mean of adjacent observations; both neighbors are within 5-fold and within 180 days.,0.61,0.32,"р. Нерушай, 29,2 км, с. Баштанівка, у межах с. Баштанівка",Дунай,SRC012,2020-10-01_2020-12-31_output,ratio_to_geometric_neighbor_center=0.0452679; neighbor_ratio=1.91,retain_unchanged,screening_only,,,,
SWM_27268_20201214,27268,2020-12-14,Fosfat,mg/dm3,0.008,DQ005_TEMPORAL_ISOLATED_EXTREME,review,Value differs >=20-fold from the geometric mean of adjacent observations; both neighbors are within 5-fold and within 180 days.,0.2,0.38,"р. Кучурган, 0 км, с. Кучургани, Кучурганське вдсх., на східному березі вдсх, 2 км нижче мосту через річку",Дністер,SRC012,2020-10-01_2020-12-31_output,ratio_to_geometric_neighbor_center=0.0290191; neighbor_ratio=1.9,retain_unchanged,screening_only,,,,
SWM_27268_20210104,27268,2021-01-04,Fosfat,mg/dm3,0.38,DQ005_TEMPORAL_ISOLATED_EXTREME,review,Value differs >=20-fold from the geometric mean of adjacent observations; both neighbors are within 5-fold and within 180 days.,0.008,0.04,"р. Кучурган, 0 км, с. Кучургани, Кучурганське вдсх., на східному березі вдсх, 2 км нижче мосту через річку",Дністер,SRC013,2021-01-01_2021-03_31-q1,ratio_to_geometric_neighbor_center=21.2426; neighbor_ratio=5,retain_unchanged,screening_only,,,,
SWM_27135_20210316,27135,2021-03-16,Nitrit,mg/dm3,6.79,DQ005_TEMPORAL_ISOLATED_EXTREME,review,Value differs >=20-fold from the geometric mean of adjacent observations; both neighbors are within 5-fold and within 180 days.,0.068,0.164,"р. Південний Буг, 652 км, м. Хмільник, питний в/з, вище міста",Південний Буг,SRC013,2021-01-01_2021-03_31-q1,ratio_to_geometric_neighbor_center=64.2974; neighbor_ratio=2.41,retain_unchanged,screening_only,,,,
SWM_27267_20210419,27267,2021-04-19,Nitrat,mg/dm3,0.3,DQ005_TEMPORAL_ISOLATED_EXTREME,review,Value differs >=20-fold from the geometric mean of adjacent observations; both neighbors are within 5-fold and within 180 days.,0.004,0.004,"р. Кучурган, 0 км, с. Граданиці, Кучурганське вдсх., 1 км по дамбі від села",Дністер,SRC014,2021-04-01_2021-04-30_output,ratio_to_geometric_neighbor_center=75; neighbor_ratio=1,retain_unchanged,screening_only,,,,
SWM_27268_20210419,27268,2021-04-19,Nitrat,mg/dm3,0.3,DQ005_TEMPORAL_ISOLATED_EXTREME,review,Value differs >=20-fold from the geometric mean of adjacent observations; both neighbors are within 5-fold and within 180 days.,0.004,0.004,"р. Кучурган, 0 км, с. Кучургани, Кучурганське вдсх., на східному березі вдсх, 2 км нижче мосту через річку",Дністер,SRC014,2021-04-01_2021-04-30_output,ratio_to_geometric_neighbor_center=75; neighbor_ratio=1,retain_unchanged,screening_only,,,,
SWM_27351_20210614,27351,2021-06-14,Nitrat,mg/dm3,0.004,DQ005_TEMPORAL_ISOLATED_EXTREME,review,Value differs >=20-fold from the geometric mean of adjacent observations; both neighbors are within 5-fold and within 180 days.,29.3,12.2,"р. Когільник, 131 км, с. Серпневе, кордон з Молдовою",Річки Причорномор'я,SRC016,2021-06-01_2021-06-30_output,ratio_to_geometric_neighbor_center=0.000211566; neighbor_ratio=2.4,retain_unchanged,screening_only,,,,
SWM_37866_20210614,37866,2021-06-14,Nitrit,mg/dm3,0.138,DQ005_TEMPORAL_ISOLATED_EXTREME,review,Value differs >=20-fold from the geometric mean of adjacent observations; both neighbors are within 5-fold and within 180 days.,0.007,0.006,"р. Нерушай, 29,2 км, с. Баштанівка, у межах с. Баштанівка",Дунай,SRC016,2021-06-01_2021-06-30_output,ratio_to_geometric_neighbor_center=21.2939; neighbor_ratio=1.17,retain_unchanged,screening_only,,,,
SWM_27317_20210705,27317,2021-07-05,Nitrat,mg/dm3,0.004,DQ005_TEMPORAL_ISOLATED_EXTREME,review,Value differs >=20-fold from the geometric mean of adjacent observations; both neighbors are within 5-fold and within 180 days.,1.3,1.22,"р. В. Ялпуг, 5,4 км, с. Табаки Болградського р-ну,  впадає в оз. Ялпуг, кордон з Молдовою",Дунай,SRC017,2021-07-01_2021-07-31_output,ratio_to_geometric_neighbor_center=0.0031762; neighbor_ratio=1.07,retain_unchanged,screening_only,,,,
SWM_27328_20210712,27328,2021-07-12,Nitrit,mg/dm3,0.003,DQ005_TEMPORAL_ISOLATED_EXTREME,review,Value differs >=20-fold from the geometric mean of adjacent observations; both neighbors are within 5-fold and within 180 days.,0.17,0.23,"р. Киргиж-Китай, 49 км, с. М. Ярославець, кордон з Молдовою",Дунай,SRC017,2021-07-01_2021-07-31_output,ratio_to_geometric_neighbor_center=0.0151717; neighbor_ratio=1.35,retain_unchanged,screening_only,,,,
SWM_27349_20210806,27349,2021-08-06,Nitrat,mg/dm3,0.004,DQ005_TEMPORAL_ISOLATED_EXTREME,review,Value differs >=20-fold from the geometric mean of adjacent observations; both neighbors are within 5-fold and within 180 days.,3.1,6.8,"р. Сарата, 94 км, с. Міняйлівка, кордон з Молдовою",Річки Причорномор'я,SRC018,2021-08-01_2021-08-31_output,ratio_to_geometric_neighbor_center=0.000871214; neighbor_ratio=2.19,retain_unchanged,screening_only,,,,
SWM_27272_20210809,27272,2021-08-09,Fosfat,mg/dm3,0.01,DQ005_TEMPORAL_ISOLATED_EXTREME,review,Value differs >=20-fold from the geometric mean of adjacent observations; both neighbors are within 5-fold and within 180 days.,0.31,0.17,"р. Дунай, 20 км, м. Вилкове, питний в/з",Дунай,SRC018,2021-08-01_2021-08-31_output,ratio_to_geometric_neighbor_center=0.0435607; neighbor_ratio=1.82,retain_unchanged,screening_only,,,,
SWM_27267_20210816,27267,2021-08-16,Azot,mg/dm3,0.02,DQ005_TEMPORAL_ISOLATED_EXTREME,review,Value differs >=20-fold from the geometric mean of adjacent observations; both neighbors are within 5-fold and within 180 days.,0.24,0.92,"р. Кучурган, 0 км, с. Граданиці, Кучурганське вдсх., 1 км по дамбі від села",Дністер,SRC018,2021-08-01_2021-08-31_output,ratio_to_geometric_neighbor_center=0.0425628; neighbor_ratio=3.83,retain_unchanged,screening_only,,,,
SWM_27267_20210816,27267,2021-08-16,Amoniy,mg/dm3,0.02,DQ005_TEMPORAL_ISOLATED_EXTREME,review,Value differs >=20-fold from the geometric mean of adjacent observations; both neighbors are within 5-fold and within 180 days.,0.32,1.17,"р. Кучурган, 0 км, с. Граданиці, Кучурганське вдсх., 1 км по дамбі від села",Дністер,SRC018,2021-08-01_2021-08-31_output,ratio_to_geometric_neighbor_center=0.032686; neighbor_ratio=3.66,retain_unchanged,screening_only,,,,
SWM_27268_20210816,27268,2021-08-16,Azot,mg/dm3,0.01,DQ005_TEMPORAL_ISOLATED_EXTREME,review,Value differs >=20-fold from the geometric mean of adjacent observations; both neighbors are within 5-fold and within 180 days.,0.24,1.05,"р. Кучурган, 0 км, с. Кучургани, Кучурганське вдсх., на східному березі вдсх, 2 км нижче мосту через річку",Дністер,SRC018,2021-08-01_2021-08-31_output,ratio_to_geometric_neighbor_center=0.0199205; neighbor_ratio=4.38,retain_unchanged,screening_only,,,,
SWM_27268_20210816,27268,2021-08-16,Amoniy,mg/dm3,0.01,DQ005_TEMPORAL_ISOLATED_EXTREME,review,Value differs >=20-fold from the geometric mean of adjacent observations; both neighbors are within 5-fold and within 180 days.,0.27,0.97,"р. Кучурган, 0 км, с. Кучургани, Кучурганське вдсх., на східному березі вдсх, 2 км нижче мосту через річку",Дністер,SRC018,2021-08-01_2021-08-31_output,ratio_to_geometric_neighbor_center=0.0195403; neighbor_ratio=3.59,retain_unchanged,screening_only,,,,
SWM_27267_20210921,27267,2021-09-21,Azot,mg/dm3,0.92,DQ005_TEMPORAL_ISOLATED_EXTREME,review,Value differs >=20-fold from the geometric mean of adjacent observations; both neighbors are within 5-fold and within 180 days.,0.02,0.08,"р. Кучурган, 0 км, с. Граданиці, Кучурганське вдсх., 1 км по дамбі від села",Дністер,SRC019,2021-09-01_2021-09-30_output,ratio_to_geometric_neighbor_center=23; neighbor_ratio=4,retain_unchanged,screening_only,,,,
SWM_27267_20210921,27267,2021-09-21,Amoniy,mg/dm3,1.17,DQ005_TEMPORAL_ISOLATED_EXTREME,review,Value differs >=20-fold from the geometric mean of adjacent observations; both neighbors are within 5-fold and within 180 days.,0.02,0.09,"р. Кучурган, 0 км, с. Граданиці, Кучурганське вдсх., 1 км по дамбі від села",Дністер,SRC019,2021-09-01_2021-09-30_output,ratio_to_geometric_neighbor_center=27.5772; neighbor_ratio=4.5,retain_unchanged,screening_only,,,,
SWM_27265_20211008,27265,2021-10-08,Azot,mg/dm3,0.062,DQ005_TEMPORAL_ISOLATED_EXTREME,review,Value differs >=20-fold from the geometric mean of adjacent observations; both neighbors are within 5-fold and within 180 days.,1.16,1.52,"р. Турунчук, 47 км, с. Троїцьке, кордон з Республікою Молдова",Дністер,SRC020,2021-10-01_2021-10-31_output,ratio_to_geometric_neighbor_center=0.0466918; neighbor_ratio=1.31,retain_unchanged,screening_only,,,,
SWM_27317_20211101,27317,2021-11-01,Nitrat,mg/dm3,0.0045,DQ005_TEMPORAL_ISOLATED_EXTREME,review,Value differs >=20-fold from the geometric mean of adjacent observations; both neighbors are within 5-fold and within 180 days.,1.4,0.5,"р. В. Ялпуг, 5,4 км, с. Табаки Болградського р-ну,  впадає в оз. Ялпуг, кордон з Молдовою",Дунай,SRC021,2021-11-01_2021-11-30_output,ratio_to_geometric_neighbor_center=0.00537853; neighbor_ratio=2.8,retain_unchanged,screening_only,,,,
SWM_27354_20211108,27354,2021-11-08,Nitrit,mg/dm3,0.001,DQ005_TEMPORAL_ISOLATED_EXTREME,review,Value differs >=20-fold from the geometric mean of adjacent observations; both neighbors are within 5-fold and within 180 days.,0.01,0.04,"р. Хаджидер, 68 км, с. Чистоводне, кордон з Молдовою",Річки Причорномор'я,SRC021,2021-11-01_2021-11-30_output,ratio_to_geometric_neighbor_center=0.05; neighbor_ratio=4,retain_unchanged,screening_only,,,,
SWM_27268_20211115,27268,2021-11-15,Nitrat,mg/dm3,0.004,DQ005_TEMPORAL_ISOLATED_EXTREME,review,Value differs >=20-fold from the geometric mean of adjacent observations; both neighbors are within 5-fold and within 180 days.,3.9,1.2,"р. Кучурган, 0 км, с. Кучургани, Кучурганське вдсх., на східному березі вдсх, 2 км нижче мосту через річку",Дністер,SRC021,2021-11-01_2021-11-30_output,ratio_to_geometric_neighbor_center=0.001849; neighbor_ratio=3.25,retain_unchanged,screening_only,,,,
SWM_27268_20211220,27268,2021-12-20,Nitrat,mg/dm3,1.2,DQ005_TEMPORAL_ISOLATED_EXTREME,review,Value differs >=20-fold from the geometric mean of adjacent observations; both neighbors are within 5-fold and within 180 days.,0.004,0.004,"р. Кучурган, 0 км, с. Кучургани, Кучурганське вдсх., на східному березі вдсх, 2 км нижче мосту через річку",Дністер,SRC022,2021-12-01_2021-12-31_output,ratio_to_geometric_neighbor_center=300; neighbor_ratio=1,retain_unchanged,screening_only,,,,
SWM_26968_20211221,26968,2021-12-21,Kisen,mg/dm3,312.0,DQ005_TEMPORAL_ISOLATED_EXTREME,review,Value differs >=20-fold from the geometric mean of adjacent observations; both neighbors are within 5-fold and within 180 days.,12.48,13.02,"р. Ірша, 31 км, м. Малин, питний в/з міста",Дніпро,SRC022,2021-12-01_2021-12-31_output,ratio_to_geometric_neighbor_center=24.4761; neighbor_ratio=1.04,retain_unchanged,screening_only,,,,
SWM_27269_20220110,27269,2022-01-10,Nitrit,mg/dm3,0.06,DQ005_TEMPORAL_ISOLATED_EXTREME,review,Value differs >=20-fold from the geometric mean of adjacent observations; both neighbors are within 5-fold and within 180 days.,0.003,0.003,"р. Дунай, 163 км, м. Рені, кордон з Румунією",Дунай,SRC023,2022-01-01_2022-01-31_output,ratio_to_geometric_neighbor_center=20; neighbor_ratio=1,retain_unchanged,screening_only,,,,
SWM_27265_20220124,27265,2022-01-24,Fosfat,mg/dm3,0.008,DQ005_TEMPORAL_ISOLATED_EXTREME,review,Value differs >=20-fold from the geometric mean of adjacent observations; both neighbors are within 5-fold and within 180 days.,0.22,0.2,"р. Турунчук, 47 км, с. Троїцьке, кордон з Республікою Молдова",Дністер,SRC023,2022-01-01_2022-01-31_output,ratio_to_geometric_neighbor_center=0.0381385; neighbor_ratio=1.1,retain_unchanged,screening_only,,,,
SWM_27315_20220207,27315,2022-02-07,Nitrat,mg/dm3,0.0045,DQ005_TEMPORAL_ISOLATED_EXTREME,review,Value differs >=20-fold from the geometric mean of adjacent observations; both neighbors are within 5-fold and within 180 days.,4.5,6.1,"оз. Ялпуг-Кугурлуй, 0 км, с. Оксамитне Болградського району, Болградський питний в/з",Дунай,SRC024,2022-02-01_2022-02-28_output,ratio_to_geometric_neighbor_center=0.000858898; neighbor_ratio=1.36,retain_unchanged,screening_only,,,,
SWM_27158_20220215,27158,2022-02-15,Sulfat,mg/dm3,0.12,DQ005_TEMPORAL_ISOLATED_EXTREME,review,Value differs >=20-fold from the geometric mean of adjacent observations; both neighbors are within 5-fold and within 180 days.,284.18,296.19,"р. Чорний Ташлик, 51 км, смт Помічна, питний в/з селища",Південний Буг,SRC024,2022-02-01_2022-02-28_output,ratio_to_geometric_neighbor_center=0.000413618; neighbor_ratio=1.04,retain_unchanged,screening_only,,,,
SWM_27315_20220315,27315,2022-03-15,Azot,mg/dm3,2.26,DQ005_TEMPORAL_ISOLATED_EXTREME,review,Value differs >=20-fold from the geometric mean of adjacent observations; both neighbors are within 5-fold and within 180 days.,0.13,0.048,"оз. Ялпуг-Кугурлуй, 0 км, с. Оксамитне Болградського району, Болградський питний в/з",Дунай,SRC025,2022-03-01_2022-03-31_output,ratio_to_geometric_neighbor_center=28.6099; neighbor_ratio=2.71,retain_unchanged,screening_only,,,,
SWM_27315_20220315,27315,2022-03-15,Nitrat,mg/dm3,6.1,DQ005_TEMPORAL_ISOLATED_EXTREME,review,Value differs >=20-fold from the geometric mean of adjacent observations; both neighbors are within 5-fold and within 180 days.,0.0045,0.004,"оз. Ялпуг-Кугурлуй, 0 км, с. Оксамитне Болградського району, Болградський питний в/з",Дунай,SRC025,2022-03-01_2022-03-31_output,ratio_to_geometric_neighbor_center=1437.78; neighbor_ratio=1.12,retain_unchanged,screening_only,,,,
SWM_38397_20220321,38397,2022-03-21,Simazin,mg/dm3,0.03,DQ005_TEMPORAL_ISOLATED_EXTREME,review,Value differs >=20-fold from the geometric mean of adjacent observations; both neighbors are within 5-fold and within 180 days.,0.001,0.001,"р. Гашпарка, 8 км, нижче  с. Велика Копаня, Берегівського  району, автодорожний міст",Дунай,SRC025,2022-03-01_2022-03-31_output,ratio_to_geometric_neighbor_center=30; neighbor_ratio=1,retain_unchanged,screening_only,,,,
SWM_27255_20220404,27255,2022-04-04,Nitrit,mg/dm3,1.1,DQ005_TEMPORAL_ISOLATED_EXTREME,review,Value differs >=20-fold from the geometric mean of adjacent observations; both neighbors are within 5-fold and within 180 days.,0.046,0.028,"р. Серет, 180 км, м. Тернопіль, Тернопільське вдсх., питний в/з",Дністер,SRC026,2022-04-01_2022-04-30_output,ratio_to_geometric_neighbor_center=30.6503; neighbor_ratio=1.64,retain_unchanged,screening_only,,,,
SWM_27330_20220404,27330,2022-04-04,Fosfat,mg/dm3,0.031,DQ005_TEMPORAL_ISOLATED_EXTREME,review,Value differs >=20-fold from the geometric mean of adjacent observations; both neighbors are within 5-fold and within 180 days.,0.96,1.1,"р. Західний Буг, 704 км, м. Кам'янка Бузька, в/з",Вісла,SRC026,2022-04-01_2022-04-30_output,ratio_to_geometric_neighbor_center=0.0301668; neighbor_ratio=1.15,retain_unchanged,screening_only,,,,
SWM_27372_20220418,27372,2022-04-18,Fosfat,mg/dm3,0.01,DQ005_TEMPORAL_ISOLATED_EXTREME,review,Value differs >=20-fold from the geometric mean of adjacent observations; both neighbors are within 5-fold and within 180 days.,0.33,0.26,"р. Синюха, 94 км, смт Новоархангельск, Новоархангельське водосховище, питний в/з смт Смоліне",Південний Буг,SRC026,2022-04-01_2022-04-30_output,ratio_to_geometric_neighbor_center=0.0341394; neighbor_ratio=1.27,retain_unchanged,screening_only,,,,
SWM_26925_20220502,26925,2022-05-02,Fosfat,mg/dm3,0.005,DQ005_TEMPORAL_ISOLATED_EXTREME,review,Value differs >=20-fold from the geometric mean of adjacent observations; both neighbors are within 5-fold and within 180 days.,0.122,0.18,"р. Прип'ять, 570 км, с. Сенчиці, кордон з Білоруссю",Дніпро,SRC027,2022-05-01_2022-05-31_output,ratio_to_geometric_neighbor_center=0.0337407; neighbor_ratio=1.48,retain_unchanged,screening_only,,,,
SWM_27355_20220517,27355,2022-05-17,Nitrit,mg/dm3,0.003,DQ005_TEMPORAL_ISOLATED_EXTREME,review,Value differs >=20-fold from the geometric mean of adjacent observations; both neighbors are within 5-fold and within 180 days.,0.07,0.11,"р. Каплань, 19 км, с. Крутоярівка, кордон з Молдовою",Річки Причорномор'я,SRC027,2022-05-01_2022-05-31_output,ratio_to_geometric_neighbor_center=0.0341882; neighbor_ratio=1.57,retain_unchanged,screening_only,,,,
SWM_37957_20220524,37957,2022-05-24,Simazin,mg/dm3,0.031,DQ005_TEMPORAL_ISOLATED_EXTREME,review,Value differs >=20-fold from the geometric mean of adjacent observations; both neighbors are within 5-fold and within 180 days.,0.001,0.001,"водосховище Бабічка, 2 км,  с. Залужжя, Мукачівський район",Дунай,SRC027,2022-05-01_2022-05-31_output,ratio_to_geometric_neighbor_center=31; neighbor_ratio=1,retain_unchanged,screening_only,,,,
SWM_37945_20220606,37945,2022-06-06,Atrazin,mg/dm3,0.16,DQ005_TEMPORAL_ISOLATED_EXTREME,review,Value differs >=20-fold from the geometric mean of adjacent observations; both neighbors are within 5-fold and within 180 days.,0.001,0.001,"р. Латориця, 87 км, нижче с. Нове Давидково, Мукачівський район, автодорожний міст",Дунай,SRC028,2022-06-01_2022-06-30_output,ratio_to_geometric_neighbor_center=160; neighbor_ratio=1,retain_unchanged,screening_only,,,,
SWM_37953_20220606,37953,2022-06-06,Atrazin,mg/dm3,0.12,DQ005_TEMPORAL_ISOLATED_EXTREME,review,Value differs >=20-fold from the geometric mean of adjacent observations; both neighbors are within 5-fold and within 180 days.,0.001,0.001,"р. Стара, 17 км,  с. Зняцево, Мукачівський район, автодорожний міст",Дунай,SRC028,2022-06-01_2022-06-30_output,ratio_to_geometric_neighbor_center=120; neighbor_ratio=1,retain_unchanged,screening_only,,,,
SWM_27136_20220609,27136,2022-06-09,Nitrit,mg/dm3,0.16,DQ005_TEMPORAL_ISOLATED_EXTREME,review,Value differs >=20-fold from the geometric mean of adjacent observations; both neighbors are within 5-fold and within 180 days.,0.01,0.003,"р. Південний Буг, 607 км, с. Гущинці, нижче села , питний водозабір м.Калинівка",Південний Буг,SRC028,2022-06-01_2022-06-30_output,ratio_to_geometric_neighbor_center=29.2119; neighbor_ratio=3.33,retain_unchanged,screening_only,,,,
SWM_37949_20220613,37949,2022-06-13,Nitrat,mg/dm3,0.053,DQ005_TEMPORAL_ISOLATED_EXTREME,review,Value differs >=20-fold from the geometric mean of adjacent observations; both neighbors are within 5-fold and within 180 days.,2.6,3.3,"р. Гнилий Тікич, 41 км, м. Звенигородка, питний в/з  КП «Водопостачання та водовідведення» Звенигородської міської ради",Південний Буг,SRC028,2022-06-01_2022-06-30_output,ratio_to_geometric_neighbor_center=0.0180939; neighbor_ratio=1.27,retain_unchanged,screening_only,,,,
SWM_27140_20220705,27140,2022-07-05,Nitrit,mg/dm3,0.002,DQ005_TEMPORAL_ISOLATED_EXTREME,review,Value differs >=20-fold from the geometric mean of adjacent observations; both neighbors are within 5-fold and within 180 days.,0.046,0.058,"р. Південний Буг, 413 км, с. Маньківка, вище села, питний в/з м.Ладижин",Південний Буг,SRC029,2022-07-01_2022-07-31_output,ratio_to_geometric_neighbor_center=0.0387202; neighbor_ratio=1.26,retain_unchanged,screening_only,,,,
SWM_27136_20220707,27136,2022-07-07,Nitrit,mg/dm3,0.003,DQ005_TEMPORAL_ISOLATED_EXTREME,review,Value differs >=20-fold from the geometric mean of adjacent observations; both neighbors are within 5-fold and within 180 days.,0.16,0.23,"р. Південний Буг, 607 км, с. Гущинці, нижче села , питний водозабір м.Калинівка",Південний Буг,SRC029,2022-07-01_2022-07-31_output,ratio_to_geometric_neighbor_center=0.0156386; neighbor_ratio=1.44,retain_unchanged,screening_only,,,,
SWM_27137_20220707,27137,2022-07-07,Nitrit,mg/dm3,0.005,DQ005_TEMPORAL_ISOLATED_EXTREME,review,Value differs >=20-fold from the geometric mean of adjacent observations; both neighbors are within 5-fold and within 180 days.,0.15,0.12,"р. Південний Буг, 582 км, м. Вінниця, Сабарівське вдсх,  питний в/з міста, вище міста",Південний Буг,SRC029,2022-07-01_2022-07-31_output,ratio_to_geometric_neighbor_center=0.0372678; neighbor_ratio=1.25,retain_unchanged,screening_only,,,,
SWM_27315_20220711,27315,2022-07-11,Nitrit,mg/dm3,0.11,DQ005_TEMPORAL_ISOLATED_EXTREME,review,Value differs >=20-fold from the geometric mean of adjacent observations; both neighbors are within 5-fold and within 180 days.,0.003,0.003,"оз. Ялпуг-Кугурлуй, 0 км, с. Оксамитне Болградського району, Болградський питний в/з",Дунай,SRC029,2022-07-01_2022-07-31_output,ratio_to_geometric_neighbor_center=36.6667; neighbor_ratio=1,retain_unchanged,screening_only,,,,
SWM_27778_20220712,27778,2022-07-12,BSK5,mgO2/dm3,0.06,DQ005_TEMPORAL_ISOLATED_EXTREME,review,Value differs >=20-fold from the geometric mean of adjacent observations; both neighbors are within 5-fold and within 180 days.,1.43,1.67,"р. Чорна Тиса, 10 км, с. Кваси,  10 км, с. Кваси, Рахівський район, автодорожний міст",Дунай,SRC029,2022-07-01_2022-07-31_output,ratio_to_geometric_neighbor_center=0.0388262; neighbor_ratio=1.17,retain_unchanged,screening_only,,,,
SWM_27267_20220815,27267,2022-08-15,Nitrat,mg/dm3,0.004,DQ005_TEMPORAL_ISOLATED_EXTREME,review,Value differs >=20-fold from the geometric mean of adjacent observations; both neighbors are within 5-fold and within 180 days.,3.5,7.0,"р. Кучурган, 1 км, с. Граданиці, Кучурганське вдсх., 1 км по дамбі від села",Дністер,SRC030,2022-08-01_2022-08-31_output,ratio_to_geometric_neighbor_center=0.000808122; neighbor_ratio=2,retain_unchanged,screening_only,,,,
SWM_26988_20221004,26988,2022-10-04,Nitrit,mg/dm3,3.6,DQ005_TEMPORAL_ISOLATED_EXTREME,review,Value differs >=20-fold from the geometric mean of adjacent observations; both neighbors are within 5-fold and within 180 days.,0.04,0.06,"р. Десна, 3 км, м.Київ, Деснянський питний в/з міста",Дніпро,SRC032,2022-10-01_2022-10-31_output,ratio_to_geometric_neighbor_center=73.4847; neighbor_ratio=1.5,retain_unchanged,screening_only,,,,
SWM_27233_20221012,27233,2022-10-12,Nitrit,mg/dm3,0.003,DQ005_TEMPORAL_ISOLATED_EXTREME,review,Value differs >=20-fold from the geometric mean of adjacent observations; both neighbors are within 5-fold and within 180 days.,0.07,0.13,"р. Дністер, 16 км, с. Маяки, ГНС Нижньо-Дністровської ЗС",Дністер,SRC032,2022-10-01_2022-10-31_output,ratio_to_geometric_neighbor_center=0.0314485; neighbor_ratio=1.86,retain_unchanged,screening_only,,,,
SWM_27262_20221012,27262,2022-10-12,Nitrit,mg/dm3,0.79,DQ005_TEMPORAL_ISOLATED_EXTREME,review,Value differs >=20-fold from the geometric mean of adjacent observations; both neighbors are within 5-fold and within 180 days.,0.02,0.03,"р. Білоч, 15 км, с. Шершенці, кордон з Молдовою",Дністер,SRC032,2022-10-01_2022-10-31_output,ratio_to_geometric_neighbor_center=32.2516; neighbor_ratio=1.5,retain_unchanged,screening_only,,,,
SWM_27351_20221017,27351,2022-10-17,Nitrit,mg/dm3,0.009,DQ005_TEMPORAL_ISOLATED_EXTREME,review,Value differs >=20-fold from the geometric mean of adjacent observations; both neighbors are within 5-fold and within 180 days.,0.15,0.25,"р. Когільник, 131 км, с. Серпневе, кордон з Молдовою",Річки Причорномор'я,SRC032,2022-10-01_2022-10-31_output,ratio_to_geometric_neighbor_center=0.0464758; neighbor_ratio=1.67,retain_unchanged,screening_only,,,,
SWM_27268_20221114,27268,2022-11-14,Nitrat,mg/dm3,0.004,DQ005_TEMPORAL_ISOLATED_EXTREME,review,Value differs >=20-fold from the geometric mean of adjacent observations; both neighbors are within 5-fold and within 180 days.,1.9,1.0,"р. Кучурган, 20 км, с. Кучургани, Кучурганське вдсх., на східному березі вдсх, 2 км нижче мосту через річку",Дністер,SRC033,2022-11-01_2022-11-30_output,ratio_to_geometric_neighbor_center=0.00290191; neighbor_ratio=1.9,retain_unchanged,screening_only,,,,
SWM_27264_20230109,27264,2023-01-09,Amoniy,mg/dm3,0.002,DQ005_TEMPORAL_ISOLATED_EXTREME,review,Value differs >=20-fold from the geometric mean of adjacent observations; both neighbors are within 5-fold and within 180 days.,0.9,0.61,"р. Ягорлик, 20,2 км, с. Артирівка, кордон з Молдовою",Дністер,SRC035,2023-01-01_2023-01-31_output,ratio_to_geometric_neighbor_center=0.00269925; neighbor_ratio=1.48,retain_unchanged,screening_only,,,,
SWM_27265_20230206,27265,2023-02-06,Azot,mg/dm3,0.06,DQ005_TEMPORAL_ISOLATED_EXTREME,review,Value differs >=20-fold from the geometric mean of adjacent observations; both neighbors are within 5-fold and within 180 days.,1.719,0.9,"р. Турунчук, 47 км, с. Троїцьке, кордон з Республікою Молдова",Дністер,SRC036,2023-02-01_2023-02-28_output,ratio_to_geometric_neighbor_center=0.0482383; neighbor_ratio=1.91,retain_unchanged,screening_only,,,,
SWM_27267_20230206,27267,2023-02-06,Nitrat,mg/dm3,0.004,DQ005_TEMPORAL_ISOLATED_EXTREME,review,Value differs >=20-fold from the geometric mean of adjacent observations; both neighbors are within 5-fold and within 180 days.,6.9,4.0,"р. Кучурган, 1 км, с. Граданиці, Кучурганське вдсх., 1 км по дамбі від села",Дністер,SRC036,2023-02-01_2023-02-28_output,ratio_to_geometric_neighbor_center=0.000761387; neighbor_ratio=1.73,retain_unchanged,screening_only,,,,
SWM_27267_20230206,27267,2023-02-06,Nitrit,mg/dm3,0.23,DQ005_TEMPORAL_ISOLATED_EXTREME,review,Value differs >=20-fold from the geometric mean of adjacent observations; both neighbors are within 5-fold and within 180 days.,0.02,0.005,"р. Кучурган, 1 км, с. Граданиці, Кучурганське вдсх., 1 км по дамбі від села",Дністер,SRC036,2023-02-01_2023-02-28_output,ratio_to_geometric_neighbor_center=23; neighbor_ratio=4,retain_unchanged,screening_only,,,,
SWM_27268_20230206,27268,2023-02-06,Nitrat,mg/dm3,0.004,DQ005_TEMPORAL_ISOLATED_EXTREME,review,Value differs >=20-fold from the geometric mean of adjacent observations; both neighbors are within 5-fold and within 180 days.,6.3,4.0,"р. Кучурган, 20 км, с. Кучургани, Кучурганське вдсх., на східному березі вдсх, 2 км нижче мосту через річку",Дністер,SRC036,2023-02-01_2023-02-28_output,ratio_to_geometric_neighbor_center=0.000796819; neighbor_ratio=1.57,retain_unchanged,screening_only,,,,
SWM_27354_20230213,27354,2023-02-13,Nitrit,mg/dm3,0.71,DQ005_TEMPORAL_ISOLATED_EXTREME,review,Value differs >=20-fold from the geometric mean of adjacent observations; both neighbors are within 5-fold and within 180 days.,0.01,0.05,"р. Хаджидер, 68 км, с. Чистоводне, кордон з Молдовою",Річки Причорномор'я,SRC036,2023-02-01_2023-02-28_output,ratio_to_geometric_neighbor_center=31.7522; neighbor_ratio=5,retain_unchanged,screening_only,,,,
SWM_27315_20230424,27315,2023-04-24,Azot,mg/dm3,0.01,DQ005_TEMPORAL_ISOLATED_EXTREME,review,Value differs >=20-fold from the geometric mean of adjacent observations; both neighbors are within 5-fold and within 180 days.,0.66,0.657,"оз. Ялпуг-Кугурлуй, 0 км, с. Оксамитне Болградського району, Болградський питний в/з",Дунай,SRC038,2023-04-01_2023-04-30_output,ratio_to_geometric_neighbor_center=0.0151861; neighbor_ratio=1,retain_unchanged,screening_only,,,,
SWM_27354_20230424,27354,2023-04-24,Nitrat,mg/dm3,0.0045,DQ005_TEMPORAL_ISOLATED_EXTREME,review,Value differs >=20-fold from the geometric mean of adjacent observations; both neighbors are within 5-fold and within 180 days.,2.0,1.2,"р. Хаджидер, 68 км, с. Чистоводне, кордон з Молдовою",Річки Причорномор'я,SRC038,2023-04-01_2023-04-30_output,ratio_to_geometric_neighbor_center=0.00290474; neighbor_ratio=1.67,retain_unchanged,screening_only,,,,
SWM_27267_20230508,27267,2023-05-08,Azot,mg/dm3,0.001,DQ005_TEMPORAL_ISOLATED_EXTREME,review,Value differs >=20-fold from the geometric mean of adjacent observations; both neighbors are within 5-fold and within 180 days.,0.353,0.475,"р. Кучурган, 1 км, с. Граданиці, Кучурганське вдсх., 1 км по дамбі від села",Дністер,SRC039,2023-05-01_2023-05-31_output,ratio_to_geometric_neighbor_center=0.00244211; neighbor_ratio=1.35,retain_unchanged,screening_only,,,,
SWM_27267_20230508,27267,2023-05-08,Nitrat,mg/dm3,0.005,DQ005_TEMPORAL_ISOLATED_EXTREME,review,Value differs >=20-fold from the geometric mean of adjacent observations; both neighbors are within 5-fold and within 180 days.,1.2,1.0,"р. Кучурган, 1 км, с. Граданиці, Кучурганське вдсх., 1 км по дамбі від села",Дністер,SRC039,2023-05-01_2023-05-31_output,ratio_to_geometric_neighbor_center=0.00456435; neighbor_ratio=1.2,retain_unchanged,screening_only,,,,
SWM_27354_20230522,27354,2023-05-22,Nitrat,mg/dm3,1.2,DQ005_TEMPORAL_ISOLATED_EXTREME,review,Value differs >=20-fold from the geometric mean of adjacent observations; both neighbors are within 5-fold and within 180 days.,0.0045,0.0045,"р. Хаджидер, 68 км, с. Чистоводне, кордон з Молдовою",Річки Причорномор'я,SRC039,2023-05-01_2023-05-31_output,ratio_to_geometric_neighbor_center=266.667; neighbor_ratio=1,retain_unchanged,screening_only,,,,
SWM_37949_20230607,37949,2023-06-07,Nitrat,mg/dm3,0.05,DQ005_TEMPORAL_ISOLATED_EXTREME,review,Value differs >=20-fold from the geometric mean of adjacent observations; both neighbors are within 5-fold and within 180 days.,1.0,1.6,"р. Гнилий Тікич, 41 км, м. Звенигородка, питний в/з  КП «Водопостачання та водовідведення» Звенигородської міської ради",Південний Буг,SRC040,2023-06-01_2023-06-30_output,ratio_to_geometric_neighbor_center=0.0395285; neighbor_ratio=1.6,retain_unchanged,screening_only,,,,
SWM_27267_20230807,27267,2023-08-07,Azot,mg/dm3,0.001,DQ005_TEMPORAL_ISOLATED_EXTREME,review,Value differs >=20-fold from the geometric mean of adjacent observations; both neighbors are within 5-fold and within 180 days.,0.424,0.34,"р. Кучурган, 1 км, с. Граданиці, Кучурганське вдсх., 1 км по дамбі від села",Дністер,SRC042,2023-08-01_2023-08-31_output,ratio_to_geometric_neighbor_center=0.00263377; neighbor_ratio=1.25,retain_unchanged,screening_only,,,,
SWM_27267_20230807,27267,2023-08-07,Nitrat,mg/dm3,0.004,DQ005_TEMPORAL_ISOLATED_EXTREME,review,Value differs >=20-fold from the geometric mean of adjacent observations; both neighbors are within 5-fold and within 180 days.,0.8,1.0,"р. Кучурган, 1 км, с. Граданиці, Кучурганське вдсх., 1 км по дамбі від села",Дністер,SRC042,2023-08-01_2023-08-31_output,ratio_to_geometric_neighbor_center=0.00447214; neighbor_ratio=1.25,retain_unchanged,screening_only,,,,
SWM_27268_20230807,27268,2023-08-07,Nitrat,mg/dm3,0.004,DQ005_TEMPORAL_ISOLATED_EXTREME,review,Value differs >=20-fold from the geometric mean of adjacent observations; both neighbors are within 5-fold and within 180 days.,1.0,1.0,"р. Кучурган, 20 км, с. Кучургани, Кучурганське вдсх., на східному березі вдсх, 2 км нижче мосту через річку",Дністер,SRC042,2023-08-01_2023-08-31_output,ratio_to_geometric_neighbor_center=0.004; neighbor_ratio=1,retain_unchanged,screening_only,,,,
SWM_27264_20231009,27264,2023-10-09,Nitrat,mg/dm3,0.2,DQ005_TEMPORAL_ISOLATED_EXTREME,review,Value differs >=20-fold from the geometric mean of adjacent observations; both neighbors are within 5-fold and within 180 days.,11.64,2.6,"р. Ягорлик, 20,2 км, с. Артирівка, кордон з Молдовою",Дністер,SRC044,2023-10-01_2023-10-31_output,ratio_to_geometric_neighbor_center=0.0363552; neighbor_ratio=4.48,retain_unchanged,screening_only,,,,
SWM_27272_20231113,27272,2023-11-13,Nitrit,mg/dm3,0.002,DQ005_TEMPORAL_ISOLATED_EXTREME,review,Value differs >=20-fold from the geometric mean of adjacent observations; both neighbors are within 5-fold and within 180 days.,0.08,0.07,"р. Дунай, 20 км, м. Вилкове, питний в/з",Дунай,SRC045,2023-11-01_2023-11-30_output,ratio_to_geometric_neighbor_center=0.0267261; neighbor_ratio=1.14,retain_unchanged,screening_only,,,,
SWM_27266_20240118,27266,2024-01-18,SPAR,mg/dm3,19.0,DQ005_TEMPORAL_ISOLATED_EXTREME,review,Value differs >=20-fold from the geometric mean of adjacent observations; both neighbors are within 5-fold and within 180 days.,0.06,0.16,"р. Кучурган, 6 км, с. Степанівка, впадає в Кучурганський лиман, кордон з Республікою Молдова",Дністер,SRC047,2024-01-01_2024-01-31_output,ratio_to_geometric_neighbor_center=193.918; neighbor_ratio=2.67,retain_unchanged,screening_only,,,,
SWM_27573_20240308,27573,2024-03-08,Nitrat,mg/dm3,34.46,DQ005_TEMPORAL_ISOLATED_EXTREME,review,Value differs >=20-fold from the geometric mean of adjacent observations; both neighbors are within 5-fold and within 180 days.,2.26,0.5,"р. Саксагань, 65 км, с. Макорти, Макортовське водосховище, питний водозабір КП ПМР ""Житлокомплекс""",Дніпро,SRC049,2024-03-01_2024-03-31_output,ratio_to_geometric_neighbor_center=32.4172; neighbor_ratio=4.52,retain_unchanged,screening_only,,,,
SWM_27272_20240312,27272,2024-03-12,Amoniy,mg/dm3,0.021,DQ005_TEMPORAL_ISOLATED_EXTREME,review,Value differs >=20-fold from the geometric mean of adjacent observations; both neighbors are within 5-fold and within 180 days.,1.17,0.36,"р. Дунай, 20 км, м. Вилкове, питний в/з",Дунай,SRC049,2024-03-01_2024-03-31_output,ratio_to_geometric_neighbor_center=0.0323575; neighbor_ratio=3.25,retain_unchanged,screening_only,,,,
SWM_27372_20240318,27372,2024-03-18,Fosfat,mg/dm3,0.01,DQ005_TEMPORAL_ISOLATED_EXTREME,review,Value differs >=20-fold from the geometric mean of adjacent observations; both neighbors are within 5-fold and within 180 days.,0.27,0.99,"р. Синюха, 94 км, смт Новоархангельск, Новоархангельське водосховище, питний в/з смт Смоліне",Південний Буг,SRC049,2024-03-01_2024-03-31_output,ratio_to_geometric_neighbor_center=0.019342; neighbor_ratio=3.67,retain_unchanged,screening_only,,,,
SWM_27822_20240408,27822,2024-04-08,Amoniy,mg/dm3,0.01,DQ005_TEMPORAL_ISOLATED_EXTREME,review,Value differs >=20-fold from the geometric mean of adjacent observations; both neighbors are within 5-fold and within 180 days.,0.2,0.2,"р. Дунай, 89,9 км, м. Ізмаїл, 89,9 км р. Дунай, 1,0 км нижче м. Ізмаїл",Дунай,SRC050,2024-04-april,ratio_to_geometric_neighbor_center=0.05; neighbor_ratio=1,retain_unchanged,screening_only,,,,
SWM_27835_20240603,27835,2024-06-03,Atrazin,mg/dm3,1.487,DQ005_TEMPORAL_ISOLATED_EXTREME,review,Value differs >=20-fold from the geometric mean of adjacent observations; both neighbors are within 5-fold and within 180 days.,0.01,0.014,"р. Західний Буг, 781 км, м. Буськ, 781 км, м. Буськ, Львівська область",Вісла,SRC052,2024-06-june,ratio_to_geometric_neighbor_center=125.674; neighbor_ratio=1.4,retain_unchanged,screening_only,,,,
SWM_27339_20240605,27339,2024-06-05,Atrazin,mg/dm3,5.01,DQ005_TEMPORAL_ISOLATED_EXTREME,review,Value differs >=20-fold from the geometric mean of adjacent observations; both neighbors are within 5-fold and within 180 days.,0.082,0.252,"р. Полтва, 30 км, с.Кам’янопіль, Пустомитівський р-н, кільцева дорога біля шлюзу",Вісла,SRC052,2024-06-june,ratio_to_geometric_neighbor_center=34.8522; neighbor_ratio=3.07,retain_unchanged,screening_only,,,,
SWM_37949_20240606,37949,2024-06-06,Nitrat,mg/dm3,0.03,DQ005_TEMPORAL_ISOLATED_EXTREME,review,Value differs >=20-fold from the geometric mean of adjacent observations; both neighbors are within 5-fold and within 180 days.,2.0,0.5,"р. Гнилий Тікич, 41 км, м. Звенигородка, питний в/з  КП «Водопостачання та водовідведення» Звенигородської міської ради",Південний Буг,SRC052,2024-06-june,ratio_to_geometric_neighbor_center=0.03; neighbor_ratio=4,retain_unchanged,screening_only,,,,
SWM_27835_20240701,27835,2024-07-01,Atrazin,mg/dm3,0.014,DQ005_TEMPORAL_ISOLATED_EXTREME,review,Value differs >=20-fold from the geometric mean of adjacent observations; both neighbors are within 5-fold and within 180 days.,1.487,0.41,"р. Західний Буг, 781 км, м. Буськ, 781 км, м. Буськ, Львівська область",Вісла,SRC053,2024-07,ratio_to_geometric_neighbor_center=0.01793; neighbor_ratio=3.63,retain_unchanged,screening_only,,,,
SWM_38576_20240906,38576,2024-09-06,Nitrit,mg/dm3,1.07,DQ005_TEMPORAL_ISOLATED_EXTREME,review,Value differs >=20-fold from the geometric mean of adjacent observations; both neighbors are within 5-fold and within 180 days.,0.06,0.04,"р. Інгулець, 0 км, с. Мар'янівка, с. Мар'янівка (вплив хвостосховища ЦГЗКа",Дніпро,SRC055,2024-09,ratio_to_geometric_neighbor_center=21.8413; neighbor_ratio=1.5,retain_unchanged,screening_only,,,,
SWM_38578_20240906,38578,2024-09-06,Nitrit,mg/dm3,0.98,DQ005_TEMPORAL_ISOLATED_EXTREME,review,Value differs >=20-fold from the geometric mean of adjacent observations; both neighbors are within 5-fold and within 180 days.,0.03,0.03,"р. Інгулець, 0 км, с. Кудашівка, с. Кудашівка (вплив приток Боковенька та Бокова)",Дніпро,SRC055,2024-09,ratio_to_geometric_neighbor_center=32.6667; neighbor_ratio=1,retain_unchanged,screening_only,,,,
SWM_38126_20240919,38126,2024-09-19,Kisen,mg/dm3,2.4,DQ005_TEMPORAL_ISOLATED_EXTREME,review,Value differs >=20-fold from the geometric mean of adjacent observations; both neighbors are within 5-fold and within 180 days.,0.14,0.08,"р. Сейм, 0 км, м. Мутин, 2,0 км вище міста",Дніпро,SRC055,2024-09,ratio_to_geometric_neighbor_center=22.6779; neighbor_ratio=1.75,retain_unchanged,screening_only,,,,
SWM_38673_20240920,38673,2024-09-20,Kisen,mg/dm3,0.01,DQ005_TEMPORAL_ISOLATED_EXTREME,review,Value differs >=20-fold from the geometric mean of adjacent observations; both neighbors are within 5-fold and within 180 days.,0.29,1.08,"р. Сейм, 0 км, с. Пруди",Дніпро,SRC055,2024-09,ratio_to_geometric_neighbor_center=0.0178685; neighbor_ratio=3.72,retain_unchanged,screening_only,,,,
SWM_27165_20241014,27165,2024-10-14,Zavisli,mg/dm3,0.4,DQ005_TEMPORAL_ISOLATED_EXTREME,review,Value differs >=20-fold from the geometric mean of adjacent observations; both neighbors are within 5-fold and within 180 days.,23.2,13.2,"р. Інгул, 163 км, смт. Новий Буг, Софіівське вдсх., питний в/з селища",Південний Буг,SRC056,2024-10,ratio_to_geometric_neighbor_center=0.0228575; neighbor_ratio=1.76,retain_unchanged,screening_only,,,,
SWM_27576_20241014,27576,2024-10-14,Amoniy,mg/dm3,27.0,DQ005_TEMPORAL_ISOLATED_EXTREME,review,Value differs >=20-fold from the geometric mean of adjacent observations; both neighbors are within 5-fold and within 180 days.,1.12,1.42,"р. Десна, 20 км, КП ""Броваритепловодоенергія""",Дніпро,SRC056,2024-10,ratio_to_geometric_neighbor_center=21.4097; neighbor_ratio=1.27,retain_unchanged,screening_only,,,,
SWM_27568_20241018,27568,2024-10-18,Nitrit,mg/dm3,2.5,DQ005_TEMPORAL_ISOLATED_EXTREME,review,Value differs >=20-fold from the geometric mean of adjacent observations; both neighbors are within 5-fold and within 180 days.,0.03,0.12,"р. Рось, 102 км, с.Тептіївка, питний водозабір м.Миронівка",Дніпро,SRC056,2024-10,ratio_to_geometric_neighbor_center=41.6667; neighbor_ratio=4,retain_unchanged,screening_only,,,,
SWM_27147_20241104,27147,2024-11-04,Nitrat,mg/dm3,0.03,DQ005_TEMPORAL_ISOLATED_EXTREME,review,Value differs >=20-fold from the geometric mean of adjacent observations; both neighbors are within 5-fold and within 180 days.,0.81,0.81,"р. Південний Буг, 136 км, у межах с. Олександрівка , Олександрівське вдсх.",Південний Буг,SRC057,2024-11,ratio_to_geometric_neighbor_center=0.037037; neighbor_ratio=1,retain_unchanged,screening_only,,,,
SWM_38389_20241125,38389,2024-11-25,Fosfat,mg/dm3,0.015,DQ005_TEMPORAL_ISOLATED_EXTREME,review,Value differs >=20-fold from the geometric mean of adjacent observations; both neighbors are within 5-fold and within 180 days.,1.4,1.1,"р. Солониця, 0 км, с. Раневичі, вплив ПрАТ Стебницьке ГХП “Полімінерал”",Дністер,SRC057,2024-11,ratio_to_geometric_neighbor_center=0.0120873; neighbor_ratio=1.27,retain_unchanged,screening_only,,,,
SWM_27072_20250107,27072,2025-01-07,Zavisli,mg/dm3,0.14,DQ005_TEMPORAL_ISOLATED_EXTREME,review,Value differs >=20-fold from the geometric mean of adjacent observations; both neighbors are within 5-fold and within 180 days.,7.1,6.5,"р. Дніпро, 420 км, м. Дніпро, лівий берег, Ломовський питний в/з",Дніпро,SRC059,2025-01,ratio_to_geometric_neighbor_center=0.0206083; neighbor_ratio=1.09,retain_unchanged,screening_only,,,,
SWM_27355_20250205,27355,2025-02-05,Amoniy,mg/dm3,0.01,DQ005_TEMPORAL_ISOLATED_EXTREME,review,Value differs >=20-fold from the geometric mean of adjacent observations; both neighbors are within 5-fold and within 180 days.,0.26,0.38,"р. Каплань, 19 км, с. Крутоярівка, кордон з Молдовою",Річки Причорномор'я,SRC060,2025-02-february,ratio_to_geometric_neighbor_center=0.0318142; neighbor_ratio=1.46,retain_unchanged,screening_only,,,,
SWM_27122_20250218,27122,2025-02-18,Nitrat,mg/dm3,2364.0,DQ005_TEMPORAL_ISOLATED_EXTREME,review,Value differs >=20-fold from the geometric mean of adjacent observations; both neighbors are within 5-fold and within 180 days.,4.5,3.15,"р. Інгулець, 265 км, с. Андріївка",Дніпро,SRC060,2025-02-february,ratio_to_geometric_neighbor_center=627.893; neighbor_ratio=1.43,retain_unchanged,screening_only,,,,
SWM_27308_20250303,27308,2025-03-03,Azot,mg/dm3,0.027,DQ005_TEMPORAL_ISOLATED_EXTREME,review,Value differs >=20-fold from the geometric mean of adjacent observations; both neighbors are within 5-fold and within 180 days.,0.977,0.861,"р. Прут, 772 км, с.Ленківці, в/з м. Чернівці, лівий берег, 500 м вище мосту по дорозі на Чернівці",Дунай,SRC061,2025-03-march,ratio_to_geometric_neighbor_center=0.0294384; neighbor_ratio=1.13,retain_unchanged,screening_only,,,,
SWM_26977_20250317,26977,2025-03-17,Amoniy,mg/dm3,0.78,DQ005_TEMPORAL_ISOLATED_EXTREME,review,Value differs >=20-fold from the geometric mean of adjacent observations; both neighbors are within 5-fold and within 180 days.,56.85,15.31,"р. Дніпро, 855 км, Скидний канал БСА, (Канівське водосховище)",Дніпро,SRC061,2025-03-march,ratio_to_geometric_neighbor_center=0.0264388; neighbor_ratio=3.71,retain_unchanged,screening_only,,,,
SWM_26977_20250317,26977,2025-03-17,Nitrit,mg/dm3,26.87,DQ005_TEMPORAL_ISOLATED_EXTREME,review,Value differs >=20-fold from the geometric mean of adjacent observations; both neighbors are within 5-fold and within 180 days.,1.16,1.19,"р. Дніпро, 855 км, Скидний канал БСА, (Канівське водосховище)",Дніпро,SRC061,2025-03-march,ratio_to_geometric_neighbor_center=22.8699; neighbor_ratio=1.03,retain_unchanged,screening_only,,,,
SWM_27568_20250423,27568,2025-04-23,Nitrat,mg/dm3,28.24,DQ005_TEMPORAL_ISOLATED_EXTREME,review,Value differs >=20-fold from the geometric mean of adjacent observations; both neighbors are within 5-fold and within 180 days.,0.92,1.98,"р. Рось, 102 км, с.Тептіївка, питний водозабір м.Миронівка",Дніпро,SRC062,2025-04-april,ratio_to_geometric_neighbor_center=20.9237; neighbor_ratio=2.15,retain_unchanged,screening_only,,,,
SWM_27112_20250505,27112,2025-05-05,Hlorid,mg/dm3,886.0,DQ005_TEMPORAL_ISOLATED_EXTREME,review,Value differs >=20-fold from the geometric mean of adjacent observations; both neighbors are within 5-fold and within 180 days.,45.0,35.0,"р. Дніпро, 40 км, м. Херсон, 1 км вище міста",Дніпро,SRC063,2025-05-may,ratio_to_geometric_neighbor_center=22.3251; neighbor_ratio=1.29,retain_unchanged,screening_only,,,,
SWM_27112_20250505,27112,2025-05-05,Amoniy,mg/dm3,5.5,DQ005_TEMPORAL_ISOLATED_EXTREME,review,Value differs >=20-fold from the geometric mean of adjacent observations; both neighbors are within 5-fold and within 180 days.,0.22,0.19,"р. Дніпро, 40 км, м. Херсон, 1 км вище міста",Дніпро,SRC063,2025-05-may,ratio_to_geometric_neighbor_center=26.9014; neighbor_ratio=1.16,retain_unchanged,screening_only,,,,
SWM_27112_20250505,27112,2025-05-05,Nitrit,mg/dm3,0.41,DQ005_TEMPORAL_ISOLATED_EXTREME,review,Value differs >=20-fold from the geometric mean of adjacent observations; both neighbors are within 5-fold and within 180 days.,0.015,0.01,"р. Дніпро, 40 км, м. Херсон, 1 км вище міста",Дніпро,SRC063,2025-05-may,ratio_to_geometric_neighbor_center=33.4764; neighbor_ratio=1.5,retain_unchanged,screening_only,,,,
SWM_27147_20250505,27147,2025-05-05,Nitrat,mg/dm3,0.03,DQ005_TEMPORAL_ISOLATED_EXTREME,review,Value differs >=20-fold from the geometric mean of adjacent observations; both neighbors are within 5-fold and within 180 days.,0.88,0.95,"р. Південний Буг, 136 км, у межах с. Олександрівка , Олександрівське вдсх.",Південний Буг,SRC063,2025-05-may,ratio_to_geometric_neighbor_center=0.0328109; neighbor_ratio=1.08,retain_unchanged,screening_only,,,,
SWM_27568_20250623,27568,2025-06-23,Nitrat,mg/dm3,55.46,DQ005_TEMPORAL_ISOLATED_EXTREME,review,Value differs >=20-fold from the geometric mean of adjacent observations; both neighbors are within 5-fold and within 180 days.,1.98,0.5,"р. Рось, 102 км, с.Тептіївка, питний водозабір м.Миронівка",Дніпро,SRC064,2025-06-june,ratio_to_geometric_neighbor_center=55.7394; neighbor_ratio=3.96,retain_unchanged,screening_only,,,,
SWM_27352_20250701,27352,2025-07-01,Amoniy,mg/dm3,0.0078,DQ005_TEMPORAL_ISOLATED_EXTREME,review,Value differs >=20-fold from the geometric mean of adjacent observations; both neighbors are within 5-fold and within 180 days.,0.62,1.46,"р. Чага, 66 км, с. Петровка, кордон з Молдовою",Річки Причорномор'я,SRC065,2025-07-july,ratio_to_geometric_neighbor_center=0.00819827; neighbor_ratio=2.35,retain_unchanged,screening_only,,,,
SWM_27233_20250702,27233,2025-07-02,Fosfat,mg/dm3,0.02,DQ005_TEMPORAL_ISOLATED_EXTREME,review,Value differs >=20-fold from the geometric mean of adjacent observations; both neighbors are within 5-fold and within 180 days.,6.1,2.4,"р. Дністер, 16 км, с. Маяки, ГНС Нижньо-Дністровської ЗС",Дністер,SRC065,2025-07-july,ratio_to_geometric_neighbor_center=0.00522708; neighbor_ratio=2.54,retain_unchanged,screening_only,,,,
SWM_38389_20250702,38389,2025-07-02,Nitrit,mg/dm3,0.024,DQ005_TEMPORAL_ISOLATED_EXTREME,review,Value differs >=20-fold from the geometric mean of adjacent observations; both neighbors are within 5-fold and within 180 days.,0.61,0.4,"р. Солониця, 0 км, с. Раневичі, вплив ПрАТ Стебницьке ГХП “Полімінерал”",Дністер,SRC065,2025-07-july,ratio_to_geometric_neighbor_center=0.0485866; neighbor_ratio=1.52,retain_unchanged,screening_only,,,,
SWM_38389_20250702,38389,2025-07-02,Fosfat,mg/dm3,7.4,DQ005_TEMPORAL_ISOLATED_EXTREME,review,Value differs >=20-fold from the geometric mean of adjacent observations; both neighbors are within 5-fold and within 180 days.,0.11,0.39,"р. Солониця, 0 км, с. Раневичі, вплив ПрАТ Стебницьке ГХП “Полімінерал”",Дністер,SRC065,2025-07-july,ratio_to_geometric_neighbor_center=35.7275; neighbor_ratio=3.55,retain_unchanged,screening_only,,,,
SWM_27135_20250708,27135,2025-07-08,Amoniy,mg/dm3,0.004,DQ005_TEMPORAL_ISOLATED_EXTREME,review,Value differs >=20-fold from the geometric mean of adjacent observations; both neighbors are within 5-fold and within 180 days.,0.73,0.184,"р. Південний Буг, 652 км, м. Хмільник, питний в/з, вище міста",Південний Буг,SRC065,2025-07-july,ratio_to_geometric_neighbor_center=0.0109141; neighbor_ratio=3.97,retain_unchanged,screening_only,,,,
SWM_27137_20250708,27137,2025-07-08,Amoniy,mg/dm3,0.016,DQ005_TEMPORAL_ISOLATED_EXTREME,review,Value differs >=20-fold from the geometric mean of adjacent observations; both neighbors are within 5-fold and within 180 days.,0.62,0.17,"р. Південний Буг, 582 км, м. Вінниця, Сабарівське вдсх,  питний в/з міста, вище міста",Південний Буг,SRC065,2025-07-july,ratio_to_geometric_neighbor_center=0.0492833; neighbor_ratio=3.65,retain_unchanged,screening_only,,,,
SWM_26921_20250805,26921,2025-08-05,Nitrat,mg/dm3,18.1,DQ005_TEMPORAL_ISOLATED_EXTREME,review,Value differs >=20-fold from the geometric mean of adjacent observations; both neighbors are within 5-fold and within 180 days.,0.83,0.5,"р. Дніпро, 897 км, м.Вишгород, н/б Київської ГЕС, питний водозабір м.Київ",Дніпро,SRC066,2025-08-august,ratio_to_geometric_neighbor_center=28.0966; neighbor_ratio=1.66,retain_unchanged,screening_only,,,,
SWM_27165_20250902,27165,2025-09-02,HSK,mgO2/dm3,4068.0,DQ005_TEMPORAL_ISOLATED_EXTREME,review,Value differs >=20-fold from the geometric mean of adjacent observations; both neighbors are within 5-fold and within 180 days.,22.81,39.78,"р. Інгул, 163 км, смт. Новий Буг, Софіівське вдсх., питний в/з селища",Південний Буг,SRC067,2025-09-september,ratio_to_geometric_neighbor_center=135.047; neighbor_ratio=1.74,retain_unchanged,screening_only,,,,
SWM_27019_20250909,27019,2025-09-09,Fosfat,mg/dm3,0.01,DQ005_TEMPORAL_ISOLATED_EXTREME,review,Value differs >=20-fold from the geometric mean of adjacent observations; both neighbors are within 5-fold and within 180 days.,0.59,0.46,"р. Дніпро, 580 км, питний в/з міста Світловодськ, (Кременчуцьке водосховище) правий берег",Дніпро,SRC067,2025-09-september,ratio_to_geometric_neighbor_center=0.0191953; neighbor_ratio=1.28,retain_unchanged,screening_only,,,,
SWM_27018_20251007,27018,2025-10-07,Nitrat,mg/dm3,1290.0,DQ005_TEMPORAL_ISOLATED_EXTREME,review,Value differs >=20-fold from the geometric mean of adjacent observations; both neighbors are within 5-fold and within 180 days.,1.819,1.244,"р. Дніпро, 580 км, с. Власівка, (Кременчуцьке водосховище) лівий берег, Власівський водозабір КП "" Кременчукводоканал"" Кременчуцької міської ради",Дніпро,SRC068,2025-10-october,ratio_to_geometric_neighbor_center=857.557; neighbor_ratio=1.46,retain_unchanged,screening_only,,,,
SWM_26954_20260203,26954,2026-02-03,Kisen,mg/dm3,0.67,DQ005_TEMPORAL_ISOLATED_EXTREME,review,Value differs >=20-fold from the geometric mean of adjacent observations; both neighbors are within 5-fold and within 180 days.,15.64,13.21,"р. Хомора, 52 км, м. Полонне, питний в/з міста",Дніпро,SRC072,2026-02-february,ratio_to_geometric_neighbor_center=0.0466128; neighbor_ratio=1.18,retain_unchanged,screening_only,,,,
SWM_26939_20260211,26939,2026-02-11,Kisen,mg/dm3,0.079,DQ005_TEMPORAL_ISOLATED_EXTREME,review,Value differs >=20-fold from the geometric mean of adjacent observations; both neighbors are within 5-fold and within 180 days.,12.7,10.0,"р. Стир, 48 км, смт. Зарічне, кордон з Білоруссю",Дніпро,SRC072,2026-02-february,ratio_to_geometric_neighbor_center=0.00701012; neighbor_ratio=1.27,retain_unchanged,screening_only,,,,
SWM_38737_20260304,38737,2026-03-04,Nitrat,mg/dm3,11.97,DQ005_TEMPORAL_ISOLATED_EXTREME,review,Value differs >=20-fold from the geometric mean of adjacent observations; both neighbors are within 5-fold and within 180 days.,0.63,0.52,"Макортівське водосховище, 0 км, с. Чумаки Кам'янського р-ну",Дніпро,SRC073,2026-03-01_2026-03-31_output,ratio_to_geometric_neighbor_center=20.9133; neighbor_ratio=1.21,retain_unchanged,screening_only,,,,
SWM_38409_20260505,38409,2026-05-05,Amoniy,mg/dm3,16.0,DQ005_TEMPORAL_ISOLATED_EXTREME,review,Value differs >=20-fold from the geometric mean of adjacent observations; both neighbors are within 5-fold and within 180 days.,0.12,0.3,"р.Кропивник, 12 км, с. Мостище, вплив хвостосховища № 1 і № 2 підприємств калійного виробництва",Дністер,SRC075,2026-05-may,ratio_to_geometric_neighbor_center=84.3274; neighbor_ratio=2.5,retain_unchanged,screening_only,,,,
SWM_27610_20260601,27610,2026-06-01,Amoniy,mg/dm3,0.006,DQ005_TEMPORAL_ISOLATED_EXTREME,review,Value differs >=20-fold from the geometric mean of adjacent observations; both neighbors are within 5-fold and within 180 days.,0.25,0.102,"р. Південний Буг, 237 км, у межах с. Довга Пристань  (питний в/з смт Побузьке)",Південний Буг,SRC076,2026-06-june,ratio_to_geometric_neighbor_center=0.0375735; neighbor_ratio=2.45,retain_unchanged,screening_only,,,,
SWM_27186_20030218,27186,2003-02-18,HSK,mgO2/dm3,0.0,DQ006_COD_BOD5_CONSISTENCY,review,COD (HSK) is <50% of BOD5 in the same observation; analytical/missing-value coding should be reviewed.,,,"р. Сіверський Донець, 444 км, м.Рубіжне, вище, міст на дорозі  ""м.Рубіжне - м.Новодружеск""",Дон,SRC001,2003-01-01_2007-12-31_output,BSK5=3.48,retain_unchanged_with_qc_flag,analytical_consistency_review,,,,
SWM_27188_20030218,27188,2003-02-18,HSK,mgO2/dm3,0.0,DQ006_COD_BOD5_CONSISTENCY,review,COD (HSK) is <50% of BOD5 in the same observation; analytical/missing-value coding should be reviewed.,,,"р. Сіверський Донець, 406 км, с.Світличне, паром",Дон,SRC001,2003-01-01_2007-12-31_output,BSK5=3.2,retain_unchanged_with_qc_flag,analytical_consistency_review,,,,
SWM_27292_20030227,27292,2003-02-27,HSK,mgO2/dm3,4.0,DQ006_COD_BOD5_CONSISTENCY,review,COD (HSK) is <50% of BOD5 in the same observation; analytical/missing-value coding should be reviewed.,,,"р. Латориця, 65 км, м. Чоп, питний в/з, кордон з Словаччиною",Дунай,SRC001,2003-01-01_2007-12-31_output,BSK5=16.0,retain_unchanged_with_qc_flag,analytical_consistency_review,,,,
SWM_27202_20030423,27202,2003-04-23,HSK,mgO2/dm3,0.0,DQ006_COD_BOD5_CONSISTENCY,review,COD (HSK) is <50% of BOD5 in the same observation; analytical/missing-value coding should be reviewed.,,,"р. Оскіл, 176 км, с. Тополі, міст, кордон з Росією",Дон,SRC001,2003-01-01_2007-12-31_output,BSK5=2.84,retain_unchanged_with_qc_flag,analytical_consistency_review,,,,
SWM_27136_20030513,27136,2003-05-13,HSK,mgO2/dm3,0.0,DQ006_COD_BOD5_CONSISTENCY,review,COD (HSK) is <50% of BOD5 in the same observation; analytical/missing-value coding should be reviewed.,,,"р. Південний Буг, 607 км, с. Гущинці, нижче села , питний водозабір м.Калинівка",Південний Буг,SRC001,2003-01-01_2007-12-31_output,BSK5=7.9,retain_unchanged_with_qc_flag,analytical_consistency_review,,,,
SWM_27186_20030513,27186,2003-05-13,HSK,mgO2/dm3,0.0,DQ006_COD_BOD5_CONSISTENCY,review,COD (HSK) is <50% of BOD5 in the same observation; analytical/missing-value coding should be reviewed.,,,"р. Сіверський Донець, 444 км, м.Рубіжне, вище, міст на дорозі  ""м.Рубіжне - м.Новодружеск""",Дон,SRC001,2003-01-01_2007-12-31_output,BSK5=3.13,retain_unchanged_with_qc_flag,analytical_consistency_review,,,,
SWM_27188_20030513,27188,2003-05-13,HSK,mgO2/dm3,0.0,DQ006_COD_BOD5_CONSISTENCY,review,COD (HSK) is <50% of BOD5 in the same observation; analytical/missing-value coding should be reviewed.,,,"р. Сіверський Донець, 406 км, с.Світличне, паром",Дон,SRC001,2003-01-01_2007-12-31_output,BSK5=3.2,retain_unchanged_with_qc_flag,analytical_consistency_review,,,,
SWM_27142_20030514,27142,2003-05-14,HSK,mgO2/dm3,0.0,DQ006_COD_BOD5_CONSISTENCY,review,COD (HSK) is <50% of BOD5 in the same observation; analytical/missing-value coding should be reviewed.,,,"р. Південний Буг, 372 км, с. Глибочок, Глибочекське вдсх.",Південний Буг,SRC001,2003-01-01_2007-12-31_output,BSK5=4.9,retain_unchanged_with_qc_flag,analytical_consistency_review,,,,
SWM_27186_20030610,27186,2003-06-10,HSK,mgO2/dm3,0.0,DQ006_COD_BOD5_CONSISTENCY,review,COD (HSK) is <50% of BOD5 in the same observation; analytical/missing-value coding should be reviewed.,,,"р. Сіверський Донець, 444 км, м.Рубіжне, вище, міст на дорозі  ""м.Рубіжне - м.Новодружеск""",Дон,SRC001,2003-01-01_2007-12-31_output,BSK5=3.1,retain_unchanged_with_qc_flag,analytical_consistency_review,,,,
SWM_27188_20030610,27188,2003-06-10,HSK,mgO2/dm3,0.0,DQ006_COD_BOD5_CONSISTENCY,review,COD (HSK) is <50% of BOD5 in the same observation; analytical/missing-value coding should be reviewed.,,,"р. Сіверський Донець, 406 км, с.Світличне, паром",Дон,SRC001,2003-01-01_2007-12-31_output,BSK5=3.02,retain_unchanged_with_qc_flag,analytical_consistency_review,,,,
SWM_27186_20030722,27186,2003-07-22,HSK,mgO2/dm3,0.0,DQ006_COD_BOD5_CONSISTENCY,review,COD (HSK) is <50% of BOD5 in the same observation; analytical/missing-value coding should be reviewed.,,,"р. Сіверський Донець, 444 км, м.Рубіжне, вище, міст на дорозі  ""м.Рубіжне - м.Новодружеск""",Дон,SRC001,2003-01-01_2007-12-31_output,BSK5=3.2,retain_unchanged_with_qc_flag,analytical_consistency_review,,,,
SWM_27188_20030722,27188,2003-07-22,HSK,mgO2/dm3,0.0,DQ006_COD_BOD5_CONSISTENCY,review,COD (HSK) is <50% of BOD5 in the same observation; analytical/missing-value coding should be reviewed.,,,"р. Сіверський Донець, 406 км, с.Світличне, паром",Дон,SRC001,2003-01-01_2007-12-31_output,BSK5=3.02,retain_unchanged_with_qc_flag,analytical_consistency_review,,,,
SWM_27186_20030819,27186,2003-08-19,HSK,mgO2/dm3,0.0,DQ006_COD_BOD5_CONSISTENCY,review,COD (HSK) is <50% of BOD5 in the same observation; analytical/missing-value coding should be reviewed.,,,"р. Сіверський Донець, 444 км, м.Рубіжне, вище, міст на дорозі  ""м.Рубіжне - м.Новодружеск""",Дон,SRC001,2003-01-01_2007-12-31_output,BSK5=3.05,retain_unchanged_with_qc_flag,analytical_consistency_review,,,,
SWM_27188_20030819,27188,2003-08-19,HSK,mgO2/dm3,0.0,DQ006_COD_BOD5_CONSISTENCY,review,COD (HSK) is <50% of BOD5 in the same observation; analytical/missing-value coding should be reviewed.,,,"р. Сіверський Донець, 406 км, с.Світличне, паром",Дон,SRC001,2003-01-01_2007-12-31_output,BSK5=3.03,retain_unchanged_with_qc_flag,analytical_consistency_review,,,,
SWM_27186_20030925,27186,2003-09-25,HSK,mgO2/dm3,0.0,DQ006_COD_BOD5_CONSISTENCY,review,COD (HSK) is <50% of BOD5 in the same observation; analytical/missing-value coding should be reviewed.,,,"р. Сіверський Донець, 444 км, м.Рубіжне, вище, міст на дорозі  ""м.Рубіжне - м.Новодружеск""",Дон,SRC001,2003-01-01_2007-12-31_output,BSK5=3.4,retain_unchanged_with_qc_flag,analytical_consistency_review,,,,
SWM_27188_20030926,27188,2003-09-26,HSK,mgO2/dm3,0.0,DQ006_COD_BOD5_CONSISTENCY,review,COD (HSK) is <50% of BOD5 in the same observation; analytical/missing-value coding should be reviewed.,,,"р. Сіверський Донець, 406 км, с.Світличне, паром",Дон,SRC001,2003-01-01_2007-12-31_output,BSK5=3.8,retain_unchanged_with_qc_flag,analytical_consistency_review,,,,
SWM_27132_20031124,27132,2003-11-24,HSK,mgO2/dm3,16.29,DQ006_COD_BOD5_CONSISTENCY,review,COD (HSK) is <50% of BOD5 in the same observation; analytical/missing-value coding should be reviewed.,,,"р. Південний Буг, 744 км, с. Копистин, нижче м.Хмельницький",Південний Буг,SRC001,2003-01-01_2007-12-31_output,BSK5=50.9,retain_unchanged_with_qc_flag,analytical_consistency_review,,,,
SWM_27186_20040120,27186,2004-01-20,HSK,mgO2/dm3,0.0,DQ006_COD_BOD5_CONSISTENCY,review,COD (HSK) is <50% of BOD5 in the same observation; analytical/missing-value coding should be reviewed.,,,"р. Сіверський Донець, 444 км, м.Рубіжне, вище, міст на дорозі  ""м.Рубіжне - м.Новодружеск""",Дон,SRC001,2003-01-01_2007-12-31_output,BSK5=3.39,retain_unchanged_with_qc_flag,analytical_consistency_review,,,,
SWM_27188_20040120,27188,2004-01-20,HSK,mgO2/dm3,0.0,DQ006_COD_BOD5_CONSISTENCY,review,COD (HSK) is <50% of BOD5 in the same observation; analytical/missing-value coding should be reviewed.,,,"р. Сіверський Донець, 406 км, с.Світличне, паром",Дон,SRC001,2003-01-01_2007-12-31_output,BSK5=3.23,retain_unchanged_with_qc_flag,analytical_consistency_review,,,,
SWM_27222_20040121,27222,2004-01-21,HSK,mgO2/dm3,0.42,DQ006_COD_BOD5_CONSISTENCY,review,COD (HSK) is <50% of BOD5 in the same observation; analytical/missing-value coding should be reviewed.,,,"р. Дністер, 936 км, м. Заліщики, в/з, прав. берег, 50 м нижче мосту через річку по дорозі Чернівці - Тернопіль",Дністер,SRC001,2003-01-01_2007-12-31_output,BSK5=2.64,retain_unchanged_with_qc_flag,analytical_consistency_review,,,,
SWM_27307_20040121,27307,2004-01-21,HSK,mgO2/dm3,0.0,DQ006_COD_BOD5_CONSISTENCY,review,COD (HSK) is <50% of BOD5 in the same observation; analytical/missing-value coding should be reviewed.,,,"р. Прут, 790 км, смт. Неполоківці,, кордон Ів.-Франківської і Чернівецької обл.",Дунай,SRC001,2003-01-01_2007-12-31_output,BSK5=2.0,retain_unchanged_with_qc_flag,analytical_consistency_review,,,,
SWM_27304_20040127,27304,2004-01-27,HSK,mgO2/dm3,0.0,DQ006_COD_BOD5_CONSISTENCY,review,COD (HSK) is <50% of BOD5 in the same observation; analytical/missing-value coding should be reviewed.,,,"р. Сірет, 448 км, м. Сторожинець, в/з",Дунай,SRC001,2003-01-01_2007-12-31_output,BSK5=2.08,retain_unchanged_with_qc_flag,analytical_consistency_review,,,,
SWM_27223_20040205,27223,2004-02-05,HSK,mgO2/dm3,0.0,DQ006_COD_BOD5_CONSISTENCY,review,COD (HSK) is <50% of BOD5 in the same observation; analytical/missing-value coding should be reviewed.,,,"р. Дністер, 900 км, с. Митків, правий берег, 200 м вище станції першого підйому в/з м. Чернівці",Дністер,SRC001,2003-01-01_2007-12-31_output,BSK5=2.96,retain_unchanged_with_qc_flag,analytical_consistency_review,,,,
SWM_27224_20040209,27224,2004-02-09,HSK,mgO2/dm3,0.0,DQ006_COD_BOD5_CONSISTENCY,review,COD (HSK) is <50% of BOD5 in the same observation; analytical/missing-value coding should be reviewed.,,,"р. Дністер, 826 км, м. Хотин, в/з, лівий берег, 600 м вище мосту дороги Чернівці-Камян.-Под.",Дністер,SRC001,2003-01-01_2007-12-31_output,BSK5=2.16,retain_unchanged_with_qc_flag,analytical_consistency_review,,,,
SWM_27176_20040211,27176,2004-02-11,HSK,mgO2/dm3,0.0,DQ006_COD_BOD5_CONSISTENCY,review,COD (HSK) is <50% of BOD5 in the same observation; analytical/missing-value coding should be reviewed.,,,"р. Сіверський Донець, 640 км, с.Петровське, вище каналу Дніпро-Донбас, міст",Дон,SRC001,2003-01-01_2007-12-31_output,BSK5=3.9,retain_unchanged_with_qc_flag,analytical_consistency_review,,,,
SWM_27188_20040316,27188,2004-03-16,HSK,mgO2/dm3,0.0,DQ006_COD_BOD5_CONSISTENCY,review,COD (HSK) is <50% of BOD5 in the same observation; analytical/missing-value coding should be reviewed.,,,"р. Сіверський Донець, 406 км, с.Світличне, паром",Дон,SRC001,2003-01-01_2007-12-31_output,BSK5=3.11,retain_unchanged_with_qc_flag,analytical_consistency_review,,,,
SWM_27186_20040524,27186,2004-05-24,HSK,mgO2/dm3,0.0,DQ006_COD_BOD5_CONSISTENCY,review,COD (HSK) is <50% of BOD5 in the same observation; analytical/missing-value coding should be reviewed.,,,"р. Сіверський Донець, 444 км, м.Рубіжне, вище, міст на дорозі  ""м.Рубіжне - м.Новодружеск""",Дон,SRC001,2003-01-01_2007-12-31_output,BSK5=3.18,retain_unchanged_with_qc_flag,analytical_consistency_review,,,,
SWM_27188_20040524,27188,2004-05-24,HSK,mgO2/dm3,0.0,DQ006_COD_BOD5_CONSISTENCY,review,COD (HSK) is <50% of BOD5 in the same observation; analytical/missing-value coding should be reviewed.,,,"р. Сіверський Донець, 406 км, с.Світличне, паром",Дон,SRC001,2003-01-01_2007-12-31_output,BSK5=3.03,retain_unchanged_with_qc_flag,analytical_consistency_review,,,,
SWM_27186_20040714,27186,2004-07-14,HSK,mgO2/dm3,0.0,DQ006_COD_BOD5_CONSISTENCY,review,COD (HSK) is <50% of BOD5 in the same observation; analytical/missing-value coding should be reviewed.,,,"р. Сіверський Донець, 444 км, м.Рубіжне, вище, міст на дорозі  ""м.Рубіжне - м.Новодружеск""",Дон,SRC001,2003-01-01_2007-12-31_output,BSK5=3.36,retain_unchanged_with_qc_flag,analytical_consistency_review,,,,
SWM_27188_20040714,27188,2004-07-14,HSK,mgO2/dm3,0.0,DQ006_COD_BOD5_CONSISTENCY,review,COD (HSK) is <50% of BOD5 in the same observation; analytical/missing-value coding should be reviewed.,,,"р. Сіверський Донець, 406 км, с.Світличне, паром",Дон,SRC001,2003-01-01_2007-12-31_output,BSK5=3.32,retain_unchanged_with_qc_flag,analytical_consistency_review,,,,
SWM_27215_20040720,27215,2004-07-20,HSK,mgO2/dm3,0.92,DQ006_COD_BOD5_CONSISTENCY,review,COD (HSK) is <50% of BOD5 in the same observation; analytical/missing-value coding should be reviewed.,,,"р. Дністер, 1278 км, м.Самбір, міста, верхів'я р. Дністер,  під мостом по дорозі м.Дрогобич",Дністер,SRC001,2003-01-01_2007-12-31_output,BSK5=3.2,retain_unchanged_with_qc_flag,analytical_consistency_review,,,,
SWM_27262_20040804,27262,2004-08-04,HSK,mgO2/dm3,0.49,DQ006_COD_BOD5_CONSISTENCY,review,COD (HSK) is <50% of BOD5 in the same observation; analytical/missing-value coding should be reviewed.,,,"р. Білоч, 15 км, с. Шершенці, кордон з Молдовою",Дністер,SRC001,2003-01-01_2007-12-31_output,BSK5=2.6,retain_unchanged_with_qc_flag,analytical_consistency_review,,,,
SWM_27186_20040825,27186,2004-08-25,HSK,mgO2/dm3,0.0,DQ006_COD_BOD5_CONSISTENCY,review,COD (HSK) is <50% of BOD5 in the same observation; analytical/missing-value coding should be reviewed.,,,"р. Сіверський Донець, 444 км, м.Рубіжне, вище, міст на дорозі  ""м.Рубіжне - м.Новодружеск""",Дон,SRC001,2003-01-01_2007-12-31_output,BSK5=3.36,retain_unchanged_with_qc_flag,analytical_consistency_review,,,,
SWM_27186_20040914,27186,2004-09-14,HSK,mgO2/dm3,0.0,DQ006_COD_BOD5_CONSISTENCY,review,COD (HSK) is <50% of BOD5 in the same observation; analytical/missing-value coding should be reviewed.,,,"р. Сіверський Донець, 444 км, м.Рубіжне, вище, міст на дорозі  ""м.Рубіжне - м.Новодружеск""",Дон,SRC001,2003-01-01_2007-12-31_output,BSK5=3.24,retain_unchanged_with_qc_flag,analytical_consistency_review,,,,
SWM_27186_20041019,27186,2004-10-19,HSK,mgO2/dm3,0.0,DQ006_COD_BOD5_CONSISTENCY,review,COD (HSK) is <50% of BOD5 in the same observation; analytical/missing-value coding should be reviewed.,,,"р. Сіверський Донець, 444 км, м.Рубіжне, вище, міст на дорозі  ""м.Рубіжне - м.Новодружеск""",Дон,SRC001,2003-01-01_2007-12-31_output,BSK5=3.34,retain_unchanged_with_qc_flag,analytical_consistency_review,,,,
SWM_27188_20041019,27188,2004-10-19,HSK,mgO2/dm3,0.0,DQ006_COD_BOD5_CONSISTENCY,review,COD (HSK) is <50% of BOD5 in the same observation; analytical/missing-value coding should be reviewed.,,,"р. Сіверський Донець, 406 км, с.Світличне, паром",Дон,SRC001,2003-01-01_2007-12-31_output,BSK5=3.2,retain_unchanged_with_qc_flag,analytical_consistency_review,,,,
SWM_27186_20041124,27186,2004-11-24,HSK,mgO2/dm3,0.0,DQ006_COD_BOD5_CONSISTENCY,review,COD (HSK) is <50% of BOD5 in the same observation; analytical/missing-value coding should be reviewed.,,,"р. Сіверський Донець, 444 км, м.Рубіжне, вище, міст на дорозі  ""м.Рубіжне - м.Новодружеск""",Дон,SRC001,2003-01-01_2007-12-31_output,BSK5=3.3,retain_unchanged_with_qc_flag,analytical_consistency_review,,,,
SWM_27188_20041124,27188,2004-11-24,HSK,mgO2/dm3,0.0,DQ006_COD_BOD5_CONSISTENCY,review,COD (HSK) is <50% of BOD5 in the same observation; analytical/missing-value coding should be reviewed.,,,"р. Сіверський Донець, 406 км, с.Світличне, паром",Дон,SRC001,2003-01-01_2007-12-31_output,BSK5=3.0,retain_unchanged_with_qc_flag,analytical_consistency_review,,,,
SWM_27222_20050126,27222,2005-01-26,HSK,mgO2/dm3,0.0,DQ006_COD_BOD5_CONSISTENCY,review,COD (HSK) is <50% of BOD5 in the same observation; analytical/missing-value coding should be reviewed.,,,"р. Дністер, 936 км, м. Заліщики, в/з, прав. берег, 50 м нижче мосту через річку по дорозі Чернівці - Тернопіль",Дністер,SRC001,2003-01-01_2007-12-31_output,BSK5=2.1,retain_unchanged_with_qc_flag,analytical_consistency_review,,,,
SWM_27003_20051212,27003,2005-12-12,HSK,mgO2/dm3,0.41,DQ006_COD_BOD5_CONSISTENCY,review,COD (HSK) is <50% of BOD5 in the same observation; analytical/missing-value coding should be reviewed.,,,"р. Клевень, 72 км, с.Заруцьке, кордон з Росією",Дніпро,SRC001,2003-01-01_2007-12-31_output,BSK5=1.4,retain_unchanged_with_qc_flag,analytical_consistency_review,,,,
SWM_27212_20060704,27212,2006-07-04,HSK,mgO2/dm3,0.4,DQ006_COD_BOD5_CONSISTENCY,review,COD (HSK) is <50% of BOD5 in the same observation; analytical/missing-value coding should be reviewed.,,,"р. Кальміус, 1 км, гирло, міст",Річки Приазов'я,SRC001,2003-01-01_2007-12-31_output,BSK5=1.72,retain_unchanged_with_qc_flag,analytical_consistency_review,,,,
SWM_27187_20060724,27187,2006-07-24,HSK,mgO2/dm3,0.04,DQ006_COD_BOD5_CONSISTENCY,review,COD (HSK) is <50% of BOD5 in the same observation; analytical/missing-value coding should be reviewed.,,,"р. Сіверський Донець, 428 км, м. Лисичанська, нижче міста",Дон,SRC001,2003-01-01_2007-12-31_output,BSK5=3.87,retain_unchanged_with_qc_flag,analytical_consistency_review,,,,
SWM_27334_20061025,27334,2006-10-25,HSK,mgO2/dm3,1.96,DQ006_COD_BOD5_CONSISTENCY,review,COD (HSK) is <50% of BOD5 in the same observation; analytical/missing-value coding should be reviewed.,,,"р. Західний Буг, 631 км, с. Литовеж, міст автодороги Нововолинськ-Червоноград, кордон з Польщею",Вісла,SRC001,2003-01-01_2007-12-31_output,BSK5=4.19,retain_unchanged_with_qc_flag,analytical_consistency_review,,,,
SWM_27223_20070118,27223,2007-01-18,HSK,mgO2/dm3,0.0,DQ006_COD_BOD5_CONSISTENCY,review,COD (HSK) is <50% of BOD5 in the same observation; analytical/missing-value coding should be reviewed.,,,"р. Дністер, 900 км, с. Митків, правий берег, 200 м вище станції першого підйому в/з м. Чернівці",Дністер,SRC001,2003-01-01_2007-12-31_output,BSK5=3.7,retain_unchanged_with_qc_flag,analytical_consistency_review,,,,
SWM_27225_20070118,27225,2007-01-18,HSK,mgO2/dm3,0.01,DQ006_COD_BOD5_CONSISTENCY,review,COD (HSK) is <50% of BOD5 in the same observation; analytical/missing-value coding should be reviewed.,,,"р. Дністер, 783 км, м. Кам'янець-Подільський, Дністровське вдсх., питний водозабір міста",Дністер,SRC001,2003-01-01_2007-12-31_output,BSK5=6.6,retain_unchanged_with_qc_flag,analytical_consistency_review,,,,
SWM_27225_20070220,27225,2007-02-20,HSK,mgO2/dm3,0.016,DQ006_COD_BOD5_CONSISTENCY,review,COD (HSK) is <50% of BOD5 in the same observation; analytical/missing-value coding should be reviewed.,,,"р. Дністер, 783 км, м. Кам'янець-Подільський, Дністровське вдсх., питний водозабір міста",Дністер,SRC001,2003-01-01_2007-12-31_output,BSK5=4.5,retain_unchanged_with_qc_flag,analytical_consistency_review,,,,
SWM_27223_20070221,27223,2007-02-21,HSK,mgO2/dm3,0.0,DQ006_COD_BOD5_CONSISTENCY,review,COD (HSK) is <50% of BOD5 in the same observation; analytical/missing-value coding should be reviewed.,,,"р. Дністер, 900 км, с. Митків, правий берег, 200 м вище станції першого підйому в/з м. Чернівці",Дністер,SRC001,2003-01-01_2007-12-31_output,BSK5=4.6,retain_unchanged_with_qc_flag,analytical_consistency_review,,,,
SWM_27224_20070221,27224,2007-02-21,HSK,mgO2/dm3,0.0,DQ006_COD_BOD5_CONSISTENCY,review,COD (HSK) is <50% of BOD5 in the same observation; analytical/missing-value coding should be reviewed.,,,"р. Дністер, 826 км, м. Хотин, в/з, лівий берег, 600 м вище мосту дороги Чернівці-Камян.-Под.",Дністер,SRC001,2003-01-01_2007-12-31_output,BSK5=4.9,retain_unchanged_with_qc_flag,analytical_consistency_review,,,,
SWM_27222_20070312,27222,2007-03-12,HSK,mgO2/dm3,0.0,DQ006_COD_BOD5_CONSISTENCY,review,COD (HSK) is <50% of BOD5 in the same observation; analytical/missing-value coding should be reviewed.,,,"р. Дністер, 936 км, м. Заліщики, в/з, прав. берег, 50 м нижче мосту через річку по дорозі Чернівці - Тернопіль",Дністер,SRC001,2003-01-01_2007-12-31_output,BSK5=3.5,retain_unchanged_with_qc_flag,analytical_consistency_review,,,,
SWM_27223_20070312,27223,2007-03-12,HSK,mgO2/dm3,0.0,DQ006_COD_BOD5_CONSISTENCY,review,COD (HSK) is <50% of BOD5 in the same observation; analytical/missing-value coding should be reviewed.,,,"р. Дністер, 900 км, с. Митків, правий берег, 200 м вище станції першого підйому в/з м. Чернівці",Дністер,SRC001,2003-01-01_2007-12-31_output,BSK5=3.7,retain_unchanged_with_qc_flag,analytical_consistency_review,,,,
SWM_27231_20070315,27231,2007-03-15,HSK,mgO2/dm3,0.01,DQ006_COD_BOD5_CONSISTENCY,review,COD (HSK) is <50% of BOD5 in the same observation; analytical/missing-value coding should be reviewed.,,,"р. Дністер, 550 км, с. Цикинівка, Ямпільський р-н, Вінницької обл. кордон з Молдовою, лівий берег, після скиду з очисних споруд м. Сороки (Молдова)",Дністер,SRC001,2003-01-01_2007-12-31_output,BSK5=3.5,retain_unchanged_with_qc_flag,analytical_consistency_review,,,,
SWM_27225_20070320,27225,2007-03-20,HSK,mgO2/dm3,0.022,DQ006_COD_BOD5_CONSISTENCY,review,COD (HSK) is <50% of BOD5 in the same observation; analytical/missing-value coding should be reviewed.,,,"р. Дністер, 783 км, м. Кам'янець-Подільський, Дністровське вдсх., питний водозабір міста",Дністер,SRC001,2003-01-01_2007-12-31_output,BSK5=3.8,retain_unchanged_with_qc_flag,analytical_consistency_review,,,,
SWM_27126_20070327,27126,2007-03-27,HSK,mgO2/dm3,0.0,DQ006_COD_BOD5_CONSISTENCY,review,COD (HSK) is <50% of BOD5 in the same observation; analytical/missing-value coding should be reviewed.,,,"р. Інгулець, 20 км, с. Дар'ївка",Дніпро,SRC001,2003-01-01_2007-12-31_output,BSK5=3.9,retain_unchanged_with_qc_flag,analytical_consistency_review,,,,
SWM_27225_20070413,27225,2007-04-13,HSK,mgO2/dm3,0.03,DQ006_COD_BOD5_CONSISTENCY,review,COD (HSK) is <50% of BOD5 in the same observation; analytical/missing-value coding should be reviewed.,,,"р. Дністер, 783 км, м. Кам'янець-Подільський, Дністровське вдсх., питний водозабір міста",Дністер,SRC001,2003-01-01_2007-12-31_output,BSK5=4.3,retain_unchanged_with_qc_flag,analytical_consistency_review,,,,
SWM_27126_20070418,27126,2007-04-18,HSK,mgO2/dm3,0.0,DQ006_COD_BOD5_CONSISTENCY,review,COD (HSK) is <50% of BOD5 in the same observation; analytical/missing-value coding should be reviewed.,,,"р. Інгулець, 20 км, с. Дар'ївка",Дніпро,SRC001,2003-01-01_2007-12-31_output,BSK5=5.8,retain_unchanged_with_qc_flag,analytical_consistency_review,,,,
SWM_27231_20070418,27231,2007-04-18,HSK,mgO2/dm3,0.01,DQ006_COD_BOD5_CONSISTENCY,review,COD (HSK) is <50% of BOD5 in the same observation; analytical/missing-value coding should be reviewed.,,,"р. Дністер, 550 км, с. Цикинівка, Ямпільський р-н, Вінницької обл. кордон з Молдовою, лівий берег, після скиду з очисних споруд м. Сороки (Молдова)",Дністер,SRC001,2003-01-01_2007-12-31_output,BSK5=3.5,retain_unchanged_with_qc_flag,analytical_consistency_review,,,,
SWM_27223_20070503,27223,2007-05-03,HSK,mgO2/dm3,0.1,DQ006_COD_BOD5_CONSISTENCY,review,COD (HSK) is <50% of BOD5 in the same observation; analytical/missing-value coding should be reviewed.,,,"р. Дністер, 900 км, с. Митків, правий берег, 200 м вище станції першого підйому в/з м. Чернівці",Дністер,SRC001,2003-01-01_2007-12-31_output,BSK5=4.3,retain_unchanged_with_qc_flag,analytical_consistency_review,,,,
SWM_27224_20070503,27224,2007-05-03,HSK,mgO2/dm3,0.1,DQ006_COD_BOD5_CONSISTENCY,review,COD (HSK) is <50% of BOD5 in the same observation; analytical/missing-value coding should be reviewed.,,,"р. Дністер, 826 км, м. Хотин, в/з, лівий берег, 600 м вище мосту дороги Чернівці-Камян.-Под.",Дністер,SRC001,2003-01-01_2007-12-31_output,BSK5=4.6,retain_unchanged_with_qc_flag,analytical_consistency_review,,,,
SWM_27231_20070521,27231,2007-05-21,HSK,mgO2/dm3,0.01,DQ006_COD_BOD5_CONSISTENCY,review,COD (HSK) is <50% of BOD5 in the same observation; analytical/missing-value coding should be reviewed.,,,"р. Дністер, 550 км, с. Цикинівка, Ямпільський р-н, Вінницької обл. кордон з Молдовою, лівий берег, після скиду з очисних споруд м. Сороки (Молдова)",Дністер,SRC001,2003-01-01_2007-12-31_output,BSK5=3.7,retain_unchanged_with_qc_flag,analytical_consistency_review,,,,
SWM_27226_20070524,27226,2007-05-24,HSK,mgO2/dm3,0.01,DQ006_COD_BOD5_CONSISTENCY,review,COD (HSK) is <50% of BOD5 in the same observation; analytical/missing-value coding should be reviewed.,,,"р. Дністер, 708 км, с. Кормань, Дністровське вдсх., пр. берег, безпосередньо в районі насосної станції водозабору",Дністер,SRC001,2003-01-01_2007-12-31_output,BSK5=2.3,retain_unchanged_with_qc_flag,analytical_consistency_review,,,,
SWM_27225_20070528,27225,2007-05-28,HSK,mgO2/dm3,0.001,DQ006_COD_BOD5_CONSISTENCY,review,COD (HSK) is <50% of BOD5 in the same observation; analytical/missing-value coding should be reviewed.,,,"р. Дністер, 783 км, м. Кам'янець-Подільський, Дністровське вдсх., питний водозабір міста",Дністер,SRC001,2003-01-01_2007-12-31_output,BSK5=3.9,retain_unchanged_with_qc_flag,analytical_consistency_review,,,,
SWM_27222_20070614,27222,2007-06-14,HSK,mgO2/dm3,0.067,DQ006_COD_BOD5_CONSISTENCY,review,COD (HSK) is <50% of BOD5 in the same observation; analytical/missing-value coding should be reviewed.,,,"р. Дністер, 936 км, м. Заліщики, в/з, прав. берег, 50 м нижче мосту через річку по дорозі Чернівці - Тернопіль",Дністер,SRC001,2003-01-01_2007-12-31_output,BSK5=4.1,retain_unchanged_with_qc_flag,analytical_consistency_review,,,,
SWM_27223_20070614,27223,2007-06-14,HSK,mgO2/dm3,0.068,DQ006_COD_BOD5_CONSISTENCY,review,COD (HSK) is <50% of BOD5 in the same observation; analytical/missing-value coding should be reviewed.,,,"р. Дністер, 900 км, с. Митків, правий берег, 200 м вище станції першого підйому в/з м. Чернівці",Дністер,SRC001,2003-01-01_2007-12-31_output,BSK5=5.0,retain_unchanged_with_qc_flag,analytical_consistency_review,,,,
SWM_27225_20070621,27225,2007-06-21,HSK,mgO2/dm3,0.012,DQ006_COD_BOD5_CONSISTENCY,review,COD (HSK) is <50% of BOD5 in the same observation; analytical/missing-value coding should be reviewed.,,,"р. Дністер, 783 км, м. Кам'янець-Подільський, Дністровське вдсх., питний водозабір міста",Дністер,SRC001,2003-01-01_2007-12-31_output,BSK5=4.2,retain_unchanged_with_qc_flag,analytical_consistency_review,,,,
SWM_27231_20070627,27231,2007-06-27,HSK,mgO2/dm3,0.01,DQ006_COD_BOD5_CONSISTENCY,review,COD (HSK) is <50% of BOD5 in the same observation; analytical/missing-value coding should be reviewed.,,,"р. Дністер, 550 км, с. Цикинівка, Ямпільський р-н, Вінницької обл. кордон з Молдовою, лівий берег, після скиду з очисних споруд м. Сороки (Молдова)",Дністер,SRC001,2003-01-01_2007-12-31_output,BSK5=3.8,retain_unchanged_with_qc_flag,analytical_consistency_review,,,,
SWM_27225_20070713,27225,2007-07-13,HSK,mgO2/dm3,0.003,DQ006_COD_BOD5_CONSISTENCY,review,COD (HSK) is <50% of BOD5 in the same observation; analytical/missing-value coding should be reviewed.,,,"р. Дністер, 783 км, м. Кам'янець-Подільський, Дністровське вдсх., питний водозабір міста",Дністер,SRC001,2003-01-01_2007-12-31_output,BSK5=4.8,retain_unchanged_with_qc_flag,analytical_consistency_review,,,,
SWM_27223_20070719,27223,2007-07-19,HSK,mgO2/dm3,0.21,DQ006_COD_BOD5_CONSISTENCY,review,COD (HSK) is <50% of BOD5 in the same observation; analytical/missing-value coding should be reviewed.,,,"р. Дністер, 900 км, с. Митків, правий берег, 200 м вище станції першого підйому в/з м. Чернівці",Дністер,SRC001,2003-01-01_2007-12-31_output,BSK5=4.2,retain_unchanged_with_qc_flag,analytical_consistency_review,,,,
SWM_27225_20070822,27225,2007-08-22,HSK,mgO2/dm3,0.008,DQ006_COD_BOD5_CONSISTENCY,review,COD (HSK) is <50% of BOD5 in the same observation; analytical/missing-value coding should be reviewed.,,,"р. Дністер, 783 км, м. Кам'янець-Подільський, Дністровське вдсх., питний водозабір міста",Дністер,SRC001,2003-01-01_2007-12-31_output,BSK5=3.5,retain_unchanged_with_qc_flag,analytical_consistency_review,,,,
SWM_27224_20070827,27224,2007-08-27,HSK,mgO2/dm3,0.18,DQ006_COD_BOD5_CONSISTENCY,review,COD (HSK) is <50% of BOD5 in the same observation; analytical/missing-value coding should be reviewed.,,,"р. Дністер, 826 км, м. Хотин, в/з, лівий берег, 600 м вище мосту дороги Чернівці-Камян.-Под.",Дністер,SRC001,2003-01-01_2007-12-31_output,BSK5=5.5,retain_unchanged_with_qc_flag,analytical_consistency_review,,,,
SWM_27222_20070912,27222,2007-09-12,HSK,mgO2/dm3,0.12,DQ006_COD_BOD5_CONSISTENCY,review,COD (HSK) is <50% of BOD5 in the same observation; analytical/missing-value coding should be reviewed.,,,"р. Дністер, 936 км, м. Заліщики, в/з, прав. берег, 50 м нижче мосту через річку по дорозі Чернівці - Тернопіль",Дністер,SRC001,2003-01-01_2007-12-31_output,BSK5=4.3,retain_unchanged_with_qc_flag,analytical_consistency_review,,,,
SWM_27223_20070912,27223,2007-09-12,HSK,mgO2/dm3,0.18,DQ006_COD_BOD5_CONSISTENCY,review,COD (HSK) is <50% of BOD5 in the same observation; analytical/missing-value coding should be reviewed.,,,"р. Дністер, 900 км, с. Митків, правий берег, 200 м вище станції першого підйому в/з м. Чернівці",Дністер,SRC001,2003-01-01_2007-12-31_output,BSK5=3.7,retain_unchanged_with_qc_flag,analytical_consistency_review,,,,
SWM_27225_20070920,27225,2007-09-20,HSK,mgO2/dm3,0.15,DQ006_COD_BOD5_CONSISTENCY,review,COD (HSK) is <50% of BOD5 in the same observation; analytical/missing-value coding should be reviewed.,,,"р. Дністер, 783 км, м. Кам'янець-Подільський, Дністровське вдсх., питний водозабір міста",Дністер,SRC001,2003-01-01_2007-12-31_output,BSK5=3.0,retain_unchanged_with_qc_flag,analytical_consistency_review,,,,
SWM_27223_20070927,27223,2007-09-27,HSK,mgO2/dm3,0.1,DQ006_COD_BOD5_CONSISTENCY,review,COD (HSK) is <50% of BOD5 in the same observation; analytical/missing-value coding should be reviewed.,,,"р. Дністер, 900 км, с. Митків, правий берег, 200 м вище станції першого підйому в/з м. Чернівці",Дністер,SRC001,2003-01-01_2007-12-31_output,BSK5=5.3,retain_unchanged_with_qc_flag,analytical_consistency_review,,,,
SWM_27123_20071121,27123,2007-11-21,HSK,mgO2/dm3,0.0,DQ006_COD_BOD5_CONSISTENCY,review,COD (HSK) is <50% of BOD5 in the same observation; analytical/missing-value coding should be reviewed.,,,"р. Інгулець, 210 км, с. Архангельське",Дніпро,SRC001,2003-01-01_2007-12-31_output,BSK5=2.7,retain_unchanged_with_qc_flag,analytical_consistency_review,,,,
SWM_27124_20071121,27124,2007-11-21,HSK,mgO2/dm3,0.0,DQ006_COD_BOD5_CONSISTENCY,review,COD (HSK) is <50% of BOD5 in the same observation; analytical/missing-value coding should be reviewed.,,,"р. Інгулець, 124 км, с. Калінінське",Дніпро,SRC001,2003-01-01_2007-12-31_output,BSK5=4.9,retain_unchanged_with_qc_flag,analytical_consistency_review,,,,
SWM_27225_20071210,27225,2007-12-10,HSK,mgO2/dm3,0.11,DQ006_COD_BOD5_CONSISTENCY,review,COD (HSK) is <50% of BOD5 in the same observation; analytical/missing-value coding should be reviewed.,,,"р. Дністер, 783 км, м. Кам'янець-Подільський, Дністровське вдсх., питний водозабір міста",Дністер,SRC001,2003-01-01_2007-12-31_output,BSK5=4.5,retain_unchanged_with_qc_flag,analytical_consistency_review,,,,
SWM_27222_20071213,27222,2007-12-13,HSK,mgO2/dm3,0.0,DQ006_COD_BOD5_CONSISTENCY,review,COD (HSK) is <50% of BOD5 in the same observation; analytical/missing-value coding should be reviewed.,,,"р. Дністер, 936 км, м. Заліщики, в/з, прав. берег, 50 м нижче мосту через річку по дорозі Чернівці - Тернопіль",Дністер,SRC001,2003-01-01_2007-12-31_output,BSK5=2.24,retain_unchanged_with_qc_flag,analytical_consistency_review,,,,
SWM_27223_20071213,27223,2007-12-13,HSK,mgO2/dm3,0.0,DQ006_COD_BOD5_CONSISTENCY,review,COD (HSK) is <50% of BOD5 in the same observation; analytical/missing-value coding should be reviewed.,,,"р. Дністер, 900 км, с. Митків, правий берег, 200 м вище станції першого підйому в/з м. Чернівці",Дністер,SRC001,2003-01-01_2007-12-31_output,BSK5=2.0,retain_unchanged_with_qc_flag,analytical_consistency_review,,,,
SWM_27123_20080924,27123,2008-09-24,HSK,mgO2/dm3,0.0,DQ006_COD_BOD5_CONSISTENCY,review,COD (HSK) is <50% of BOD5 in the same observation; analytical/missing-value coding should be reviewed.,,,"р. Інгулець, 210 км, с. Архангельське",Дніпро,SRC002,2008-01-01_2012-12-30_output,BSK5=9.6,retain_unchanged_with_qc_flag,analytical_consistency_review,,,,
SWM_27123_20081126,27123,2008-11-26,HSK,mgO2/dm3,0.0,DQ006_COD_BOD5_CONSISTENCY,review,COD (HSK) is <50% of BOD5 in the same observation; analytical/missing-value coding should be reviewed.,,,"р. Інгулець, 210 км, с. Архангельське",Дніпро,SRC002,2008-01-01_2012-12-30_output,BSK5=2.1,retain_unchanged_with_qc_flag,analytical_consistency_review,,,,
SWM_27133_20100630,27133,2010-06-30,HSK,mgO2/dm3,0.0,DQ006_COD_BOD5_CONSISTENCY,review,COD (HSK) is <50% of BOD5 in the same observation; analytical/missing-value coding should be reviewed.,,,"р. Південний Буг, 711 км,  смт. Меджибіж, Меджибіжське вдсх.",Південний Буг,SRC002,2008-01-01_2012-12-30_output,BSK5=6.8,retain_unchanged_with_qc_flag,analytical_consistency_review,,,,
SWM_27328_20100814,27328,2010-08-14,HSK,mgO2/dm3,0.0,DQ006_COD_BOD5_CONSISTENCY,review,COD (HSK) is <50% of BOD5 in the same observation; analytical/missing-value coding should be reviewed.,,,"р. Киргиж-Китай, 49 км, с. М. Ярославець, кордон з Молдовою",Дунай,SRC002,2008-01-01_2012-12-30_output,BSK5=1.4,retain_unchanged_with_qc_flag,analytical_consistency_review,,,,
SWM_27105_20110906,27105,2011-09-06,HSK,mgO2/dm3,23.3,DQ006_COD_BOD5_CONSISTENCY,review,COD (HSK) is <50% of BOD5 in the same observation; analytical/missing-value coding should be reviewed.,,,"Північно-Кримський канал, 62 км, с. Бехтери, 60 км після ГНС Краснознам’янського каналу - 4 км нижче села, Голопристанського району",Річки Причорномор'я,SRC002,2008-01-01_2012-12-30_output,BSK5=103.0,retain_unchanged_with_qc_flag,analytical_consistency_review,,,,
SWM_27263_20120307,27263,2012-03-07,HSK,mgO2/dm3,2.02,DQ006_COD_BOD5_CONSISTENCY,review,COD (HSK) is <50% of BOD5 in the same observation; analytical/missing-value coding should be reviewed.,,,"р. Окни, 28 км, с. Лабушне, кордон з Молдовою",Дністер,SRC002,2008-01-01_2012-12-30_output,BSK5=8.77,retain_unchanged_with_qc_flag,analytical_consistency_review,,,,
SWM_26932_20120312,26932,2012-03-12,HSK,mgO2/dm3,0.0,DQ006_COD_BOD5_CONSISTENCY,review,COD (HSK) is <50% of BOD5 in the same observation; analytical/missing-value coding should be reviewed.,,,"р. Стохід, 19 км, м. Любешів, північно-східна околиця",Дніпро,SRC002,2008-01-01_2012-12-30_output,BSK5=1.8,retain_unchanged_with_qc_flag,analytical_consistency_review,,,,
SWM_26931_20120313,26931,2012-03-13,HSK,mgO2/dm3,0.0,DQ006_COD_BOD5_CONSISTENCY,review,COD (HSK) is <50% of BOD5 in the same observation; analytical/missing-value coding should be reviewed.,,,"р. Турія, 125 км, м.Ковель, питний в/з міста",Дніпро,SRC002,2008-01-01_2012-12-30_output,BSK5=4.5,retain_unchanged_with_qc_flag,analytical_consistency_review,,,,
SWM_27328_20120514,27328,2012-05-14,HSK,mgO2/dm3,46.2,DQ006_COD_BOD5_CONSISTENCY,review,COD (HSK) is <50% of BOD5 in the same observation; analytical/missing-value coding should be reviewed.,,,"р. Киргиж-Китай, 49 км, с. М. Ярославець, кордон з Молдовою",Дунай,SRC002,2008-01-01_2012-12-30_output,BSK5=144.0,retain_unchanged_with_qc_flag,analytical_consistency_review,,,,
SWM_27352_20120514,27352,2012-05-14,HSK,mgO2/dm3,55.7,DQ006_COD_BOD5_CONSISTENCY,review,COD (HSK) is <50% of BOD5 in the same observation; analytical/missing-value coding should be reviewed.,,,"р. Чага, 66 км, с. Петровка, кордон з Молдовою",Річки Причорномор'я,SRC002,2008-01-01_2012-12-30_output,BSK5=112.0,retain_unchanged_with_qc_flag,analytical_consistency_review,,,,
SWM_27355_20120515,27355,2012-05-15,HSK,mgO2/dm3,24.2,DQ006_COD_BOD5_CONSISTENCY,review,COD (HSK) is <50% of BOD5 in the same observation; analytical/missing-value coding should be reviewed.,,,"р. Каплань, 19 км, с. Крутоярівка, кордон з Молдовою",Річки Причорномор'я,SRC002,2008-01-01_2012-12-30_output,BSK5=128.0,retain_unchanged_with_qc_flag,analytical_consistency_review,,,,
SWM_27360_20120717,27360,2012-07-17,HSK,mgO2/dm3,17.0,DQ006_COD_BOD5_CONSISTENCY,review,COD (HSK) is <50% of BOD5 in the same observation; analytical/missing-value coding should be reviewed.,,,"р. Тілігул, 17,5 км, смт. Березівка",Річки Причорномор'я,SRC002,2008-01-01_2012-12-30_output,BSK5=50.0,retain_unchanged_with_qc_flag,analytical_consistency_review,,,,
SWM_27350_20121130,27350,2012-11-30,HSK,mgO2/dm3,43.6,DQ006_COD_BOD5_CONSISTENCY,review,COD (HSK) is <50% of BOD5 in the same observation; analytical/missing-value coding should be reviewed.,,,"р. Когільник, 12 км, с. Новоолексіївка",Річки Причорномор'я,SRC002,2008-01-01_2012-12-30_output,BSK5=128.0,retain_unchanged_with_qc_flag,analytical_consistency_review,,,,
SWM_27338_20130513,27338,2013-05-13,HSK,mgO2/dm3,0.0,DQ006_COD_BOD5_CONSISTENCY,review,COD (HSK) is <50% of BOD5 in the same observation; analytical/missing-value coding should be reviewed.,,,"р. Західний Буг, 385 км, с. Світязь, оз. Світязь, Шацький район",Вісла,SRC003,2012-12-31_2015-12-31_output,BSK5=2.42,retain_unchanged_with_qc_flag,analytical_consistency_review,,,,
SWM_27349_20130524,27349,2013-05-24,HSK,mgO2/dm3,36.1,DQ006_COD_BOD5_CONSISTENCY,review,COD (HSK) is <50% of BOD5 in the same observation; analytical/missing-value coding should be reviewed.,,,"р. Сарата, 94 км, с. Міняйлівка, кордон з Молдовою",Річки Причорномор'я,SRC003,2012-12-31_2015-12-31_output,BSK5=75.8,retain_unchanged_with_qc_flag,analytical_consistency_review,,,,
SWM_27351_20130524,27351,2013-05-24,HSK,mgO2/dm3,33.2,DQ006_COD_BOD5_CONSISTENCY,review,COD (HSK) is <50% of BOD5 in the same observation; analytical/missing-value coding should be reviewed.,,,"р. Когільник, 131 км, с. Серпневе, кордон з Молдовою",Річки Причорномор'я,SRC003,2012-12-31_2015-12-31_output,BSK5=88.2,retain_unchanged_with_qc_flag,analytical_consistency_review,,,,
SWM_27354_20130726,27354,2013-07-26,HSK,mgO2/dm3,6.0,DQ006_COD_BOD5_CONSISTENCY,review,COD (HSK) is <50% of BOD5 in the same observation; analytical/missing-value coding should be reviewed.,,,"р. Хаджидер, 68 км, с. Чистоводне, кордон з Молдовою",Річки Причорномор'я,SRC003,2012-12-31_2015-12-31_output,BSK5=13.3,retain_unchanged_with_qc_flag,analytical_consistency_review,,,,
SWM_27328_20131010,27328,2013-10-10,HSK,mgO2/dm3,30.0,DQ006_COD_BOD5_CONSISTENCY,review,COD (HSK) is <50% of BOD5 in the same observation; analytical/missing-value coding should be reviewed.,,,"р. Киргиж-Китай, 49 км, с. М. Ярославець, кордон з Молдовою",Дунай,SRC003,2012-12-31_2015-12-31_output,BSK5=92.0,retain_unchanged_with_qc_flag,analytical_consistency_review,,,,
SWM_27351_20131010,27351,2013-10-10,HSK,mgO2/dm3,20.0,DQ006_COD_BOD5_CONSISTENCY,review,COD (HSK) is <50% of BOD5 in the same observation; analytical/missing-value coding should be reviewed.,,,"р. Когільник, 131 км, с. Серпневе, кордон з Молдовою",Річки Причорномор'я,SRC003,2012-12-31_2015-12-31_output,BSK5=86.0,retain_unchanged_with_qc_flag,analytical_consistency_review,,,,
SWM_27262_20140220,27262,2014-02-20,HSK,mgO2/dm3,28.2,DQ006_COD_BOD5_CONSISTENCY,review,COD (HSK) is <50% of BOD5 in the same observation; analytical/missing-value coding should be reviewed.,,,"р. Білоч, 15 км, с. Шершенці, кордон з Молдовою",Дністер,SRC003,2012-12-31_2015-12-31_output,BSK5=74.0,retain_unchanged_with_qc_flag,analytical_consistency_review,,,,
SWM_27266_20140528,27266,2014-05-28,HSK,mgO2/dm3,51.6,DQ006_COD_BOD5_CONSISTENCY,review,COD (HSK) is <50% of BOD5 in the same observation; analytical/missing-value coding should be reviewed.,,,"р. Кучурган, 6 км, с. Степанівка, впадає в Кучурганський лиман, кордон з Молдовою",Дністер,SRC003,2012-12-31_2015-12-31_output,BSK5=122.4,retain_unchanged_with_qc_flag,analytical_consistency_review,,,,
SWM_27358_20140718,27358,2014-07-18,HSK,mgO2/dm3,64.0,DQ006_COD_BOD5_CONSISTENCY,review,COD (HSK) is <50% of BOD5 in the same observation; analytical/missing-value coding should be reviewed.,,,"р. В.Куяльник, 8,2 км, с. Руська Слобідка",Річки Причорномор'я,SRC003,2012-12-31_2015-12-31_output,BSK5=136.0,retain_unchanged_with_qc_flag,analytical_consistency_review,,,,
SWM_27153_20140721,27153,2014-07-21,HSK,mgO2/dm3,16.0,DQ006_COD_BOD5_CONSISTENCY,review,COD (HSK) is <50% of BOD5 in the same observation; analytical/missing-value coding should be reviewed.,,,"р. Кодима, 103 км, м. Балта, сільгосп. в/з",Південний Буг,SRC003,2012-12-31_2015-12-31_output,BSK5=40.0,retain_unchanged_with_qc_flag,analytical_consistency_review,,,,
SWM_27357_20140804,27357,2014-08-04,HSK,mgO2/dm3,17.8,DQ006_COD_BOD5_CONSISTENCY,review,COD (HSK) is <50% of BOD5 in the same observation; analytical/missing-value coding should be reviewed.,,,"р. Барабой, 17 км, с. Барабой, Санжинське вдсх., н/б'єф",Річки Причорномор'я,SRC003,2012-12-31_2015-12-31_output,BSK5=80.0,retain_unchanged_with_qc_flag,analytical_consistency_review,,,,
SWM_27253_20150728,27253,2015-07-28,HSK,mgO2/dm3,14.0,DQ006_COD_BOD5_CONSISTENCY,review,COD (HSK) is <50% of BOD5 in the same observation; analytical/missing-value coding should be reviewed.,,,"р. Сівка, 11 км, смт. Войнилів, вплив стоків Калуського пром вузла, лів. берег, 80 м вище мосту по дорозі Калуш-Бурштин",Дністер,SRC003,2012-12-31_2015-12-31_output,BSK5=202.0,retain_unchanged_with_qc_flag,analytical_consistency_review,,,,
SWM_27317_20160212,27317,2016-02-12,HSK,mgO2/dm3,32.1,DQ006_COD_BOD5_CONSISTENCY,review,COD (HSK) is <50% of BOD5 in the same observation; analytical/missing-value coding should be reviewed.,,,"р. В.Ялпуг, 5,4 км, с. Табаки Болградського р-ну,  впадає в оз.Ялпуг, кордон з Молдовою",Дунай,SRC004,2016-01-01_2018-12-31_output,BSK5=69.0,retain_unchanged_with_qc_flag,analytical_consistency_review,,,,
SWM_27264_20161012,27264,2016-10-12,HSK,mgO2/dm3,2.0,DQ006_COD_BOD5_CONSISTENCY,review,COD (HSK) is <50% of BOD5 in the same observation; analytical/missing-value coding should be reviewed.,,,"р. Ягорлик, 20,2 км, с. Артирівка, кордон з Молдовою",Дністер,SRC004,2016-01-01_2018-12-31_output,BSK5=88.6,retain_unchanged_with_qc_flag,analytical_consistency_review,,,,
SWM_27349_20180717,27349,2018-07-17,HSK,mgO2/dm3,18.4,DQ006_COD_BOD5_CONSISTENCY,review,COD (HSK) is <50% of BOD5 in the same observation; analytical/missing-value coding should be reviewed.,,,"р. Сарата, 94 км, с. Міняйлівка, кордон з Молдовою",Річки Причорномор'я,SRC004,2016-01-01_2018-12-31_output,BSK5=45.9,retain_unchanged_with_qc_flag,analytical_consistency_review,,,,
SWM_27853_20200408,27853,2020-04-08,HSK,mgO2/dm3,5.0,DQ006_COD_BOD5_CONSISTENCY,review,COD (HSK) is <50% of BOD5 in the same observation; analytical/missing-value coding should be reviewed.,,,"р. Зубра, 30 км, с.Зубра, 30 км, с.Зубра, Пустомитівський р-н Львівської області",Дністер,SRC010,2020-04-01_2020-06-30_output,BSK5=11.2,retain_unchanged_with_qc_flag,analytical_consistency_review,,,,
SWM_27328_20220117,27328,2022-01-17,HSK,mgO2/dm3,4.2,DQ006_COD_BOD5_CONSISTENCY,review,COD (HSK) is <50% of BOD5 in the same observation; analytical/missing-value coding should be reviewed.,,,"р. Киргиж-Китай, 49 км, с. М. Ярославець, кордон з Молдовою",Дунай,SRC023,2022-01-01_2022-01-31_output,BSK5=12.6,retain_unchanged_with_qc_flag,analytical_consistency_review,,,,
SWM_27267_20240118,27267,2024-01-18,HSK,mgO2/dm3,19.3,DQ006_COD_BOD5_CONSISTENCY,review,COD (HSK) is <50% of BOD5 in the same observation; analytical/missing-value coding should be reviewed.,,,"р. Кучурган, 1 км, с. Граданиці, Кучурганське вдсх., 1 км по дамбі від села",Дністер,SRC047,2024-01-01_2024-01-31_output,BSK5=77.7,retain_unchanged_with_qc_flag,analytical_consistency_review,,,,
SWM_27272_20240404,27272,2024-04-04,HSK,mgO2/dm3,1.0,DQ006_COD_BOD5_CONSISTENCY,review,COD (HSK) is <50% of BOD5 in the same observation; analytical/missing-value coding should be reviewed.,,,"р. Дунай, 20 км, м. Вилкове, питний в/з",Дунай,SRC050,2024-04-april,BSK5=2.7,retain_unchanged_with_qc_flag,analytical_consistency_review,,,,
