Record_ID,Post_ID,Controle_Date,Field,Correction_Code,Original_Value,Corrected_Value,Correction_Rule,Source_Sheet,Status
SWM_26853_20201013,26853,2020-10-13,Hlorid,TC001_TEXT_DATE_AUTOCONVERSION,15.Лип,15.07,DD.MMM → integer.month,2020-10-01_2020-12-31_output,deterministically_corrected
SWM_26968_20201020,26968,2020-10-20,Kisen,TC001_TEXT_DATE_AUTOCONVERSION,Лис.52,11.52,MMM.YY → month.decimal_digits,2020-10-01_2020-12-31_output,deterministically_corrected
SWM_27023_20201109,27023,2020-11-09,Nitrat,TC001_TEXT_DATE_AUTOCONVERSION,04.Тра,4.05,DD.MMM → integer.month,2020-10-01_2020-12-31_output,deterministically_corrected
SWM_27224_20201020,27224,2020-10-20,Azot,TC001_TEXT_DATE_AUTOCONVERSION,01.Лют,1.02,DD.MMM → integer.month,2020-10-01_2020-12-31_output,deterministically_corrected
SWM_27224_20201020,27224,2020-10-20,Kisen,TC001_TEXT_DATE_AUTOCONVERSION,10.Кві,10.04,DD.MMM → integer.month,2020-10-01_2020-12-31_output,deterministically_corrected
SWM_27296_20201124,27296,2020-11-24,BSK5,TC001_TEXT_DATE_AUTOCONVERSION,01.Тра,1.05,DD.MMM → integer.month,2020-10-01_2020-12-31_output,deterministically_corrected
SWM_27303_20201104,27303,2020-11-04,BSK5,TC001_TEXT_DATE_AUTOCONVERSION,Січ.48,1.48,MMM.YY → month.decimal_digits,2020-10-01_2020-12-31_output,deterministically_corrected
SWM_27303_20201104,27303,2020-11-04,Kisen,TC001_TEXT_DATE_AUTOCONVERSION,11.Кві,11.04,DD.MMM → integer.month,2020-10-01_2020-12-31_output,deterministically_corrected
SWM_27333_20201104,27333,2020-11-04,BSK5,TC001_TEXT_DATE_AUTOCONVERSION,02.Тра,2.05,DD.MMM → integer.month,2020-10-01_2020-12-31_output,deterministically_corrected
SWM_27333_20201104,27333,2020-11-04,Fosfat,TC001_TEXT_DATE_AUTOCONVERSION,01.Тра,1.05,DD.MMM → integer.month,2020-10-01_2020-12-31_output,deterministically_corrected
SWM_27299_20201012,27299,2020-10-12,BSK5,TC001_TEXT_DATE_AUTOCONVERSION,01.Тра,1.05,DD.MMM → integer.month,2020-10-01_2020-12-31_output,deterministically_corrected
SWM_27299_20201103,27299,2020-11-03,Kisen,TC001_TEXT_DATE_AUTOCONVERSION,10.Тра,10.05,DD.MMM → integer.month,2020-10-01_2020-12-31_output,deterministically_corrected
SWM_27299_20201103,27299,2020-11-03,Sulfat,TC001_TEXT_DATE_AUTOCONVERSION,08.Тра,8.05,DD.MMM → integer.month,2020-10-01_2020-12-31_output,deterministically_corrected
SWM_27299_20201202,27299,2020-12-02,Kisen,TC001_TEXT_DATE_AUTOCONVERSION,12.Вер,12.09,DD.MMM → integer.month,2020-10-01_2020-12-31_output,deterministically_corrected
SWM_27299_20201202,27299,2020-12-02,Sulfat,TC001_TEXT_DATE_AUTOCONVERSION,12.Вер,12.09,DD.MMM → integer.month,2020-10-01_2020-12-31_output,deterministically_corrected
SWM_27300_20201012,27300,2020-10-12,Sulfat,TC001_TEXT_DATE_AUTOCONVERSION,17.Тра,17.05,DD.MMM → integer.month,2020-10-01_2020-12-31_output,deterministically_corrected
SWM_27300_20201103,27300,2020-11-03,Hlorid,TC001_TEXT_DATE_AUTOCONVERSION,09.Тра,9.05,DD.MMM → integer.month,2020-10-01_2020-12-31_output,deterministically_corrected
SWM_27300_20201103,27300,2020-11-03,HSK,TC001_TEXT_DATE_AUTOCONVERSION,07.Тра,7.05,DD.MMM → integer.month,2020-10-01_2020-12-31_output,deterministically_corrected
SWM_27300_20201202,27300,2020-12-02,Sulfat,TC001_TEXT_DATE_AUTOCONVERSION,12.Кві,12.04,DD.MMM → integer.month,2020-10-01_2020-12-31_output,deterministically_corrected
SWM_27300_20201202,27300,2020-12-02,Hlorid,TC001_TEXT_DATE_AUTOCONVERSION,10.Тра,10.05,DD.MMM → integer.month,2020-10-01_2020-12-31_output,deterministically_corrected
SWM_27300_20201202,27300,2020-12-02,Permanganat,TC001_TEXT_DATE_AUTOCONVERSION,03.Тра,3.05,DD.MMM → integer.month,2020-10-01_2020-12-31_output,deterministically_corrected
SWM_27301_20201012,27301,2020-10-12,BSK5,TC001_TEXT_DATE_AUTOCONVERSION,01.Сер,1.08,DD.MMM → integer.month,2020-10-01_2020-12-31_output,deterministically_corrected
SWM_27301_20201012,27301,2020-10-12,Kisen,TC001_TEXT_DATE_AUTOCONVERSION,10.Чер,10.06,DD.MMM → integer.month,2020-10-01_2020-12-31_output,deterministically_corrected
SWM_27301_20201103,27301,2020-11-03,BSK5,TC001_TEXT_DATE_AUTOCONVERSION,01.Лип,1.07,DD.MMM → integer.month,2020-10-01_2020-12-31_output,deterministically_corrected
SWM_27301_20201103,27301,2020-11-03,Kisen,TC001_TEXT_DATE_AUTOCONVERSION,10.Січ,10.01,DD.MMM → integer.month,2020-10-01_2020-12-31_output,deterministically_corrected
SWM_27301_20201103,27301,2020-11-03,Sulfat,TC001_TEXT_DATE_AUTOCONVERSION,10.Кві,10.04,DD.MMM → integer.month,2020-10-01_2020-12-31_output,deterministically_corrected
SWM_27301_20201202,27301,2020-12-02,BSK5,TC001_TEXT_DATE_AUTOCONVERSION,01.Бер,1.03,DD.MMM → integer.month,2020-10-01_2020-12-31_output,deterministically_corrected
SWM_27302_20201202,27302,2020-12-02,Zavisli,TC001_TEXT_DATE_AUTOCONVERSION,09.Тра,9.05,DD.MMM → integer.month,2020-10-01_2020-12-31_output,deterministically_corrected
SWM_27302_20201202,27302,2020-12-02,Sulfat,TC001_TEXT_DATE_AUTOCONVERSION,15.Кві,15.04,DD.MMM → integer.month,2020-10-01_2020-12-31_output,deterministically_corrected
SWM_27303_20201007,27303,2020-10-07,Azot,TC001_TEXT_DATE_AUTOCONVERSION,Січ.25,1.25,MMM.YY → month.decimal_digits,2020-10-01_2020-12-31_output,deterministically_corrected
SWM_27303_20201007,27303,2020-10-07,BSK5,TC001_TEXT_DATE_AUTOCONVERSION,Січ.52,1.52,MMM.YY → month.decimal_digits,2020-10-01_2020-12-31_output,deterministically_corrected
SWM_27303_20201007,27303,2020-10-07,Hlorid,TC001_TEXT_DATE_AUTOCONVERSION,12.Кві,12.04,DD.MMM → integer.month,2020-10-01_2020-12-31_output,deterministically_corrected
SWM_27303_20201202,27303,2020-12-02,BSK5,TC001_TEXT_DATE_AUTOCONVERSION,Січ.76,1.76,MMM.YY → month.decimal_digits,2020-10-01_2020-12-31_output,deterministically_corrected
SWM_27303_20201202,27303,2020-12-02,Kisen,TC001_TEXT_DATE_AUTOCONVERSION,13.Січ,13.01,DD.MMM → integer.month,2020-10-01_2020-12-31_output,deterministically_corrected
SWM_27303_20201202,27303,2020-12-02,HSK,TC001_TEXT_DATE_AUTOCONVERSION,11.Кві,11.04,DD.MMM → integer.month,2020-10-01_2020-12-31_output,deterministically_corrected
SWM_27304_20201202,27304,2020-12-02,Kisen,TC001_TEXT_DATE_AUTOCONVERSION,12.Вер,12.09,DD.MMM → integer.month,2020-10-01_2020-12-31_output,deterministically_corrected
SWM_27305_20201117,27305,2020-11-17,Kisen,TC001_TEXT_DATE_AUTOCONVERSION,11.Тра,11.05,DD.MMM → integer.month,2020-10-01_2020-12-31_output,deterministically_corrected
SWM_27308_20201020,27308,2020-10-20,BSK5,TC001_TEXT_DATE_AUTOCONVERSION,Січ.24,1.24,MMM.YY → month.decimal_digits,2020-10-01_2020-12-31_output,deterministically_corrected
SWM_27308_20201020,27308,2020-10-20,Permanganat,TC001_TEXT_DATE_AUTOCONVERSION,Лют.48,2.48,MMM.YY → month.decimal_digits,2020-10-01_2020-12-31_output,deterministically_corrected
SWM_27308_20201118,27308,2020-11-18,BSK5,TC001_TEXT_DATE_AUTOCONVERSION,01.Лют,1.02,DD.MMM → integer.month,2020-10-01_2020-12-31_output,deterministically_corrected
SWM_27334_20201006,27334,2020-10-06,Amoniy,TC001_TEXT_DATE_AUTOCONVERSION,01.Бер,1.03,DD.MMM → integer.month,2020-10-01_2020-12-31_output,deterministically_corrected
SWM_27334_20201006,27334,2020-10-06,Nitrat,TC001_TEXT_DATE_AUTOCONVERSION,Чер.96,6.96,MMM.YY → month.decimal_digits,2020-10-01_2020-12-31_output,deterministically_corrected
SWM_27334_20201104,27334,2020-11-04,Amoniy,TC001_TEXT_DATE_AUTOCONVERSION,01.Бер,1.03,DD.MMM → integer.month,2020-10-01_2020-12-31_output,deterministically_corrected
SWM_27335_20201006,27335,2020-10-06,BSK5,TC001_TEXT_DATE_AUTOCONVERSION,02.Тра,2.05,DD.MMM → integer.month,2020-10-01_2020-12-31_output,deterministically_corrected
SWM_27335_20201117,27335,2020-11-17,Azot,TC001_TEXT_DATE_AUTOCONVERSION,01.Сер,1.08,DD.MMM → integer.month,2020-10-01_2020-12-31_output,deterministically_corrected
SWM_27336_20201006,27336,2020-10-06,BSK5,TC001_TEXT_DATE_AUTOCONVERSION,02.Тра,2.05,DD.MMM → integer.month,2020-10-01_2020-12-31_output,deterministically_corrected
SWM_27337_20201006,27337,2020-10-06,Azot,TC001_TEXT_DATE_AUTOCONVERSION,01.Лют,1.02,DD.MMM → integer.month,2020-10-01_2020-12-31_output,deterministically_corrected
SWM_27339_20201006,27339,2020-10-06,Fosfat,TC001_TEXT_DATE_AUTOCONVERSION,Тра.21,5.21,MMM.YY → month.decimal_digits,2020-10-01_2020-12-31_output,deterministically_corrected
SWM_27339_20201104,27339,2020-11-04,Nitrit,TC001_TEXT_DATE_AUTOCONVERSION,Січ.22,1.22,MMM.YY → month.decimal_digits,2020-10-01_2020-12-31_output,deterministically_corrected
SWM_27614_20201019,27614,2020-10-19,Azot,TC001_TEXT_DATE_AUTOCONVERSION,01.Бер,1.03,DD.MMM → integer.month,2020-10-01_2020-12-31_output,deterministically_corrected
SWM_27614_20201019,27614,2020-10-19,BSK5,TC001_TEXT_DATE_AUTOCONVERSION,01.Сер,1.08,DD.MMM → integer.month,2020-10-01_2020-12-31_output,deterministically_corrected
SWM_27614_20201103,27614,2020-11-03,Azot,TC001_TEXT_DATE_AUTOCONVERSION,01.Лют,1.02,DD.MMM → integer.month,2020-10-01_2020-12-31_output,deterministically_corrected
SWM_27614_20201103,27614,2020-11-03,BSK5,TC001_TEXT_DATE_AUTOCONVERSION,01.Тра,1.05,DD.MMM → integer.month,2020-10-01_2020-12-31_output,deterministically_corrected
SWM_27798_20201020,27798,2020-10-20,BSK5,TC001_TEXT_DATE_AUTOCONVERSION,02.Тра,2.05,DD.MMM → integer.month,2020-10-01_2020-12-31_output,deterministically_corrected
SWM_27798_20201116,27798,2020-11-16,BSK5,TC001_TEXT_DATE_AUTOCONVERSION,01.Сер,1.08,DD.MMM → integer.month,2020-10-01_2020-12-31_output,deterministically_corrected
SWM_27798_20201116,27798,2020-11-16,Kisen,TC001_TEXT_DATE_AUTOCONVERSION,11.Січ,11.01,DD.MMM → integer.month,2020-10-01_2020-12-31_output,deterministically_corrected
SWM_27802_20201124,27802,2020-11-24,Kisen,TC001_TEXT_DATE_AUTOCONVERSION,11.Вер,11.09,DD.MMM → integer.month,2020-10-01_2020-12-31_output,deterministically_corrected
SWM_27841_20201105,27841,2020-11-05,BSK5,TC001_TEXT_DATE_AUTOCONVERSION,03.Кві,3.04,DD.MMM → integer.month,2020-10-01_2020-12-31_output,deterministically_corrected
SWM_27843_20201027,27843,2020-10-27,BSK5,TC001_TEXT_DATE_AUTOCONVERSION,01.Сер,1.08,DD.MMM → integer.month,2020-10-01_2020-12-31_output,deterministically_corrected
SWM_27843_20201124,27843,2020-11-24,BSK5,TC001_TEXT_DATE_AUTOCONVERSION,01.Лип,1.07,DD.MMM → integer.month,2020-10-01_2020-12-31_output,deterministically_corrected
SWM_27843_20201209,27843,2020-12-09,BSK5,TC001_TEXT_DATE_AUTOCONVERSION,01.Сер,1.08,DD.MMM → integer.month,2020-10-01_2020-12-31_output,deterministically_corrected
SWM_26853_20201207,26853,2020-12-07,BSK5,TC001_TEXT_DATE_AUTOCONVERSION,Січ.72,1.72,MMM.YY → month.decimal_digits,2020-10-01_2020-12-31_output,deterministically_corrected
SWM_26853_20201207,26853,2020-12-07,Zavisli,TC001_TEXT_DATE_AUTOCONVERSION,10.Кві,10.04,DD.MMM → integer.month,2020-10-01_2020-12-31_output,deterministically_corrected
SWM_26853_20201207,26853,2020-12-07,Kisen,TC001_TEXT_DATE_AUTOCONVERSION,Жов.58,10.58,MMM.YY → month.decimal_digits,2020-10-01_2020-12-31_output,deterministically_corrected
SWM_26853_20201207,26853,2020-12-07,Hlorid,TC001_TEXT_DATE_AUTOCONVERSION,15.Лип,15.07,DD.MMM → integer.month,2020-10-01_2020-12-31_output,deterministically_corrected
SWM_26921_20201215,26921,2020-12-15,Nitrat,TC001_TEXT_DATE_AUTOCONVERSION,01.Лют,1.02,DD.MMM → integer.month,2020-10-01_2020-12-31_output,deterministically_corrected
SWM_26922_20201013,26922,2020-10-13,BSK5,TC001_TEXT_DATE_AUTOCONVERSION,Січ.96,1.96,MMM.YY → month.decimal_digits,2020-10-01_2020-12-31_output,deterministically_corrected
SWM_26922_20201013,26922,2020-10-13,Zavisli,TC001_TEXT_DATE_AUTOCONVERSION,12.Кві,12.04,DD.MMM → integer.month,2020-10-01_2020-12-31_output,deterministically_corrected
SWM_26922_20201013,26922,2020-10-13,Hlorid,TC001_TEXT_DATE_AUTOCONVERSION,15.Лип,15.07,DD.MMM → integer.month,2020-10-01_2020-12-31_output,deterministically_corrected
SWM_26922_20201013,26922,2020-10-13,Nitrat,TC001_TEXT_DATE_AUTOCONVERSION,Січ.45,1.45,MMM.YY → month.decimal_digits,2020-10-01_2020-12-31_output,deterministically_corrected
SWM_26922_20201109,26922,2020-11-09,BSK5,TC001_TEXT_DATE_AUTOCONVERSION,02.Лют,2.02,DD.MMM → integer.month,2020-10-01_2020-12-31_output,deterministically_corrected
SWM_26922_20201109,26922,2020-11-09,Nitrat,TC001_TEXT_DATE_AUTOCONVERSION,Січ.73,1.73,MMM.YY → month.decimal_digits,2020-10-01_2020-12-31_output,deterministically_corrected
SWM_26925_20201210,26925,2020-12-10,BSK5,TC001_TEXT_DATE_AUTOCONVERSION,Бер.29,3.29,MMM.YY → month.decimal_digits,2020-10-01_2020-12-31_output,deterministically_corrected
SWM_26969_20201020,26969,2020-10-20,BSK5,TC001_TEXT_DATE_AUTOCONVERSION,Лют.48,2.48,MMM.YY → month.decimal_digits,2020-10-01_2020-12-31_output,deterministically_corrected
SWM_26978_20201118,26978,2020-11-18,Zavisli,TC001_TEXT_DATE_AUTOCONVERSION,09.Тра,9.05,DD.MMM → integer.month,2020-10-01_2020-12-31_output,deterministically_corrected
SWM_26978_20201215,26978,2020-12-15,BSK5,TC001_TEXT_DATE_AUTOCONVERSION,03.Тра,3.05,DD.MMM → integer.month,2020-10-01_2020-12-31_output,deterministically_corrected
SWM_26978_20201215,26978,2020-12-15,Zavisli,TC001_TEXT_DATE_AUTOCONVERSION,08.Тра,8.05,DD.MMM → integer.month,2020-10-01_2020-12-31_output,deterministically_corrected
SWM_26982_20201012,26982,2020-10-12,Zavisli,TC001_TEXT_DATE_AUTOCONVERSION,11.Тра,11.05,DD.MMM → integer.month,2020-10-01_2020-12-31_output,deterministically_corrected
SWM_26982_20201012,26982,2020-10-12,Hlorid,TC001_TEXT_DATE_AUTOCONVERSION,Лис.52,11.52,MMM.YY → month.decimal_digits,2020-10-01_2020-12-31_output,deterministically_corrected
SWM_26982_20201012,26982,2020-10-12,Nitrat,TC001_TEXT_DATE_AUTOCONVERSION,Січ.47,1.47,MMM.YY → month.decimal_digits,2020-10-01_2020-12-31_output,deterministically_corrected
SWM_26982_20201110,26982,2020-11-10,Nitrat,TC001_TEXT_DATE_AUTOCONVERSION,Січ.55,1.55,MMM.YY → month.decimal_digits,2020-10-01_2020-12-31_output,deterministically_corrected
SWM_26983_20201012,26983,2020-10-12,Hlorid,TC001_TEXT_DATE_AUTOCONVERSION,15.Лип,15.07,DD.MMM → integer.month,2020-10-01_2020-12-31_output,deterministically_corrected
SWM_26983_20201012,26983,2020-10-12,Nitrat,TC001_TEXT_DATE_AUTOCONVERSION,01.Бер,1.03,DD.MMM → integer.month,2020-10-01_2020-12-31_output,deterministically_corrected
SWM_26983_20201110,26983,2020-11-10,BSK5,TC001_TEXT_DATE_AUTOCONVERSION,02.Лют,2.02,DD.MMM → integer.month,2020-10-01_2020-12-31_output,deterministically_corrected
SWM_26983_20201110,26983,2020-11-10,Hlorid,TC001_TEXT_DATE_AUTOCONVERSION,Лис.52,11.52,MMM.YY → month.decimal_digits,2020-10-01_2020-12-31_output,deterministically_corrected
SWM_27047_20201006,27047,2020-10-06,Zavisli,TC001_TEXT_DATE_AUTOCONVERSION,13.Чер,13.06,DD.MMM → integer.month,2020-10-01_2020-12-31_output,deterministically_corrected
SWM_27047_20201103,27047,2020-11-03,Kisen,TC001_TEXT_DATE_AUTOCONVERSION,Сер.75,8.75,MMM.YY → month.decimal_digits,2020-10-01_2020-12-31_output,deterministically_corrected
SWM_27047_20201103,27047,2020-11-03,Nitrat,TC001_TEXT_DATE_AUTOCONVERSION,Січ.48,1.48,MMM.YY → month.decimal_digits,2020-10-01_2020-12-31_output,deterministically_corrected
SWM_27098_20201020,27098,2020-10-20,BSK5,TC001_TEXT_DATE_AUTOCONVERSION,Бер.46,3.46,MMM.YY → month.decimal_digits,2020-10-01_2020-12-31_output,deterministically_corrected
SWM_27098_20201215,27098,2020-12-15,BSK5,TC001_TEXT_DATE_AUTOCONVERSION,Лют.46,2.46,MMM.YY → month.decimal_digits,2020-10-01_2020-12-31_output,deterministically_corrected
SWM_27098_20201215,27098,2020-12-15,HSK,TC001_TEXT_DATE_AUTOCONVERSION,28.Тра,28.05,DD.MMM → integer.month,2020-10-01_2020-12-31_output,deterministically_corrected
SWM_27099_20201027,27099,2020-10-27,Nitrat,TC001_TEXT_DATE_AUTOCONVERSION,Січ.48,1.48,MMM.YY → month.decimal_digits,2020-10-01_2020-12-31_output,deterministically_corrected
SWM_27099_20201109,27099,2020-11-09,Nitrat,TC001_TEXT_DATE_AUTOCONVERSION,Січ.51,1.51,MMM.YY → month.decimal_digits,2020-10-01_2020-12-31_output,deterministically_corrected
SWM_27099_20201208,27099,2020-12-08,Kisen,TC001_TEXT_DATE_AUTOCONVERSION,Жов.34,10.34,MMM.YY → month.decimal_digits,2020-10-01_2020-12-31_output,deterministically_corrected
SWM_27100_20201006,27100,2020-10-06,BSK5,TC001_TEXT_DATE_AUTOCONVERSION,01.Лип,1.07,DD.MMM → integer.month,2020-10-01_2020-12-31_output,deterministically_corrected
SWM_27104_20201103,27104,2020-11-03,BSK5,TC001_TEXT_DATE_AUTOCONVERSION,01.Бер,1.03,DD.MMM → integer.month,2020-10-01_2020-12-31_output,deterministically_corrected
SWM_27118_20201015,27118,2020-10-15,Nitrat,TC001_TEXT_DATE_AUTOCONVERSION,Лют.73,2.73,MMM.YY → month.decimal_digits,2020-10-01_2020-12-31_output,deterministically_corrected
SWM_27185_20201027,27185,2020-10-27,Zavisli,TC001_TEXT_DATE_AUTOCONVERSION,15.Кві,15.04,DD.MMM → integer.month,2020-10-01_2020-12-31_output,deterministically_corrected
SWM_27185_20201027,27185,2020-10-27,Kisen,TC001_TEXT_DATE_AUTOCONVERSION,10.Лют,10.02,DD.MMM → integer.month,2020-10-01_2020-12-31_output,deterministically_corrected
SWM_27224_20201118,27224,2020-11-18,Azot,TC001_TEXT_DATE_AUTOCONVERSION,Лют.25,2.25,MMM.YY → month.decimal_digits,2020-10-01_2020-12-31_output,deterministically_corrected
SWM_27224_20201118,27224,2020-11-18,BSK5,TC001_TEXT_DATE_AUTOCONVERSION,Січ.74,1.74,MMM.YY → month.decimal_digits,2020-10-01_2020-12-31_output,deterministically_corrected
SWM_27224_20201118,27224,2020-11-18,Kisen,TC001_TEXT_DATE_AUTOCONVERSION,12.Січ,12.01,DD.MMM → integer.month,2020-10-01_2020-12-31_output,deterministically_corrected
SWM_27224_20201216,27224,2020-12-16,Nitrat,TC001_TEXT_DATE_AUTOCONVERSION,10.Кві,10.04,DD.MMM → integer.month,2020-10-01_2020-12-31_output,deterministically_corrected
SWM_27224_20201216,27224,2020-12-16,Permanganat,TC001_TEXT_DATE_AUTOCONVERSION,Лют.48,2.48,MMM.YY → month.decimal_digits,2020-10-01_2020-12-31_output,deterministically_corrected
SWM_27225_20201020,27225,2020-10-20,Azot,TC001_TEXT_DATE_AUTOCONVERSION,01.Січ,1.01,DD.MMM → integer.month,2020-10-01_2020-12-31_output,deterministically_corrected
SWM_27225_20201020,27225,2020-10-20,Permanganat,TC001_TEXT_DATE_AUTOCONVERSION,Кві.21,4.21,MMM.YY → month.decimal_digits,2020-10-01_2020-12-31_output,deterministically_corrected
SWM_27225_20201020,27225,2020-10-20,HSK,TC001_TEXT_DATE_AUTOCONVERSION,13.Тра,13.05,DD.MMM → integer.month,2020-10-01_2020-12-31_output,deterministically_corrected
SWM_27225_20201215,27225,2020-12-15,Azot,TC001_TEXT_DATE_AUTOCONVERSION,Січ.52,1.52,MMM.YY → month.decimal_digits,2020-10-01_2020-12-31_output,deterministically_corrected
SWM_27225_20201215,27225,2020-12-15,Sulfat,TC001_TEXT_DATE_AUTOCONVERSION,28.Тра,28.05,DD.MMM → integer.month,2020-10-01_2020-12-31_output,deterministically_corrected
SWM_27225_20201215,27225,2020-12-15,HSK,TC001_TEXT_DATE_AUTOCONVERSION,14.Вер,14.09,DD.MMM → integer.month,2020-10-01_2020-12-31_output,deterministically_corrected
SWM_27226_20201020,27226,2020-10-20,BSK5,TC001_TEXT_DATE_AUTOCONVERSION,Бер.23,3.23,MMM.YY → month.decimal_digits,2020-10-01_2020-12-31_output,deterministically_corrected
SWM_27226_20201020,27226,2020-10-20,Nitrat,TC001_TEXT_DATE_AUTOCONVERSION,02.Тра,2.05,DD.MMM → integer.month,2020-10-01_2020-12-31_output,deterministically_corrected
SWM_27226_20201112,27226,2020-11-12,Azot,TC001_TEXT_DATE_AUTOCONVERSION,01.Тра,1.05,DD.MMM → integer.month,2020-10-01_2020-12-31_output,deterministically_corrected
SWM_27226_20201112,27226,2020-11-12,Permanganat,TC001_TEXT_DATE_AUTOCONVERSION,Кві.54,4.54,MMM.YY → month.decimal_digits,2020-10-01_2020-12-31_output,deterministically_corrected
SWM_27226_20201215,27226,2020-12-15,HSK,TC001_TEXT_DATE_AUTOCONVERSION,14.Тра,14.05,DD.MMM → integer.month,2020-10-01_2020-12-31_output,deterministically_corrected
SWM_27229_20201013,27229,2020-10-13,BSK5,TC001_TEXT_DATE_AUTOCONVERSION,Бер.21,3.21,MMM.YY → month.decimal_digits,2020-10-01_2020-12-31_output,deterministically_corrected
SWM_27229_20201013,27229,2020-10-13,HSK,TC001_TEXT_DATE_AUTOCONVERSION,14.Січ,14.01,DD.MMM → integer.month,2020-10-01_2020-12-31_output,deterministically_corrected
SWM_27229_20201208,27229,2020-12-08,Azot,TC001_TEXT_DATE_AUTOCONVERSION,Січ.26,1.26,MMM.YY → month.decimal_digits,2020-10-01_2020-12-31_output,deterministically_corrected
SWM_27229_20201208,27229,2020-12-08,BSK5,TC001_TEXT_DATE_AUTOCONVERSION,Лют.21,2.21,MMM.YY → month.decimal_digits,2020-10-01_2020-12-31_output,deterministically_corrected
SWM_27258_20201012,27258,2020-10-12,Azot,TC001_TEXT_DATE_AUTOCONVERSION,01.Лип,1.07,DD.MMM → integer.month,2020-10-01_2020-12-31_output,deterministically_corrected
SWM_27258_20201116,27258,2020-11-16,Azot,TC001_TEXT_DATE_AUTOCONVERSION,01.Лип,1.07,DD.MMM → integer.month,2020-10-01_2020-12-31_output,deterministically_corrected
SWM_27258_20201214,27258,2020-12-14,Azot,TC001_TEXT_DATE_AUTOCONVERSION,01.Бер,1.03,DD.MMM → integer.month,2020-10-01_2020-12-31_output,deterministically_corrected
SWM_27258_20201214,27258,2020-12-14,Kisen,TC001_TEXT_DATE_AUTOCONVERSION,10.Вер,10.09,DD.MMM → integer.month,2020-10-01_2020-12-31_output,deterministically_corrected
SWM_27260_20201012,27260,2020-10-12,Nitrat,TC001_TEXT_DATE_AUTOCONVERSION,Вер.25,9.25,MMM.YY → month.decimal_digits,2020-10-01_2020-12-31_output,deterministically_corrected
SWM_27260_20201109,27260,2020-11-09,Azot,TC001_TEXT_DATE_AUTOCONVERSION,01.Сер,1.08,DD.MMM → integer.month,2020-10-01_2020-12-31_output,deterministically_corrected
SWM_27260_20201109,27260,2020-11-09,Kisen,TC001_TEXT_DATE_AUTOCONVERSION,10.Кві,10.04,DD.MMM → integer.month,2020-10-01_2020-12-31_output,deterministically_corrected
SWM_27260_20201207,27260,2020-12-07,BSK5,TC001_TEXT_DATE_AUTOCONVERSION,02.Тра,2.05,DD.MMM → integer.month,2020-10-01_2020-12-31_output,deterministically_corrected
SWM_27262_20201116,27262,2020-11-16,Azot,TC001_TEXT_DATE_AUTOCONVERSION,Тра.71,5.71,MMM.YY → month.decimal_digits,2020-10-01_2020-12-31_output,deterministically_corrected
SWM_27262_20201214,27262,2020-12-14,BSK5,TC001_TEXT_DATE_AUTOCONVERSION,02.Тра,2.05,DD.MMM → integer.month,2020-10-01_2020-12-31_output,deterministically_corrected
SWM_27264_20201116,27264,2020-11-16,Nitrat,TC001_TEXT_DATE_AUTOCONVERSION,15.Чер,15.06,DD.MMM → integer.month,2020-10-01_2020-12-31_output,deterministically_corrected
SWM_27264_20201214,27264,2020-12-14,BSK5,TC001_TEXT_DATE_AUTOCONVERSION,05.Тра,5.05,DD.MMM → integer.month,2020-10-01_2020-12-31_output,deterministically_corrected
SWM_27264_20201214,27264,2020-12-14,Amoniy,TC001_TEXT_DATE_AUTOCONVERSION,Січ.76,1.76,MMM.YY → month.decimal_digits,2020-10-01_2020-12-31_output,deterministically_corrected
SWM_27266_20201019,27266,2020-10-19,BSK5,TC001_TEXT_DATE_AUTOCONVERSION,11.Чер,11.06,DD.MMM → integer.month,2020-10-01_2020-12-31_output,deterministically_corrected
SWM_26931_20201210,26931,2020-12-10,Hlorid,TC001_TEXT_DATE_AUTOCONVERSION,12.Січ,12.01,DD.MMM → integer.month,2020-10-01_2020-12-31_output,deterministically_corrected
SWM_26934_20201125,26934,2020-11-25,Hlorid,TC001_TEXT_DATE_AUTOCONVERSION,12.Січ,12.01,DD.MMM → integer.month,2020-10-01_2020-12-31_output,deterministically_corrected
SWM_26946_20201008,26946,2020-10-08,BSK5,TC001_TEXT_DATE_AUTOCONVERSION,Бер.77,3.77,MMM.YY → month.decimal_digits,2020-10-01_2020-12-31_output,deterministically_corrected
SWM_26946_20201008,26946,2020-10-08,Kisen,TC001_TEXT_DATE_AUTOCONVERSION,Лип.96,7.96,MMM.YY → month.decimal_digits,2020-10-01_2020-12-31_output,deterministically_corrected
SWM_26946_20201210,26946,2020-12-10,BSK5,TC001_TEXT_DATE_AUTOCONVERSION,Лют.98,2.98,MMM.YY → month.decimal_digits,2020-10-01_2020-12-31_output,deterministically_corrected
SWM_26946_20201210,26946,2020-12-10,Hlorid,TC001_TEXT_DATE_AUTOCONVERSION,Гру.76,12.76,MMM.YY → month.decimal_digits,2020-10-01_2020-12-31_output,deterministically_corrected
SWM_26950_20201029,26950,2020-10-29,Sulfat,TC001_TEXT_DATE_AUTOCONVERSION,22.Тра,22.05,DD.MMM → integer.month,2020-10-01_2020-12-31_output,deterministically_corrected
SWM_26950_20201029,26950,2020-10-29,HSK,TC001_TEXT_DATE_AUTOCONVERSION,14.Тра,14.05,DD.MMM → integer.month,2020-10-01_2020-12-31_output,deterministically_corrected
SWM_26983_20201207,26983,2020-12-07,BSK5,TC001_TEXT_DATE_AUTOCONVERSION,01.Сер,1.08,DD.MMM → integer.month,2020-10-01_2020-12-31_output,deterministically_corrected
SWM_26988_20201118,26988,2020-11-18,Nitrat,TC001_TEXT_DATE_AUTOCONVERSION,02.Тра,2.05,DD.MMM → integer.month,2020-10-01_2020-12-31_output,deterministically_corrected
SWM_26988_20201215,26988,2020-12-15,BSK5,TC001_TEXT_DATE_AUTOCONVERSION,02.Тра,2.05,DD.MMM → integer.month,2020-10-01_2020-12-31_output,deterministically_corrected
SWM_26989_20201020,26989,2020-10-20,Nitrat,TC001_TEXT_DATE_AUTOCONVERSION,01.Лют,1.02,DD.MMM → integer.month,2020-10-01_2020-12-31_output,deterministically_corrected
SWM_26989_20201020,26989,2020-10-20,Fosfat,TC001_TEXT_DATE_AUTOCONVERSION,Лип.75,7.75,MMM.YY → month.decimal_digits,2020-10-01_2020-12-31_output,deterministically_corrected
SWM_26989_20201118,26989,2020-11-18,Nitrat,TC001_TEXT_DATE_AUTOCONVERSION,10.Кві,10.04,DD.MMM → integer.month,2020-10-01_2020-12-31_output,deterministically_corrected
SWM_26991_20201110,26991,2020-11-10,Zavisli,TC001_TEXT_DATE_AUTOCONVERSION,10.Вер,10.09,DD.MMM → integer.month,2020-10-01_2020-12-31_output,deterministically_corrected
SWM_26991_20201207,26991,2020-12-07,BSK5,TC001_TEXT_DATE_AUTOCONVERSION,Січ.96,1.96,MMM.YY → month.decimal_digits,2020-10-01_2020-12-31_output,deterministically_corrected
SWM_26998_20201020,26998,2020-10-20,Fosfat,TC001_TEXT_DATE_AUTOCONVERSION,Січ.75,1.75,MMM.YY → month.decimal_digits,2020-10-01_2020-12-31_output,deterministically_corrected
SWM_26998_20201118,26998,2020-11-18,Kisen,TC001_TEXT_DATE_AUTOCONVERSION,10.Кві,10.04,DD.MMM → integer.month,2020-10-01_2020-12-31_output,deterministically_corrected
SWM_26998_20201209,26998,2020-12-09,Kisen,TC001_TEXT_DATE_AUTOCONVERSION,10.Січ,10.01,DD.MMM → integer.month,2020-10-01_2020-12-31_output,deterministically_corrected
SWM_26998_20201209,26998,2020-12-09,Nitrat,TC001_TEXT_DATE_AUTOCONVERSION,01.Лют,1.02,DD.MMM → integer.month,2020-10-01_2020-12-31_output,deterministically_corrected
SWM_27047_20201201,27047,2020-12-01,Nitrat,TC001_TEXT_DATE_AUTOCONVERSION,02.Тра,2.05,DD.MMM → integer.month,2020-10-01_2020-12-31_output,deterministically_corrected
SWM_27048_20201006,27048,2020-10-06,BSK5,TC001_TEXT_DATE_AUTOCONVERSION,Бер.27,3.27,MMM.YY → month.decimal_digits,2020-10-01_2020-12-31_output,deterministically_corrected
SWM_27048_20201103,27048,2020-11-03,Nitrat,TC001_TEXT_DATE_AUTOCONVERSION,01.Лют,1.02,DD.MMM → integer.month,2020-10-01_2020-12-31_output,deterministically_corrected
SWM_27049_20201012,27049,2020-10-12,Fosfat,TC001_TEXT_DATE_AUTOCONVERSION,01.Сер,1.08,DD.MMM → integer.month,2020-10-01_2020-12-31_output,deterministically_corrected
SWM_27049_20201117,27049,2020-11-17,Kisen,TC001_TEXT_DATE_AUTOCONVERSION,Лис.52,11.52,MMM.YY → month.decimal_digits,2020-10-01_2020-12-31_output,deterministically_corrected
SWM_27058_20201012,27058,2020-10-12,Kisen,TC001_TEXT_DATE_AUTOCONVERSION,Тра.96,5.96,MMM.YY → month.decimal_digits,2020-10-01_2020-12-31_output,deterministically_corrected
SWM_27058_20201012,27058,2020-10-12,Fosfat,TC001_TEXT_DATE_AUTOCONVERSION,01.Лют,1.02,DD.MMM → integer.month,2020-10-01_2020-12-31_output,deterministically_corrected
SWM_27058_20201117,27058,2020-11-17,Kisen,TC001_TEXT_DATE_AUTOCONVERSION,Жов.24,10.24,MMM.YY → month.decimal_digits,2020-10-01_2020-12-31_output,deterministically_corrected
SWM_27062_20201012,27062,2020-10-12,Zavisli,TC001_TEXT_DATE_AUTOCONVERSION,11.Тра,11.05,DD.MMM → integer.month,2020-10-01_2020-12-31_output,deterministically_corrected
SWM_27062_20201117,27062,2020-11-17,Kisen,TC001_TEXT_DATE_AUTOCONVERSION,Жов.24,10.24,MMM.YY → month.decimal_digits,2020-10-01_2020-12-31_output,deterministically_corrected
SWM_27062_20201117,27062,2020-11-17,Hlorid,TC001_TEXT_DATE_AUTOCONVERSION,24.Лют,24.02,DD.MMM → integer.month,2020-10-01_2020-12-31_output,deterministically_corrected
SWM_27062_20201208,27062,2020-12-08,Kisen,TC001_TEXT_DATE_AUTOCONVERSION,10.Сер,10.08,DD.MMM → integer.month,2020-10-01_2020-12-31_output,deterministically_corrected
SWM_27118_20201111,27118,2020-11-11,BSK5,TC001_TEXT_DATE_AUTOCONVERSION,Бер.54,3.54,MMM.YY → month.decimal_digits,2020-10-01_2020-12-31_output,deterministically_corrected
SWM_27118_20201208,27118,2020-12-08,Kisen,TC001_TEXT_DATE_AUTOCONVERSION,Жов.66,10.66,MMM.YY → month.decimal_digits,2020-10-01_2020-12-31_output,deterministically_corrected
SWM_27120_20201109,27120,2020-11-09,HSK,TC001_TEXT_DATE_AUTOCONVERSION,30.Тра,30.05,DD.MMM → integer.month,2020-10-01_2020-12-31_output,deterministically_corrected
SWM_27120_20201208,27120,2020-12-08,HSK,TC001_TEXT_DATE_AUTOCONVERSION,29.Тра,29.05,DD.MMM → integer.month,2020-10-01_2020-12-31_output,deterministically_corrected
SWM_27122_20201027,27122,2020-10-27,Nitrat,TC001_TEXT_DATE_AUTOCONVERSION,Січ.99,1.99,MMM.YY → month.decimal_digits,2020-10-01_2020-12-31_output,deterministically_corrected
SWM_27122_20201109,27122,2020-11-09,Nitrat,TC001_TEXT_DATE_AUTOCONVERSION,Січ.52,1.52,MMM.YY → month.decimal_digits,2020-10-01_2020-12-31_output,deterministically_corrected
SWM_27122_20201208,27122,2020-12-08,BSK5,TC001_TEXT_DATE_AUTOCONVERSION,Лют.29,2.29,MMM.YY → month.decimal_digits,2020-10-01_2020-12-31_output,deterministically_corrected
SWM_27122_20201208,27122,2020-12-08,Kisen,TC001_TEXT_DATE_AUTOCONVERSION,Жов.42,10.42,MMM.YY → month.decimal_digits,2020-10-01_2020-12-31_output,deterministically_corrected
SWM_27136_20201006,27136,2020-10-06,Permanganat,TC001_TEXT_DATE_AUTOCONVERSION,22.Тра,22.05,DD.MMM → integer.month,2020-10-01_2020-12-31_output,deterministically_corrected
SWM_27230_20201013,27230,2020-10-13,Kisen,TC001_TEXT_DATE_AUTOCONVERSION,Сер.75,8.75,MMM.YY → month.decimal_digits,2020-10-01_2020-12-31_output,deterministically_corrected
SWM_27230_20201013,27230,2020-10-13,HSK,TC001_TEXT_DATE_AUTOCONVERSION,14.Вер,14.09,DD.MMM → integer.month,2020-10-01_2020-12-31_output,deterministically_corrected
SWM_27230_20201104,27230,2020-11-04,HSK,TC001_TEXT_DATE_AUTOCONVERSION,19.Тра,19.05,DD.MMM → integer.month,2020-10-01_2020-12-31_output,deterministically_corrected
SWM_27231_20201013,27231,2020-10-13,Nitrat,TC001_TEXT_DATE_AUTOCONVERSION,Бер.54,3.54,MMM.YY → month.decimal_digits,2020-10-01_2020-12-31_output,deterministically_corrected
SWM_27231_20201013,27231,2020-10-13,HSK,TC001_TEXT_DATE_AUTOCONVERSION,15.Кві,15.04,DD.MMM → integer.month,2020-10-01_2020-12-31_output,deterministically_corrected
SWM_27231_20201104,27231,2020-11-04,BSK5,TC001_TEXT_DATE_AUTOCONVERSION,Лют.48,2.48,MMM.YY → month.decimal_digits,2020-10-01_2020-12-31_output,deterministically_corrected
SWM_27231_20201104,27231,2020-11-04,HSK,TC001_TEXT_DATE_AUTOCONVERSION,23.Тра,23.05,DD.MMM → integer.month,2020-10-01_2020-12-31_output,deterministically_corrected
SWM_27231_20201208,27231,2020-12-08,Azot,TC001_TEXT_DATE_AUTOCONVERSION,01.Бер,1.03,DD.MMM → integer.month,2020-10-01_2020-12-31_output,deterministically_corrected
SWM_27232_20201116,27232,2020-11-16,BSK5,TC001_TEXT_DATE_AUTOCONVERSION,02.Тра,2.05,DD.MMM → integer.month,2020-10-01_2020-12-31_output,deterministically_corrected
SWM_27232_20201116,27232,2020-11-16,Zavisli,TC001_TEXT_DATE_AUTOCONVERSION,14.Кві,14.04,DD.MMM → integer.month,2020-10-01_2020-12-31_output,deterministically_corrected
SWM_27232_20201214,27232,2020-12-14,Azot,TC001_TEXT_DATE_AUTOCONVERSION,01.Тра,1.05,DD.MMM → integer.month,2020-10-01_2020-12-31_output,deterministically_corrected
SWM_27233_20201116,27233,2020-11-16,Zavisli,TC001_TEXT_DATE_AUTOCONVERSION,11.Кві,11.04,DD.MMM → integer.month,2020-10-01_2020-12-31_output,deterministically_corrected
SWM_27233_20201116,27233,2020-11-16,Nitrit,TC001_TEXT_DATE_AUTOCONVERSION,04.Тра,4.05,DD.MMM → integer.month,2020-10-01_2020-12-31_output,deterministically_corrected
SWM_27266_20201116,27266,2020-11-16,Kisen,TC001_TEXT_DATE_AUTOCONVERSION,10.Чер,10.06,DD.MMM → integer.month,2020-10-01_2020-12-31_output,deterministically_corrected
SWM_27267_20201019,27267,2020-10-19,Kisen,TC001_TEXT_DATE_AUTOCONVERSION,11.Вер,11.09,DD.MMM → integer.month,2020-10-01_2020-12-31_output,deterministically_corrected
SWM_27267_20201019,27267,2020-10-19,Nitrit,TC001_TEXT_DATE_AUTOCONVERSION,Січ.24,1.24,MMM.YY → month.decimal_digits,2020-10-01_2020-12-31_output,deterministically_corrected
SWM_27268_20201019,27268,2020-10-19,BSK5,TC001_TEXT_DATE_AUTOCONVERSION,10.Січ,10.01,DD.MMM → integer.month,2020-10-01_2020-12-31_output,deterministically_corrected
SWM_27268_20201019,27268,2020-10-19,Kisen,TC001_TEXT_DATE_AUTOCONVERSION,12.Чер,12.06,DD.MMM → integer.month,2020-10-01_2020-12-31_output,deterministically_corrected
SWM_27268_20201214,27268,2020-12-14,Azot,TC001_TEXT_DATE_AUTOCONVERSION,01.Кві,1.04,DD.MMM → integer.month,2020-10-01_2020-12-31_output,deterministically_corrected
SWM_27269_20201102,27269,2020-11-02,Kisen,TC001_TEXT_DATE_AUTOCONVERSION,10.Січ,10.01,DD.MMM → integer.month,2020-10-01_2020-12-31_output,deterministically_corrected
SWM_27269_20201102,27269,2020-11-02,Nitrat,TC001_TEXT_DATE_AUTOCONVERSION,03.Тра,3.05,DD.MMM → integer.month,2020-10-01_2020-12-31_output,deterministically_corrected
SWM_27269_20201202,27269,2020-12-02,Azot,TC001_TEXT_DATE_AUTOCONVERSION,Січ.97,1.97,MMM.YY → month.decimal_digits,2020-10-01_2020-12-31_output,deterministically_corrected
SWM_27269_20201202,27269,2020-12-02,BSK5,TC001_TEXT_DATE_AUTOCONVERSION,01.Лют,1.02,DD.MMM → integer.month,2020-10-01_2020-12-31_output,deterministically_corrected
SWM_27310_20201007,27310,2020-10-07,BSK5,TC001_TEXT_DATE_AUTOCONVERSION,Січ.52,1.52,MMM.YY → month.decimal_digits,2020-10-01_2020-12-31_output,deterministically_corrected
SWM_27310_20201202,27310,2020-12-02,Permanganat,TC001_TEXT_DATE_AUTOCONVERSION,Січ.76,1.76,MMM.YY → month.decimal_digits,2020-10-01_2020-12-31_output,deterministically_corrected
SWM_27311_20201104,27311,2020-11-04,BSK5,TC001_TEXT_DATE_AUTOCONVERSION,Січ.28,1.28,MMM.YY → month.decimal_digits,2020-10-01_2020-12-31_output,deterministically_corrected
SWM_27312_20201104,27312,2020-11-04,Kisen,TC001_TEXT_DATE_AUTOCONVERSION,10.Вер,10.09,DD.MMM → integer.month,2020-10-01_2020-12-31_output,deterministically_corrected
SWM_27312_20201104,27312,2020-11-04,Nitrat,TC001_TEXT_DATE_AUTOCONVERSION,Кві.29,4.29,MMM.YY → month.decimal_digits,2020-10-01_2020-12-31_output,deterministically_corrected
SWM_27312_20201202,27312,2020-12-02,BSK5,TC001_TEXT_DATE_AUTOCONVERSION,01.Лют,1.02,DD.MMM → integer.month,2020-10-01_2020-12-31_output,deterministically_corrected
SWM_27339_20201201,27339,2020-12-01,Kisen,TC001_TEXT_DATE_AUTOCONVERSION,Січ.76,1.76,MMM.YY → month.decimal_digits,2020-10-01_2020-12-31_output,deterministically_corrected
SWM_27339_20201201,27339,2020-12-01,Nitrat,TC001_TEXT_DATE_AUTOCONVERSION,Жов.43,10.43,MMM.YY → month.decimal_digits,2020-10-01_2020-12-31_output,deterministically_corrected
SWM_27339_20201201,27339,2020-12-01,Nitrit,TC001_TEXT_DATE_AUTOCONVERSION,Січ.25,1.25,MMM.YY → month.decimal_digits,2020-10-01_2020-12-31_output,deterministically_corrected
SWM_27343_20201021,27343,2020-10-21,Azot,TC001_TEXT_DATE_AUTOCONVERSION,01.Лют,1.02,DD.MMM → integer.month,2020-10-01_2020-12-31_output,deterministically_corrected
SWM_27343_20201021,27343,2020-10-21,BSK5,TC001_TEXT_DATE_AUTOCONVERSION,01.Тра,1.05,DD.MMM → integer.month,2020-10-01_2020-12-31_output,deterministically_corrected
SWM_27343_20201021,27343,2020-10-21,Nitrat,TC001_TEXT_DATE_AUTOCONVERSION,Бер.96,3.96,MMM.YY → month.decimal_digits,2020-10-01_2020-12-31_output,deterministically_corrected
SWM_27343_20201216,27343,2020-12-16,Azot,TC001_TEXT_DATE_AUTOCONVERSION,01.Лют,1.02,DD.MMM → integer.month,2020-10-01_2020-12-31_output,deterministically_corrected
SWM_27343_20201216,27343,2020-12-16,BSK5,TC001_TEXT_DATE_AUTOCONVERSION,01.Тра,1.05,DD.MMM → integer.month,2020-10-01_2020-12-31_output,deterministically_corrected
SWM_27343_20201216,27343,2020-12-16,Kisen,TC001_TEXT_DATE_AUTOCONVERSION,Вер.25,9.25,MMM.YY → month.decimal_digits,2020-10-01_2020-12-31_output,deterministically_corrected
SWM_27344_20201021,27344,2020-10-21,BSK5,TC001_TEXT_DATE_AUTOCONVERSION,01.Бер,1.03,DD.MMM → integer.month,2020-10-01_2020-12-31_output,deterministically_corrected
SWM_27344_20201216,27344,2020-12-16,BSK5,TC001_TEXT_DATE_AUTOCONVERSION,01.Бер,1.03,DD.MMM → integer.month,2020-10-01_2020-12-31_output,deterministically_corrected
SWM_27345_20201021,27345,2020-10-21,Nitrat,TC001_TEXT_DATE_AUTOCONVERSION,Лют.52,2.52,MMM.YY → month.decimal_digits,2020-10-01_2020-12-31_output,deterministically_corrected
SWM_27351_20201110,27351,2020-11-10,Azot,TC001_TEXT_DATE_AUTOCONVERSION,10.Чер,10.06,DD.MMM → integer.month,2020-10-01_2020-12-31_output,deterministically_corrected
SWM_27354_20201110,27354,2020-11-10,Azot,TC001_TEXT_DATE_AUTOCONVERSION,Січ.29,1.29,MMM.YY → month.decimal_digits,2020-10-01_2020-12-31_output,deterministically_corrected
SWM_27354_20201110,27354,2020-11-10,Nitrat,TC001_TEXT_DATE_AUTOCONVERSION,04.Тра,4.05,DD.MMM → integer.month,2020-10-01_2020-12-31_output,deterministically_corrected
SWM_27616_20201019,27616,2020-10-19,Azot,TC001_TEXT_DATE_AUTOCONVERSION,01.Лют,1.02,DD.MMM → integer.month,2020-10-01_2020-12-31_output,deterministically_corrected
SWM_27616_20201208,27616,2020-12-08,BSK5,TC001_TEXT_DATE_AUTOCONVERSION,01.Тра,1.05,DD.MMM → integer.month,2020-10-01_2020-12-31_output,deterministically_corrected
SWM_27620_20201027,27620,2020-10-27,BSK5,TC001_TEXT_DATE_AUTOCONVERSION,01.Тра,1.05,DD.MMM → integer.month,2020-10-01_2020-12-31_output,deterministically_corrected
SWM_27620_20201027,27620,2020-10-27,Nitrat,TC001_TEXT_DATE_AUTOCONVERSION,Січ.46,1.46,MMM.YY → month.decimal_digits,2020-10-01_2020-12-31_output,deterministically_corrected
SWM_27622_20201012,27622,2020-10-12,Fosfat,TC001_TEXT_DATE_AUTOCONVERSION,01.Лют,1.02,DD.MMM → integer.month,2020-10-01_2020-12-31_output,deterministically_corrected
SWM_27622_20201116,27622,2020-11-16,Azot,TC001_TEXT_DATE_AUTOCONVERSION,01.Бер,1.03,DD.MMM → integer.month,2020-10-01_2020-12-31_output,deterministically_corrected
SWM_27622_20201116,27622,2020-11-16,Kisen,TC001_TEXT_DATE_AUTOCONVERSION,10.Кві,10.04,DD.MMM → integer.month,2020-10-01_2020-12-31_output,deterministically_corrected
SWM_27622_20201116,27622,2020-11-16,Fosfat,TC001_TEXT_DATE_AUTOCONVERSION,Січ.29,1.29,MMM.YY → month.decimal_digits,2020-10-01_2020-12-31_output,deterministically_corrected
SWM_27632_20201007,27632,2020-10-07,Permanganat,TC001_TEXT_DATE_AUTOCONVERSION,01.Тра,1.05,DD.MMM → integer.month,2020-10-01_2020-12-31_output,deterministically_corrected
SWM_27632_20201112,27632,2020-11-12,Kisen,TC001_TEXT_DATE_AUTOCONVERSION,10.Кві,10.04,DD.MMM → integer.month,2020-10-01_2020-12-31_output,deterministically_corrected
SWM_27632_20201112,27632,2020-11-12,Sulfat,TC001_TEXT_DATE_AUTOCONVERSION,10.Кві,10.04,DD.MMM → integer.month,2020-10-01_2020-12-31_output,deterministically_corrected
SWM_27632_20201209,27632,2020-12-09,BSK5,TC001_TEXT_DATE_AUTOCONVERSION,01.Тра,1.05,DD.MMM → integer.month,2020-10-01_2020-12-31_output,deterministically_corrected
SWM_27632_20201209,27632,2020-12-09,Zavisli,TC001_TEXT_DATE_AUTOCONVERSION,08.Тра,8.05,DD.MMM → integer.month,2020-10-01_2020-12-31_output,deterministically_corrected
SWM_27632_20201209,27632,2020-12-09,Permanganat,TC001_TEXT_DATE_AUTOCONVERSION,01.Сер,1.08,DD.MMM → integer.month,2020-10-01_2020-12-31_output,deterministically_corrected
SWM_27769_20201007,27769,2020-10-07,BSK5,TC001_TEXT_DATE_AUTOCONVERSION,Січ.26,1.26,MMM.YY → month.decimal_digits,2020-10-01_2020-12-31_output,deterministically_corrected
SWM_27769_20201007,27769,2020-10-07,Kisen,TC001_TEXT_DATE_AUTOCONVERSION,11.Тра,11.05,DD.MMM → integer.month,2020-10-01_2020-12-31_output,deterministically_corrected
SWM_27769_20201104,27769,2020-11-04,Kisen,TC001_TEXT_DATE_AUTOCONVERSION,07.Кві,7.04,DD.MMM → integer.month,2020-10-01_2020-12-31_output,deterministically_corrected
SWM_27769_20201104,27769,2020-11-04,Sulfat,TC001_TEXT_DATE_AUTOCONVERSION,14.Кві,14.04,DD.MMM → integer.month,2020-10-01_2020-12-31_output,deterministically_corrected
SWM_27769_20201104,27769,2020-11-04,Hlorid,TC001_TEXT_DATE_AUTOCONVERSION,12.Кві,12.04,DD.MMM → integer.month,2020-10-01_2020-12-31_output,deterministically_corrected
SWM_27806_20201020,27806,2020-10-20,BSK5,TC001_TEXT_DATE_AUTOCONVERSION,05.Тра,5.05,DD.MMM → integer.month,2020-10-01_2020-12-31_output,deterministically_corrected
SWM_27806_20201116,27806,2020-11-16,BSK5,TC001_TEXT_DATE_AUTOCONVERSION,01.Бер,1.03,DD.MMM → integer.month,2020-10-01_2020-12-31_output,deterministically_corrected
SWM_27806_20201116,27806,2020-11-16,Kisen,TC001_TEXT_DATE_AUTOCONVERSION,10.Тра,10.05,DD.MMM → integer.month,2020-10-01_2020-12-31_output,deterministically_corrected
SWM_27847_20201104,27847,2020-11-04,Hlorid,TC001_TEXT_DATE_AUTOCONVERSION,19.Тра,19.05,DD.MMM → integer.month,2020-10-01_2020-12-31_output,deterministically_corrected
SWM_27849_20201007,27849,2020-10-07,BSK5,TC001_TEXT_DATE_AUTOCONVERSION,Січ.28,1.28,MMM.YY → month.decimal_digits,2020-10-01_2020-12-31_output,deterministically_corrected
SWM_27851_20201104,27851,2020-11-04,Amoniy,TC001_TEXT_DATE_AUTOCONVERSION,01.Лип,1.07,DD.MMM → integer.month,2020-10-01_2020-12-31_output,deterministically_corrected
SWM_26950_20201112,26950,2020-11-12,Nitrat,TC001_TEXT_DATE_AUTOCONVERSION,Бер.77,3.77,MMM.YY → month.decimal_digits,2020-10-01_2020-12-31_output,deterministically_corrected
SWM_26950_20201112,26950,2020-11-12,HSK,TC001_TEXT_DATE_AUTOCONVERSION,14.Тра,14.05,DD.MMM → integer.month,2020-10-01_2020-12-31_output,deterministically_corrected
SWM_27003_20201020,27003,2020-10-20,BSK5,TC001_TEXT_DATE_AUTOCONVERSION,02.Тра,2.05,DD.MMM → integer.month,2020-10-01_2020-12-31_output,deterministically_corrected
SWM_27068_20201008,27068,2020-10-08,BSK5,TC001_TEXT_DATE_AUTOCONVERSION,Бер.54,3.54,MMM.YY → month.decimal_digits,2020-10-01_2020-12-31_output,deterministically_corrected
SWM_27068_20201008,27068,2020-10-08,Kisen,TC001_TEXT_DATE_AUTOCONVERSION,10.Сер,10.08,DD.MMM → integer.month,2020-10-01_2020-12-31_output,deterministically_corrected
SWM_27233_20201214,27233,2020-12-14,BSK5,TC001_TEXT_DATE_AUTOCONVERSION,01.Тра,1.05,DD.MMM → integer.month,2020-10-01_2020-12-31_output,deterministically_corrected
SWM_27314_20201005,27314,2020-10-05,Kisen,TC001_TEXT_DATE_AUTOCONVERSION,Лип.96,7.96,MMM.YY → month.decimal_digits,2020-10-01_2020-12-31_output,deterministically_corrected
SWM_27314_20201202,27314,2020-12-02,Kisen,TC001_TEXT_DATE_AUTOCONVERSION,10.Чер,10.06,DD.MMM → integer.month,2020-10-01_2020-12-31_output,deterministically_corrected
SWM_27315_20201005,27315,2020-10-05,Kisen,TC001_TEXT_DATE_AUTOCONVERSION,Лип.54,7.54,MMM.YY → month.decimal_digits,2020-10-01_2020-12-31_output,deterministically_corrected
SWM_27315_20201102,27315,2020-11-02,BSK5,TC001_TEXT_DATE_AUTOCONVERSION,01.Лют,1.02,DD.MMM → integer.month,2020-10-01_2020-12-31_output,deterministically_corrected
SWM_27315_20201102,27315,2020-11-02,Nitrat,TC001_TEXT_DATE_AUTOCONVERSION,02.Тра,2.05,DD.MMM → integer.month,2020-10-01_2020-12-31_output,deterministically_corrected
SWM_27315_20201202,27315,2020-12-02,Kisen,TC001_TEXT_DATE_AUTOCONVERSION,10.Тра,10.05,DD.MMM → integer.month,2020-10-01_2020-12-31_output,deterministically_corrected
SWM_27316_20201102,27316,2020-11-02,Kisen,TC001_TEXT_DATE_AUTOCONVERSION,10.Тра,10.05,DD.MMM → integer.month,2020-10-01_2020-12-31_output,deterministically_corrected
SWM_27317_20201005,27317,2020-10-05,Amoniy,TC001_TEXT_DATE_AUTOCONVERSION,Січ.49,1.49,MMM.YY → month.decimal_digits,2020-10-01_2020-12-31_output,deterministically_corrected
SWM_27317_20201202,27317,2020-12-02,Nitrat,TC001_TEXT_DATE_AUTOCONVERSION,Лис.42,11.42,MMM.YY → month.decimal_digits,2020-10-01_2020-12-31_output,deterministically_corrected
SWM_27318_20201102,27318,2020-11-02,Azot,TC001_TEXT_DATE_AUTOCONVERSION,Січ.46,1.46,MMM.YY → month.decimal_digits,2020-10-01_2020-12-31_output,deterministically_corrected
SWM_27568_20201012,27568,2020-10-12,Kisen,TC001_TEXT_DATE_AUTOCONVERSION,05.Тра,5.05,DD.MMM → integer.month,2020-10-01_2020-12-31_output,deterministically_corrected
SWM_27568_20201012,27568,2020-10-12,Fosfat,TC001_TEXT_DATE_AUTOCONVERSION,Січ.24,1.24,MMM.YY → month.decimal_digits,2020-10-01_2020-12-31_output,deterministically_corrected
SWM_27568_20201109,27568,2020-11-09,Zavisli,TC001_TEXT_DATE_AUTOCONVERSION,05.Тра,5.05,DD.MMM → integer.month,2020-10-01_2020-12-31_output,deterministically_corrected
SWM_27573_20201027,27573,2020-10-27,BSK5,TC001_TEXT_DATE_AUTOCONVERSION,03.Лют,3.02,DD.MMM → integer.month,2020-10-01_2020-12-31_output,deterministically_corrected
SWM_27573_20201027,27573,2020-10-27,Nitrat,TC001_TEXT_DATE_AUTOCONVERSION,Січ.71,1.71,MMM.YY → month.decimal_digits,2020-10-01_2020-12-31_output,deterministically_corrected
SWM_27573_20201109,27573,2020-11-09,BSK5,TC001_TEXT_DATE_AUTOCONVERSION,03.Тра,3.05,DD.MMM → integer.month,2020-10-01_2020-12-31_output,deterministically_corrected
SWM_27573_20201208,27573,2020-12-08,Nitrat,TC001_TEXT_DATE_AUTOCONVERSION,Січ.48,1.48,MMM.YY → month.decimal_digits,2020-10-01_2020-12-31_output,deterministically_corrected
SWM_27573_20201208,27573,2020-12-08,HSK,TC001_TEXT_DATE_AUTOCONVERSION,31.Тра,31.05,DD.MMM → integer.month,2020-10-01_2020-12-31_output,deterministically_corrected
SWM_27576_20201019,27576,2020-10-19,Hlorid,TC001_TEXT_DATE_AUTOCONVERSION,13.Вер,13.09,DD.MMM → integer.month,2020-10-01_2020-12-31_output,deterministically_corrected
SWM_27576_20201215,27576,2020-12-15,BSK5,TC001_TEXT_DATE_AUTOCONVERSION,02.Тра,2.05,DD.MMM → integer.month,2020-10-01_2020-12-31_output,deterministically_corrected
SWM_27778_20201007,27778,2020-10-07,BSK5,TC001_TEXT_DATE_AUTOCONVERSION,01.Тра,1.05,DD.MMM → integer.month,2020-10-01_2020-12-31_output,deterministically_corrected
SWM_27778_20201007,27778,2020-10-07,Kisen,TC001_TEXT_DATE_AUTOCONVERSION,10.Тра,10.05,DD.MMM → integer.month,2020-10-01_2020-12-31_output,deterministically_corrected
SWM_27778_20201112,27778,2020-11-12,Kisen,TC001_TEXT_DATE_AUTOCONVERSION,12.Тра,12.05,DD.MMM → integer.month,2020-10-01_2020-12-31_output,deterministically_corrected
SWM_27782_20201112,27782,2020-11-12,Kisen,TC001_TEXT_DATE_AUTOCONVERSION,12.Січ,12.01,DD.MMM → integer.month,2020-10-01_2020-12-31_output,deterministically_corrected
SWM_27822_20201005,27822,2020-10-05,Nitrat,TC001_TEXT_DATE_AUTOCONVERSION,01.Бер,1.03,DD.MMM → integer.month,2020-10-01_2020-12-31_output,deterministically_corrected
SWM_27822_20201102,27822,2020-11-02,Azot,TC001_TEXT_DATE_AUTOCONVERSION,01.Кві,1.04,DD.MMM → integer.month,2020-10-01_2020-12-31_output,deterministically_corrected
SWM_27824_20201109,27824,2020-11-09,BSK5,TC001_TEXT_DATE_AUTOCONVERSION,01.Лип,1.07,DD.MMM → integer.month,2020-10-01_2020-12-31_output,deterministically_corrected
SWM_27826_20201005,27826,2020-10-05,Nitrat,TC001_TEXT_DATE_AUTOCONVERSION,Січ.51,1.51,MMM.YY → month.decimal_digits,2020-10-01_2020-12-31_output,deterministically_corrected
SWM_27826_20201202,27826,2020-12-02,Kisen,TC001_TEXT_DATE_AUTOCONVERSION,10.Тра,10.05,DD.MMM → integer.month,2020-10-01_2020-12-31_output,deterministically_corrected
SWM_27829_20201020,27829,2020-10-20,BSK5,TC001_TEXT_DATE_AUTOCONVERSION,03.Тра,3.05,DD.MMM → integer.month,2020-10-01_2020-12-31_output,deterministically_corrected
SWM_27829_20201116,27829,2020-11-16,BSK5,TC001_TEXT_DATE_AUTOCONVERSION,01.Бер,1.03,DD.MMM → integer.month,2020-10-01_2020-12-31_output,deterministically_corrected
SWM_37866_20201109,37866,2020-11-09,Azot,TC001_TEXT_DATE_AUTOCONVERSION,17.Тра,17.05,DD.MMM → integer.month,2020-10-01_2020-12-31_output,deterministically_corrected
SWM_37883_20201021,37883,2020-10-21,BSK5,TC001_TEXT_DATE_AUTOCONVERSION,02.Тра,2.05,DD.MMM → integer.month,2020-10-01_2020-12-31_output,deterministically_corrected
SWM_37883_20201216,37883,2020-12-16,Azot,TC001_TEXT_DATE_AUTOCONVERSION,01.Тра,1.05,DD.MMM → integer.month,2020-10-01_2020-12-31_output,deterministically_corrected
SWM_37883_20201216,37883,2020-12-16,Nitrat,TC001_TEXT_DATE_AUTOCONVERSION,06.Кві,6.04,DD.MMM → integer.month,2020-10-01_2020-12-31_output,deterministically_corrected
SWM_26950_20201209,26950,2020-12-09,Sulfat,TC001_TEXT_DATE_AUTOCONVERSION,23.Вер,23.09,DD.MMM → integer.month,2020-10-01_2020-12-31_output,deterministically_corrected
SWM_26950_20201209,26950,2020-12-09,HSK,TC001_TEXT_DATE_AUTOCONVERSION,25.Тра,25.05,DD.MMM → integer.month,2020-10-01_2020-12-31_output,deterministically_corrected
SWM_26951_20201008,26951,2020-10-08,BSK5,TC001_TEXT_DATE_AUTOCONVERSION,Лют.48,2.48,MMM.YY → month.decimal_digits,2020-10-01_2020-12-31_output,deterministically_corrected
SWM_26951_20201215,26951,2020-12-15,Azot,TC001_TEXT_DATE_AUTOCONVERSION,Січ.75,1.75,MMM.YY → month.decimal_digits,2020-10-01_2020-12-31_output,deterministically_corrected
SWM_26951_20201215,26951,2020-12-15,Zavisli,TC001_TEXT_DATE_AUTOCONVERSION,05.Тра,5.05,DD.MMM → integer.month,2020-10-01_2020-12-31_output,deterministically_corrected
SWM_26951_20201215,26951,2020-12-15,Kisen,TC001_TEXT_DATE_AUTOCONVERSION,12.Сер,12.08,DD.MMM → integer.month,2020-10-01_2020-12-31_output,deterministically_corrected
SWM_26954_20201029,26954,2020-10-29,HSK,TC001_TEXT_DATE_AUTOCONVERSION,18.Тра,18.05,DD.MMM → integer.month,2020-10-01_2020-12-31_output,deterministically_corrected
SWM_26954_20201112,26954,2020-11-12,BSK5,TC001_TEXT_DATE_AUTOCONVERSION,Січ.55,1.55,MMM.YY → month.decimal_digits,2020-10-01_2020-12-31_output,deterministically_corrected
SWM_26954_20201112,26954,2020-11-12,Kisen,TC001_TEXT_DATE_AUTOCONVERSION,08.Тра,8.05,DD.MMM → integer.month,2020-10-01_2020-12-31_output,deterministically_corrected
SWM_26954_20201209,26954,2020-12-09,HSK,TC001_TEXT_DATE_AUTOCONVERSION,15.Тра,15.05,DD.MMM → integer.month,2020-10-01_2020-12-31_output,deterministically_corrected
SWM_26955_20201007,26955,2020-10-07,BSK5,TC001_TEXT_DATE_AUTOCONVERSION,Бер.54,3.54,MMM.YY → month.decimal_digits,2020-10-01_2020-12-31_output,deterministically_corrected
SWM_26955_20201007,26955,2020-10-07,Permanganat,TC001_TEXT_DATE_AUTOCONVERSION,Жов.42,10.42,MMM.YY → month.decimal_digits,2020-10-01_2020-12-31_output,deterministically_corrected
SWM_26955_20201209,26955,2020-12-09,HSK,TC001_TEXT_DATE_AUTOCONVERSION,29.Вер,29.09,DD.MMM → integer.month,2020-10-01_2020-12-31_output,deterministically_corrected
SWM_26956_20201007,26956,2020-10-07,Permanganat,TC001_TEXT_DATE_AUTOCONVERSION,Жов.42,10.42,MMM.YY → month.decimal_digits,2020-10-01_2020-12-31_output,deterministically_corrected
SWM_27003_20201118,27003,2020-11-18,Zavisli,TC001_TEXT_DATE_AUTOCONVERSION,07.Тра,7.05,DD.MMM → integer.month,2020-10-01_2020-12-31_output,deterministically_corrected
SWM_27003_20201118,27003,2020-11-18,Kisen,TC001_TEXT_DATE_AUTOCONVERSION,Жов.56,10.56,MMM.YY → month.decimal_digits,2020-10-01_2020-12-31_output,deterministically_corrected
SWM_27006_20201012,27006,2020-10-12,Zavisli,TC001_TEXT_DATE_AUTOCONVERSION,12.Кві,12.04,DD.MMM → integer.month,2020-10-01_2020-12-31_output,deterministically_corrected
SWM_27006_20201012,27006,2020-10-12,Hlorid,TC001_TEXT_DATE_AUTOCONVERSION,Лис.52,11.52,MMM.YY → month.decimal_digits,2020-10-01_2020-12-31_output,deterministically_corrected
SWM_27006_20201012,27006,2020-10-12,Nitrat,TC001_TEXT_DATE_AUTOCONVERSION,Січ.49,1.49,MMM.YY → month.decimal_digits,2020-10-01_2020-12-31_output,deterministically_corrected
SWM_27006_20201204,27006,2020-12-04,Nitrat,TC001_TEXT_DATE_AUTOCONVERSION,Січ.48,1.48,MMM.YY → month.decimal_digits,2020-10-01_2020-12-31_output,deterministically_corrected
SWM_27008_20201013,27008,2020-10-13,Hlorid,TC001_TEXT_DATE_AUTOCONVERSION,Лис.52,11.52,MMM.YY → month.decimal_digits,2020-10-01_2020-12-31_output,deterministically_corrected
SWM_27008_20201110,27008,2020-11-10,BSK5,TC001_TEXT_DATE_AUTOCONVERSION,Січ.99,1.99,MMM.YY → month.decimal_digits,2020-10-01_2020-12-31_output,deterministically_corrected
SWM_27008_20201110,27008,2020-11-10,Hlorid,TC001_TEXT_DATE_AUTOCONVERSION,Вер.75,9.75,MMM.YY → month.decimal_digits,2020-10-01_2020-12-31_output,deterministically_corrected
SWM_27008_20201207,27008,2020-12-07,Zavisli,TC001_TEXT_DATE_AUTOCONVERSION,10.Січ,10.01,DD.MMM → integer.month,2020-10-01_2020-12-31_output,deterministically_corrected
SWM_27008_20201207,27008,2020-12-07,Hlorid,TC001_TEXT_DATE_AUTOCONVERSION,Лис.52,11.52,MMM.YY → month.decimal_digits,2020-10-01_2020-12-31_output,deterministically_corrected
SWM_27008_20201207,27008,2020-12-07,Nitrat,TC001_TEXT_DATE_AUTOCONVERSION,Січ.53,1.53,MMM.YY → month.decimal_digits,2020-10-01_2020-12-31_output,deterministically_corrected
SWM_27009_20201012,27009,2020-10-12,Zavisli,TC001_TEXT_DATE_AUTOCONVERSION,11.Вер,11.09,DD.MMM → integer.month,2020-10-01_2020-12-31_output,deterministically_corrected
SWM_27009_20201012,27009,2020-10-12,Hlorid,TC001_TEXT_DATE_AUTOCONVERSION,15.Лип,15.07,DD.MMM → integer.month,2020-10-01_2020-12-31_output,deterministically_corrected
SWM_27009_20201012,27009,2020-10-12,Nitrat,TC001_TEXT_DATE_AUTOCONVERSION,Січ.47,1.47,MMM.YY → month.decimal_digits,2020-10-01_2020-12-31_output,deterministically_corrected
SWM_27009_20201108,27009,2020-11-08,Nitrat,TC001_TEXT_DATE_AUTOCONVERSION,Січ.71,1.71,MMM.YY → month.decimal_digits,2020-10-01_2020-12-31_output,deterministically_corrected
SWM_27009_20201204,27009,2020-12-04,Nitrat,TC001_TEXT_DATE_AUTOCONVERSION,Січ.53,1.53,MMM.YY → month.decimal_digits,2020-10-01_2020-12-31_output,deterministically_corrected
SWM_27010_20201012,27010,2020-10-12,BSK5,TC001_TEXT_DATE_AUTOCONVERSION,Січ.99,1.99,MMM.YY → month.decimal_digits,2020-10-01_2020-12-31_output,deterministically_corrected
SWM_27010_20201012,27010,2020-10-12,Zavisli,TC001_TEXT_DATE_AUTOCONVERSION,12.Кві,12.04,DD.MMM → integer.month,2020-10-01_2020-12-31_output,deterministically_corrected
SWM_27010_20201108,27010,2020-11-08,Zavisli,TC001_TEXT_DATE_AUTOCONVERSION,10.Кві,10.04,DD.MMM → integer.month,2020-10-01_2020-12-31_output,deterministically_corrected
SWM_27068_20201109,27068,2020-11-09,BSK5,TC001_TEXT_DATE_AUTOCONVERSION,Бер.52,3.52,MMM.YY → month.decimal_digits,2020-10-01_2020-12-31_output,deterministically_corrected
SWM_27068_20201109,27068,2020-11-09,Zavisli,TC001_TEXT_DATE_AUTOCONVERSION,14.Тра,14.05,DD.MMM → integer.month,2020-10-01_2020-12-31_output,deterministically_corrected
SWM_27071_20201006,27071,2020-10-06,BSK5,TC001_TEXT_DATE_AUTOCONVERSION,Лют.21,2.21,MMM.YY → month.decimal_digits,2020-10-01_2020-12-31_output,deterministically_corrected
SWM_27072_20201201,27072,2020-12-01,BSK5,TC001_TEXT_DATE_AUTOCONVERSION,Лют.29,2.29,MMM.YY → month.decimal_digits,2020-10-01_2020-12-31_output,deterministically_corrected
SWM_27073_20201012,27073,2020-10-12,Nitrat,TC001_TEXT_DATE_AUTOCONVERSION,Січ.52,1.52,MMM.YY → month.decimal_digits,2020-10-01_2020-12-31_output,deterministically_corrected
SWM_27073_20201222,27073,2020-12-22,BSK5,TC001_TEXT_DATE_AUTOCONVERSION,Січ.79,1.79,MMM.YY → month.decimal_digits,2020-10-01_2020-12-31_output,deterministically_corrected
SWM_27073_20201222,27073,2020-12-22,Nitrat,TC001_TEXT_DATE_AUTOCONVERSION,Січ.75,1.75,MMM.YY → month.decimal_digits,2020-10-01_2020-12-31_output,deterministically_corrected
SWM_27074_20201124,27074,2020-11-24,Nitrat,TC001_TEXT_DATE_AUTOCONVERSION,Лют.46,2.46,MMM.YY → month.decimal_digits,2020-10-01_2020-12-31_output,deterministically_corrected
SWM_27137_20201006,27137,2020-10-06,Kisen,TC001_TEXT_DATE_AUTOCONVERSION,06.Тра,6.05,DD.MMM → integer.month,2020-10-01_2020-12-31_output,deterministically_corrected
SWM_27137_20201006,27137,2020-10-06,Sulfat,TC001_TEXT_DATE_AUTOCONVERSION,24.Тра,24.05,DD.MMM → integer.month,2020-10-01_2020-12-31_output,deterministically_corrected
SWM_27137_20201006,27137,2020-10-06,Permanganat,TC001_TEXT_DATE_AUTOCONVERSION,23.Тра,23.05,DD.MMM → integer.month,2020-10-01_2020-12-31_output,deterministically_corrected
SWM_27137_20201103,27137,2020-11-03,Nitrat,TC001_TEXT_DATE_AUTOCONVERSION,Січ.47,1.47,MMM.YY → month.decimal_digits,2020-10-01_2020-12-31_output,deterministically_corrected
SWM_27140_20201104,27140,2020-11-04,Permanganat,TC001_TEXT_DATE_AUTOCONVERSION,15.Кві,15.04,DD.MMM → integer.month,2020-10-01_2020-12-31_output,deterministically_corrected
SWM_27140_20201104,27140,2020-11-04,HSK,TC001_TEXT_DATE_AUTOCONVERSION,24.Тра,24.05,DD.MMM → integer.month,2020-10-01_2020-12-31_output,deterministically_corrected
SWM_27140_20201209,27140,2020-12-09,Permanganat,TC001_TEXT_DATE_AUTOCONVERSION,14.Чер,14.06,DD.MMM → integer.month,2020-10-01_2020-12-31_output,deterministically_corrected
SWM_27158_20201109,27158,2020-11-09,BSK5,TC001_TEXT_DATE_AUTOCONVERSION,Бер.73,3.73,MMM.YY → month.decimal_digits,2020-10-01_2020-12-31_output,deterministically_corrected
SWM_27158_20201109,27158,2020-11-09,Kisen,TC001_TEXT_DATE_AUTOCONVERSION,Жов.66,10.66,MMM.YY → month.decimal_digits,2020-10-01_2020-12-31_output,deterministically_corrected
SWM_27158_20201109,27158,2020-11-09,Nitrat,TC001_TEXT_DATE_AUTOCONVERSION,Чер.54,6.54,MMM.YY → month.decimal_digits,2020-10-01_2020-12-31_output,deterministically_corrected
SWM_27158_20201210,27158,2020-12-10,BSK5,TC001_TEXT_DATE_AUTOCONVERSION,04.Кві,4.04,DD.MMM → integer.month,2020-10-01_2020-12-31_output,deterministically_corrected
SWM_27158_20201210,27158,2020-12-10,Nitrat,TC001_TEXT_DATE_AUTOCONVERSION,Лис.33,11.33,MMM.YY → month.decimal_digits,2020-10-01_2020-12-31_output,deterministically_corrected
SWM_27162_20201207,27162,2020-12-07,Kisen,TC001_TEXT_DATE_AUTOCONVERSION,Жов.91,10.91,MMM.YY → month.decimal_digits,2020-10-01_2020-12-31_output,deterministically_corrected
SWM_27237_20201021,27237,2020-10-21,BSK5,TC001_TEXT_DATE_AUTOCONVERSION,Січ.47,1.47,MMM.YY → month.decimal_digits,2020-10-01_2020-12-31_output,deterministically_corrected
SWM_27237_20201021,27237,2020-10-21,Kisen,TC001_TEXT_DATE_AUTOCONVERSION,10.Чер,10.06,DD.MMM → integer.month,2020-10-01_2020-12-31_output,deterministically_corrected
SWM_27238_20201019,27238,2020-10-19,Azot,TC001_TEXT_DATE_AUTOCONVERSION,01.Лют,1.02,DD.MMM → integer.month,2020-10-01_2020-12-31_output,deterministically_corrected
SWM_27238_20201019,27238,2020-10-19,BSK5,TC001_TEXT_DATE_AUTOCONVERSION,01.Лип,1.07,DD.MMM → integer.month,2020-10-01_2020-12-31_output,deterministically_corrected
SWM_27238_20201019,27238,2020-10-19,Nitrat,TC001_TEXT_DATE_AUTOCONVERSION,Січ.74,1.74,MMM.YY → month.decimal_digits,2020-10-01_2020-12-31_output,deterministically_corrected
SWM_27238_20201103,27238,2020-11-03,BSK5,TC001_TEXT_DATE_AUTOCONVERSION,01.Тра,1.05,DD.MMM → integer.month,2020-10-01_2020-12-31_output,deterministically_corrected
SWM_27238_20201103,27238,2020-11-03,Kisen,TC001_TEXT_DATE_AUTOCONVERSION,10.Кві,10.04,DD.MMM → integer.month,2020-10-01_2020-12-31_output,deterministically_corrected
SWM_27238_20201103,27238,2020-11-03,Nitrat,TC001_TEXT_DATE_AUTOCONVERSION,02.Кві,2.04,DD.MMM → integer.month,2020-10-01_2020-12-31_output,deterministically_corrected
SWM_27242_20201019,27242,2020-10-19,HSK,TC001_TEXT_DATE_AUTOCONVERSION,09.Тра,9.05,DD.MMM → integer.month,2020-10-01_2020-12-31_output,deterministically_corrected
SWM_27271_20201109,27271,2020-11-09,Azot,TC001_TEXT_DATE_AUTOCONVERSION,Січ.53,1.53,MMM.YY → month.decimal_digits,2020-10-01_2020-12-31_output,deterministically_corrected
SWM_27271_20201109,27271,2020-11-09,Kisen,TC001_TEXT_DATE_AUTOCONVERSION,10.Січ,10.01,DD.MMM → integer.month,2020-10-01_2020-12-31_output,deterministically_corrected
SWM_27271_20201208,27271,2020-12-08,BSK5,TC001_TEXT_DATE_AUTOCONVERSION,01.Сер,1.08,DD.MMM → integer.month,2020-10-01_2020-12-31_output,deterministically_corrected
SWM_27271_20201208,27271,2020-12-08,Kisen,TC001_TEXT_DATE_AUTOCONVERSION,10.Чер,10.06,DD.MMM → integer.month,2020-10-01_2020-12-31_output,deterministically_corrected
SWM_27272_20201012,27272,2020-10-12,Azot,TC001_TEXT_DATE_AUTOCONVERSION,Січ.22,1.22,MMM.YY → month.decimal_digits,2020-10-01_2020-12-31_output,deterministically_corrected
SWM_27272_20201109,27272,2020-11-09,Azot,TC001_TEXT_DATE_AUTOCONVERSION,Січ.29,1.29,MMM.YY → month.decimal_digits,2020-10-01_2020-12-31_output,deterministically_corrected
SWM_27272_20201109,27272,2020-11-09,Kisen,TC001_TEXT_DATE_AUTOCONVERSION,10.Січ,10.01,DD.MMM → integer.month,2020-10-01_2020-12-31_output,deterministically_corrected
SWM_27272_20201208,27272,2020-12-08,Azot,TC001_TEXT_DATE_AUTOCONVERSION,01.Лют,1.02,DD.MMM → integer.month,2020-10-01_2020-12-31_output,deterministically_corrected
SWM_27272_20201208,27272,2020-12-08,Zavisli,TC001_TEXT_DATE_AUTOCONVERSION,12.Кві,12.04,DD.MMM → integer.month,2020-10-01_2020-12-31_output,deterministically_corrected
SWM_27276_20201007,27276,2020-10-07,Kisen,TC001_TEXT_DATE_AUTOCONVERSION,10.Січ,10.01,DD.MMM → integer.month,2020-10-01_2020-12-31_output,deterministically_corrected
SWM_27276_20201007,27276,2020-10-07,Permanganat,TC001_TEXT_DATE_AUTOCONVERSION,02.Тра,2.05,DD.MMM → integer.month,2020-10-01_2020-12-31_output,deterministically_corrected
SWM_27276_20201112,27276,2020-11-12,Zavisli,TC001_TEXT_DATE_AUTOCONVERSION,07.Тра,7.05,DD.MMM → integer.month,2020-10-01_2020-12-31_output,deterministically_corrected
SWM_27276_20201209,27276,2020-12-09,BSK5,TC001_TEXT_DATE_AUTOCONVERSION,01.Сер,1.08,DD.MMM → integer.month,2020-10-01_2020-12-31_output,deterministically_corrected
SWM_27277_20201007,27277,2020-10-07,Hlorid,TC001_TEXT_DATE_AUTOCONVERSION,10.Тра,10.05,DD.MMM → integer.month,2020-10-01_2020-12-31_output,deterministically_corrected
SWM_27279_20201020,27279,2020-10-20,Hlorid,TC001_TEXT_DATE_AUTOCONVERSION,13.Вер,13.09,DD.MMM → integer.month,2020-10-01_2020-12-31_output,deterministically_corrected
SWM_27279_20201020,27279,2020-10-20,Permanganat,TC001_TEXT_DATE_AUTOCONVERSION,03.Тра,3.05,DD.MMM → integer.month,2020-10-01_2020-12-31_output,deterministically_corrected
SWM_27010_20201204,27010,2020-12-04,Hlorid,TC001_TEXT_DATE_AUTOCONVERSION,Вер.75,9.75,MMM.YY → month.decimal_digits,2020-10-01_2020-12-31_output,deterministically_corrected
SWM_27010_20201204,27010,2020-12-04,Nitrat,TC001_TEXT_DATE_AUTOCONVERSION,01.Тра,1.05,DD.MMM → integer.month,2020-10-01_2020-12-31_output,deterministically_corrected
SWM_27074_20201222,27074,2020-12-22,BSK5,TC001_TEXT_DATE_AUTOCONVERSION,02.Кві,2.04,DD.MMM → integer.month,2020-10-01_2020-12-31_output,deterministically_corrected
SWM_27280_20201012,27280,2020-10-12,HSK,TC001_TEXT_DATE_AUTOCONVERSION,05.Тра,5.05,DD.MMM → integer.month,2020-10-01_2020-12-31_output,deterministically_corrected
SWM_27577_20201020,27577,2020-10-20,Nitrat,TC001_TEXT_DATE_AUTOCONVERSION,01.Бер,1.03,DD.MMM → integer.month,2020-10-01_2020-12-31_output,deterministically_corrected
SWM_27831_20201020,27831,2020-10-20,BSK5,TC001_TEXT_DATE_AUTOCONVERSION,01.Лют,1.02,DD.MMM → integer.month,2020-10-01_2020-12-31_output,deterministically_corrected
SWM_27831_20201020,27831,2020-10-20,Kisen,TC001_TEXT_DATE_AUTOCONVERSION,10.Вер,10.09,DD.MMM → integer.month,2020-10-01_2020-12-31_output,deterministically_corrected
SWM_27831_20201116,27831,2020-11-16,BSK5,TC001_TEXT_DATE_AUTOCONVERSION,01.Лип,1.07,DD.MMM → integer.month,2020-10-01_2020-12-31_output,deterministically_corrected
SWM_27831_20201215,27831,2020-12-15,BSK5,TC001_TEXT_DATE_AUTOCONVERSION,01.Тра,1.05,DD.MMM → integer.month,2020-10-01_2020-12-31_output,deterministically_corrected
SWM_27831_20201215,27831,2020-12-15,Hlorid,TC001_TEXT_DATE_AUTOCONVERSION,03.Тра,3.05,DD.MMM → integer.month,2020-10-01_2020-12-31_output,deterministically_corrected
SWM_27833_20201020,27833,2020-10-20,Kisen,TC001_TEXT_DATE_AUTOCONVERSION,10.Тра,10.05,DD.MMM → integer.month,2020-10-01_2020-12-31_output,deterministically_corrected
SWM_27833_20201116,27833,2020-11-16,BSK5,TC001_TEXT_DATE_AUTOCONVERSION,01.Лют,1.02,DD.MMM → integer.month,2020-10-01_2020-12-31_output,deterministically_corrected
SWM_27835_20201015,27835,2020-10-15,BSK5,TC001_TEXT_DATE_AUTOCONVERSION,Бер.52,3.52,MMM.YY → month.decimal_digits,2020-10-01_2020-12-31_output,deterministically_corrected
SWM_27835_20201105,27835,2020-11-05,Kisen,TC001_TEXT_DATE_AUTOCONVERSION,Кві.96,4.96,MMM.YY → month.decimal_digits,2020-10-01_2020-12-31_output,deterministically_corrected
SWM_27835_20201105,27835,2020-11-05,Nitrat,TC001_TEXT_DATE_AUTOCONVERSION,Січ.22,1.22,MMM.YY → month.decimal_digits,2020-10-01_2020-12-31_output,deterministically_corrected
SWM_27835_20201105,27835,2020-11-05,Fosfat,TC001_TEXT_DATE_AUTOCONVERSION,02.Кві,2.04,DD.MMM → integer.month,2020-10-01_2020-12-31_output,deterministically_corrected
SWM_27837_20201015,27837,2020-10-15,Nitrit,TC001_TEXT_DATE_AUTOCONVERSION,Січ.55,1.55,MMM.YY → month.decimal_digits,2020-10-01_2020-12-31_output,deterministically_corrected
SWM_26957_20201112,26957,2020-11-12,Kisen,TC001_TEXT_DATE_AUTOCONVERSION,Жов.48,10.48,MMM.YY → month.decimal_digits,2020-10-01_2020-12-31_output,deterministically_corrected
SWM_26957_20201215,26957,2020-12-15,Kisen,TC001_TEXT_DATE_AUTOCONVERSION,Лис.92,11.92,MMM.YY → month.decimal_digits,2020-10-01_2020-12-31_output,deterministically_corrected
SWM_26960_20201020,26960,2020-10-20,Kisen,TC001_TEXT_DATE_AUTOCONVERSION,Жов.32,10.32,MMM.YY → month.decimal_digits,2020-10-01_2020-12-31_output,deterministically_corrected
SWM_26960_20201124,26960,2020-11-24,BSK5,TC001_TEXT_DATE_AUTOCONVERSION,Лют.48,2.48,MMM.YY → month.decimal_digits,2020-10-01_2020-12-31_output,deterministically_corrected
SWM_26960_20201124,26960,2020-11-24,Kisen,TC001_TEXT_DATE_AUTOCONVERSION,Гру.16,12.16,MMM.YY → month.decimal_digits,2020-10-01_2020-12-31_output,deterministically_corrected
SWM_26960_20201217,26960,2020-12-17,BSK5,TC001_TEXT_DATE_AUTOCONVERSION,Лют.48,2.48,MMM.YY → month.decimal_digits,2020-10-01_2020-12-31_output,deterministically_corrected
SWM_26966_20201117,26966,2020-11-17,Zavisli,TC001_TEXT_DATE_AUTOCONVERSION,06.Тра,6.05,DD.MMM → integer.month,2020-10-01_2020-12-31_output,deterministically_corrected
SWM_26966_20201216,26966,2020-12-16,Kisen,TC001_TEXT_DATE_AUTOCONVERSION,Гру.32,12.32,MMM.YY → month.decimal_digits,2020-10-01_2020-12-31_output,deterministically_corrected
SWM_26967_20201020,26967,2020-10-20,Zavisli,TC001_TEXT_DATE_AUTOCONVERSION,05.Тра,5.05,DD.MMM → integer.month,2020-10-01_2020-12-31_output,deterministically_corrected
SWM_26967_20201217,26967,2020-12-17,BSK5,TC001_TEXT_DATE_AUTOCONVERSION,Лют.48,2.48,MMM.YY → month.decimal_digits,2020-10-01_2020-12-31_output,deterministically_corrected
SWM_27011_20201013,27011,2020-10-13,BSK5,TC001_TEXT_DATE_AUTOCONVERSION,02.Кві,2.04,DD.MMM → integer.month,2020-10-01_2020-12-31_output,deterministically_corrected
SWM_27011_20201013,27011,2020-10-13,Zavisli,TC001_TEXT_DATE_AUTOCONVERSION,11.Чер,11.06,DD.MMM → integer.month,2020-10-01_2020-12-31_output,deterministically_corrected
SWM_27011_20201013,27011,2020-10-13,Hlorid,TC001_TEXT_DATE_AUTOCONVERSION,Лис.52,11.52,MMM.YY → month.decimal_digits,2020-10-01_2020-12-31_output,deterministically_corrected
SWM_27011_20201207,27011,2020-12-07,Nitrat,TC001_TEXT_DATE_AUTOCONVERSION,Січ.74,1.74,MMM.YY → month.decimal_digits,2020-10-01_2020-12-31_output,deterministically_corrected
SWM_27016_20201012,27016,2020-10-12,Nitrat,TC001_TEXT_DATE_AUTOCONVERSION,01.Бер,1.03,DD.MMM → integer.month,2020-10-01_2020-12-31_output,deterministically_corrected
SWM_27016_20201117,27016,2020-11-17,BSK5,TC001_TEXT_DATE_AUTOCONVERSION,02.Тра,2.05,DD.MMM → integer.month,2020-10-01_2020-12-31_output,deterministically_corrected
SWM_27016_20201209,27016,2020-12-09,Zavisli,TC001_TEXT_DATE_AUTOCONVERSION,05.Тра,5.05,DD.MMM → integer.month,2020-10-01_2020-12-31_output,deterministically_corrected
SWM_27016_20201209,27016,2020-12-09,Nitrat,TC001_TEXT_DATE_AUTOCONVERSION,01.Лип,1.07,DD.MMM → integer.month,2020-10-01_2020-12-31_output,deterministically_corrected
SWM_27023_20201012,27023,2020-10-12,Fosfat,TC001_TEXT_DATE_AUTOCONVERSION,Січ.22,1.22,MMM.YY → month.decimal_digits,2020-10-01_2020-12-31_output,deterministically_corrected
SWM_27075_20201012,27075,2020-10-12,Kisen,TC001_TEXT_DATE_AUTOCONVERSION,07.Кві,7.04,DD.MMM → integer.month,2020-10-01_2020-12-31_output,deterministically_corrected
SWM_27075_20201012,27075,2020-10-12,Nitrat,TC001_TEXT_DATE_AUTOCONVERSION,Січ.24,1.24,MMM.YY → month.decimal_digits,2020-10-01_2020-12-31_output,deterministically_corrected
SWM_27095_20201117,27095,2020-11-17,Kisen,TC001_TEXT_DATE_AUTOCONVERSION,09.Тра,9.05,DD.MMM → integer.month,2020-10-01_2020-12-31_output,deterministically_corrected
SWM_27095_20201117,27095,2020-11-17,Nitrat,TC001_TEXT_DATE_AUTOCONVERSION,01.Бер,1.03,DD.MMM → integer.month,2020-10-01_2020-12-31_output,deterministically_corrected
SWM_27096_20201117,27096,2020-11-17,HSK,TC001_TEXT_DATE_AUTOCONVERSION,29.Тра,29.05,DD.MMM → integer.month,2020-10-01_2020-12-31_output,deterministically_corrected
SWM_27170_20201116,27170,2020-11-16,BSK5,TC001_TEXT_DATE_AUTOCONVERSION,Бер.73,3.73,MMM.YY → month.decimal_digits,2020-10-01_2020-12-31_output,deterministically_corrected
SWM_27170_20201116,27170,2020-11-16,Kisen,TC001_TEXT_DATE_AUTOCONVERSION,10.Чер,10.06,DD.MMM → integer.month,2020-10-01_2020-12-31_output,deterministically_corrected
SWM_27181_20201005,27181,2020-10-05,Zavisli,TC001_TEXT_DATE_AUTOCONVERSION,10.Чер,10.06,DD.MMM → integer.month,2020-10-01_2020-12-31_output,deterministically_corrected
SWM_27181_20201005,27181,2020-10-05,Fosfat,TC001_TEXT_DATE_AUTOCONVERSION,01.Лют,1.02,DD.MMM → integer.month,2020-10-01_2020-12-31_output,deterministically_corrected
SWM_27216_20201111,27216,2020-11-11,Nitrat,TC001_TEXT_DATE_AUTOCONVERSION,Січ.52,1.52,MMM.YY → month.decimal_digits,2020-10-01_2020-12-31_output,deterministically_corrected
SWM_27222_20201216,27222,2020-12-16,BSK5,TC001_TEXT_DATE_AUTOCONVERSION,Січ.48,1.48,MMM.YY → month.decimal_digits,2020-10-01_2020-12-31_output,deterministically_corrected
SWM_27223_20201020,27223,2020-10-20,Azot,TC001_TEXT_DATE_AUTOCONVERSION,Січ.26,1.26,MMM.YY → month.decimal_digits,2020-10-01_2020-12-31_output,deterministically_corrected
SWM_27223_20201020,27223,2020-10-20,BSK5,TC001_TEXT_DATE_AUTOCONVERSION,02.Кві,2.04,DD.MMM → integer.month,2020-10-01_2020-12-31_output,deterministically_corrected
SWM_27223_20201020,27223,2020-10-20,Kisen,TC001_TEXT_DATE_AUTOCONVERSION,10.Чер,10.06,DD.MMM → integer.month,2020-10-01_2020-12-31_output,deterministically_corrected
SWM_27223_20201020,27223,2020-10-20,Permanganat,TC001_TEXT_DATE_AUTOCONVERSION,03.Кві,3.04,DD.MMM → integer.month,2020-10-01_2020-12-31_output,deterministically_corrected
SWM_27223_20201118,27223,2020-11-18,BSK5,TC001_TEXT_DATE_AUTOCONVERSION,Січ.98,1.98,MMM.YY → month.decimal_digits,2020-10-01_2020-12-31_output,deterministically_corrected
SWM_27223_20201118,27223,2020-11-18,Nitrat,TC001_TEXT_DATE_AUTOCONVERSION,10.Січ,10.01,DD.MMM → integer.month,2020-10-01_2020-12-31_output,deterministically_corrected
SWM_27223_20201216,27223,2020-12-16,Azot,TC001_TEXT_DATE_AUTOCONVERSION,Лют.54,2.54,MMM.YY → month.decimal_digits,2020-10-01_2020-12-31_output,deterministically_corrected
SWM_27223_20201216,27223,2020-12-16,BSK5,TC001_TEXT_DATE_AUTOCONVERSION,01.Лип,1.07,DD.MMM → integer.month,2020-10-01_2020-12-31_output,deterministically_corrected
SWM_27246_20201006,27246,2020-10-06,Azot,TC001_TEXT_DATE_AUTOCONVERSION,01.Тра,1.05,DD.MMM → integer.month,2020-10-01_2020-12-31_output,deterministically_corrected
SWM_27246_20201006,27246,2020-10-06,BSK5,TC001_TEXT_DATE_AUTOCONVERSION,01.Лип,1.07,DD.MMM → integer.month,2020-10-01_2020-12-31_output,deterministically_corrected
SWM_27246_20201006,27246,2020-10-06,HSK,TC001_TEXT_DATE_AUTOCONVERSION,01.Лип,1.07,DD.MMM → integer.month,2020-10-01_2020-12-31_output,deterministically_corrected
SWM_27247_20201006,27247,2020-10-06,Azot,TC001_TEXT_DATE_AUTOCONVERSION,01.Сер,1.08,DD.MMM → integer.month,2020-10-01_2020-12-31_output,deterministically_corrected
SWM_27252_20201012,27252,2020-10-12,Nitrat,TC001_TEXT_DATE_AUTOCONVERSION,Жов.57,10.57,MMM.YY → month.decimal_digits,2020-10-01_2020-12-31_output,deterministically_corrected
SWM_27252_20201116,27252,2020-11-16,Kisen,TC001_TEXT_DATE_AUTOCONVERSION,10.Кві,10.04,DD.MMM → integer.month,2020-10-01_2020-12-31_output,deterministically_corrected
SWM_27255_20201109,27255,2020-11-09,Azot,TC001_TEXT_DATE_AUTOCONVERSION,01.Лют,1.02,DD.MMM → integer.month,2020-10-01_2020-12-31_output,deterministically_corrected
SWM_27255_20201109,27255,2020-11-09,Kisen,TC001_TEXT_DATE_AUTOCONVERSION,10.Кві,10.04,DD.MMM → integer.month,2020-10-01_2020-12-31_output,deterministically_corrected
SWM_27255_20201207,27255,2020-12-07,Azot,TC001_TEXT_DATE_AUTOCONVERSION,01.Бер,1.03,DD.MMM → integer.month,2020-10-01_2020-12-31_output,deterministically_corrected
SWM_27255_20201207,27255,2020-12-07,Kisen,TC001_TEXT_DATE_AUTOCONVERSION,09.Тра,9.05,DD.MMM → integer.month,2020-10-01_2020-12-31_output,deterministically_corrected
SWM_27256_20201012,27256,2020-10-12,Azot,TC001_TEXT_DATE_AUTOCONVERSION,01.Тра,1.05,DD.MMM → integer.month,2020-10-01_2020-12-31_output,deterministically_corrected
SWM_27256_20201109,27256,2020-11-09,BSK5,TC001_TEXT_DATE_AUTOCONVERSION,02.Тра,2.05,DD.MMM → integer.month,2020-10-01_2020-12-31_output,deterministically_corrected
SWM_27256_20201109,27256,2020-11-09,Kisen,TC001_TEXT_DATE_AUTOCONVERSION,10.Кві,10.04,DD.MMM → integer.month,2020-10-01_2020-12-31_output,deterministically_corrected
SWM_27280_20201103,27280,2020-11-03,BSK5,TC001_TEXT_DATE_AUTOCONVERSION,02.Тра,2.05,DD.MMM → integer.month,2020-10-01_2020-12-31_output,deterministically_corrected
SWM_27280_20201103,27280,2020-11-03,Kisen,TC001_TEXT_DATE_AUTOCONVERSION,10.Січ,10.01,DD.MMM → integer.month,2020-10-01_2020-12-31_output,deterministically_corrected
SWM_27282_20201112,27282,2020-11-12,Kisen,TC001_TEXT_DATE_AUTOCONVERSION,11.Чер,11.06,DD.MMM → integer.month,2020-10-01_2020-12-31_output,deterministically_corrected
SWM_27284_20201020,27284,2020-10-20,Kisen,TC001_TEXT_DATE_AUTOCONVERSION,11.Тра,11.05,DD.MMM → integer.month,2020-10-01_2020-12-31_output,deterministically_corrected
SWM_27284_20201116,27284,2020-11-16,Kisen,TC001_TEXT_DATE_AUTOCONVERSION,11.Вер,11.09,DD.MMM → integer.month,2020-10-01_2020-12-31_output,deterministically_corrected
SWM_27285_20201026,27285,2020-10-26,BSK5,TC001_TEXT_DATE_AUTOCONVERSION,01.Тра,1.05,DD.MMM → integer.month,2020-10-01_2020-12-31_output,deterministically_corrected
SWM_27285_20201124,27285,2020-11-24,Kisen,TC001_TEXT_DATE_AUTOCONVERSION,12.Кві,12.04,DD.MMM → integer.month,2020-10-01_2020-12-31_output,deterministically_corrected
SWM_27292_20201103,27292,2020-11-03,HSK,TC001_TEXT_DATE_AUTOCONVERSION,09.Тра,9.05,DD.MMM → integer.month,2020-10-01_2020-12-31_output,deterministically_corrected
SWM_27292_20201202,27292,2020-12-02,Hlorid,TC001_TEXT_DATE_AUTOCONVERSION,11.Вер,11.09,DD.MMM → integer.month,2020-10-01_2020-12-31_output,deterministically_corrected
SWM_27292_20201202,27292,2020-12-02,Permanganat,TC001_TEXT_DATE_AUTOCONVERSION,02.Тра,2.05,DD.MMM → integer.month,2020-10-01_2020-12-31_output,deterministically_corrected
SWM_27296_20201026,27296,2020-10-26,BSK5,TC001_TEXT_DATE_AUTOCONVERSION,03.Тра,3.05,DD.MMM → integer.month,2020-10-01_2020-12-31_output,deterministically_corrected
SWM_27320_20201109,27320,2020-11-09,Kisen,TC001_TEXT_DATE_AUTOCONVERSION,10.Тра,10.05,DD.MMM → integer.month,2020-10-01_2020-12-31_output,deterministically_corrected
SWM_27320_20201208,27320,2020-12-08,Kisen,TC001_TEXT_DATE_AUTOCONVERSION,10.Січ,10.01,DD.MMM → integer.month,2020-10-01_2020-12-31_output,deterministically_corrected
SWM_27320_20201208,27320,2020-12-08,Amoniy,TC001_TEXT_DATE_AUTOCONVERSION,01.Бер,1.03,DD.MMM → integer.month,2020-10-01_2020-12-31_output,deterministically_corrected
SWM_27326_20201208,27326,2020-12-08,Amoniy,TC001_TEXT_DATE_AUTOCONVERSION,01.Лип,1.07,DD.MMM → integer.month,2020-10-01_2020-12-31_output,deterministically_corrected
SWM_27328_20201109,27328,2020-11-09,Azot,TC001_TEXT_DATE_AUTOCONVERSION,16.Тра,16.05,DD.MMM → integer.month,2020-10-01_2020-12-31_output,deterministically_corrected
SWM_27328_20201109,27328,2020-11-09,Amoniy,TC001_TEXT_DATE_AUTOCONVERSION,Лют.25,2.25,MMM.YY → month.decimal_digits,2020-10-01_2020-12-31_output,deterministically_corrected
SWM_27328_20201109,27328,2020-11-09,Fosfat,TC001_TEXT_DATE_AUTOCONVERSION,Січ.97,1.97,MMM.YY → month.decimal_digits,2020-10-01_2020-12-31_output,deterministically_corrected
SWM_27330_20201005,27330,2020-10-05,Kisen,TC001_TEXT_DATE_AUTOCONVERSION,Бер.54,3.54,MMM.YY → month.decimal_digits,2020-10-01_2020-12-31_output,deterministically_corrected
SWM_27333_20201006,27333,2020-10-06,Amoniy,TC001_TEXT_DATE_AUTOCONVERSION,Січ.95,1.95,MMM.YY → month.decimal_digits,2020-10-01_2020-12-31_output,deterministically_corrected
SWM_27578_20201020,27578,2020-10-20,Nitrat,TC001_TEXT_DATE_AUTOCONVERSION,Січ.51,1.51,MMM.YY → month.decimal_digits,2020-10-01_2020-12-31_output,deterministically_corrected
SWM_27578_20201117,27578,2020-11-17,Kisen,TC001_TEXT_DATE_AUTOCONVERSION,09.Тра,9.05,DD.MMM → integer.month,2020-10-01_2020-12-31_output,deterministically_corrected
SWM_27580_20201008,27580,2020-10-08,HSK,TC001_TEXT_DATE_AUTOCONVERSION,23.Тра,23.05,DD.MMM → integer.month,2020-10-01_2020-12-31_output,deterministically_corrected
SWM_27580_20201106,27580,2020-11-06,Nitrat,TC001_TEXT_DATE_AUTOCONVERSION,Лют.54,2.54,MMM.YY → month.decimal_digits,2020-10-01_2020-12-31_output,deterministically_corrected
SWM_27590_20201119,27590,2020-11-19,Azot,TC001_TEXT_DATE_AUTOCONVERSION,Січ.95,1.95,MMM.YY → month.decimal_digits,2020-10-01_2020-12-31_output,deterministically_corrected
SWM_27590_20201119,27590,2020-11-19,BSK5,TC001_TEXT_DATE_AUTOCONVERSION,Бер.52,3.52,MMM.YY → month.decimal_digits,2020-10-01_2020-12-31_output,deterministically_corrected
SWM_27590_20201119,27590,2020-11-19,Zavisli,TC001_TEXT_DATE_AUTOCONVERSION,10.Чер,10.06,DD.MMM → integer.month,2020-10-01_2020-12-31_output,deterministically_corrected
SWM_27592_20201005,27592,2020-10-05,Azot,TC001_TEXT_DATE_AUTOCONVERSION,Січ.97,1.97,MMM.YY → month.decimal_digits,2020-10-01_2020-12-31_output,deterministically_corrected
SWM_27592_20201005,27592,2020-10-05,Zavisli,TC001_TEXT_DATE_AUTOCONVERSION,10.Кві,10.04,DD.MMM → integer.month,2020-10-01_2020-12-31_output,deterministically_corrected
SWM_27784_20201007,27784,2020-10-07,BSK5,TC001_TEXT_DATE_AUTOCONVERSION,01.Тра,1.05,DD.MMM → integer.month,2020-10-01_2020-12-31_output,deterministically_corrected
SWM_27784_20201112,27784,2020-11-12,Kisen,TC001_TEXT_DATE_AUTOCONVERSION,10.Вер,10.09,DD.MMM → integer.month,2020-10-01_2020-12-31_output,deterministically_corrected
SWM_27787_20201112,27787,2020-11-12,BSK5,TC001_TEXT_DATE_AUTOCONVERSION,01.Тра,1.05,DD.MMM → integer.month,2020-10-01_2020-12-31_output,deterministically_corrected
SWM_27788_20201007,27788,2020-10-07,BSK5,TC001_TEXT_DATE_AUTOCONVERSION,01.Тра,1.05,DD.MMM → integer.month,2020-10-01_2020-12-31_output,deterministically_corrected
SWM_27788_20201007,27788,2020-10-07,Kisen,TC001_TEXT_DATE_AUTOCONVERSION,10.Тра,10.05,DD.MMM → integer.month,2020-10-01_2020-12-31_output,deterministically_corrected
SWM_27790_20201116,27790,2020-11-16,Kisen,TC001_TEXT_DATE_AUTOCONVERSION,07.Тра,7.05,DD.MMM → integer.month,2020-10-01_2020-12-31_output,deterministically_corrected
SWM_27793_20201020,27793,2020-10-20,BSK5,TC001_TEXT_DATE_AUTOCONVERSION,01.Лют,1.02,DD.MMM → integer.month,2020-10-01_2020-12-31_output,deterministically_corrected
SWM_27793_20201020,27793,2020-10-20,Kisen,TC001_TEXT_DATE_AUTOCONVERSION,11.Тра,11.05,DD.MMM → integer.month,2020-10-01_2020-12-31_output,deterministically_corrected
SWM_26853_20200715,26853,2020-07-15,BSK5,TC001_TEXT_DATE_AUTOCONVERSION,Січ.76,1.76,MMM.YY → month.decimal_digits,2020-07-01_2020-09-30_output,deterministically_corrected
SWM_26853_20200715,26853,2020-07-15,Hlorid,TC001_TEXT_DATE_AUTOCONVERSION,Лис.52,11.52,MMM.YY → month.decimal_digits,2020-07-01_2020-09-30_output,deterministically_corrected
SWM_26853_20200715,26853,2020-07-15,Nitrat,TC001_TEXT_DATE_AUTOCONVERSION,Січ.51,1.51,MMM.YY → month.decimal_digits,2020-07-01_2020-09-30_output,deterministically_corrected
SWM_27022_20200914,27022,2020-09-14,Kisen,TC001_TEXT_DATE_AUTOCONVERSION,08.Тра,8.05,DD.MMM → integer.month,2020-07-01_2020-09-30_output,deterministically_corrected
SWM_27095_20200818,27095,2020-08-18,Nitrat,TC001_TEXT_DATE_AUTOCONVERSION,01.Бер,1.03,DD.MMM → integer.month,2020-07-01_2020-09-30_output,deterministically_corrected
SWM_27170_20200903,27170,2020-09-03,BSK5,TC001_TEXT_DATE_AUTOCONVERSION,Бер.96,3.96,MMM.YY → month.decimal_digits,2020-07-01_2020-09-30_output,deterministically_corrected
SWM_27233_20200720,27233,2020-07-20,BSK5,TC001_TEXT_DATE_AUTOCONVERSION,02.Тра,2.05,DD.MMM → integer.month,2020-07-01_2020-09-30_output,deterministically_corrected
SWM_27233_20200720,27233,2020-07-20,HSK,TC001_TEXT_DATE_AUTOCONVERSION,11.Кві,11.04,DD.MMM → integer.month,2020-07-01_2020-09-30_output,deterministically_corrected
SWM_27269_20200706,27269,2020-07-06,BSK5,TC001_TEXT_DATE_AUTOCONVERSION,02.Тра,2.05,DD.MMM → integer.month,2020-07-01_2020-09-30_output,deterministically_corrected
SWM_27337_20200909,27337,2020-09-09,Kisen,TC001_TEXT_DATE_AUTOCONVERSION,07.Тра,7.05,DD.MMM → integer.month,2020-07-01_2020-09-30_output,deterministically_corrected
SWM_27831_20200818,27831,2020-08-18,Hlorid,TC001_TEXT_DATE_AUTOCONVERSION,10.Тра,10.05,DD.MMM → integer.month,2020-07-01_2020-09-30_output,deterministically_corrected
SWM_27264_20200825,27264,2020-08-25,Nitrat,TC001_TEXT_DATE_AUTOCONVERSION,04.Тра,4.05,DD.MMM → integer.month,2020-07-01_2020-09-30_output,deterministically_corrected
SWM_27264_20200921,27264,2020-09-21,BSK5,TC001_TEXT_DATE_AUTOCONVERSION,10.Січ,10.01,DD.MMM → integer.month,2020-07-01_2020-09-30_output,deterministically_corrected
SWM_27264_20200921,27264,2020-09-21,Kisen,TC001_TEXT_DATE_AUTOCONVERSION,03.Тра,3.05,DD.MMM → integer.month,2020-07-01_2020-09-30_output,deterministically_corrected
SWM_27264_20200921,27264,2020-09-21,Nitrat,TC001_TEXT_DATE_AUTOCONVERSION,16.Тра,16.05,DD.MMM → integer.month,2020-07-01_2020-09-30_output,deterministically_corrected
SWM_27267_20200720,27267,2020-07-20,Kisen,TC001_TEXT_DATE_AUTOCONVERSION,09.Тра,9.05,DD.MMM → integer.month,2020-07-01_2020-09-30_output,deterministically_corrected
SWM_27267_20200825,27267,2020-08-25,Kisen,TC001_TEXT_DATE_AUTOCONVERSION,10.Січ,10.01,DD.MMM → integer.month,2020-07-01_2020-09-30_output,deterministically_corrected
SWM_27267_20200921,27267,2020-09-21,Kisen,TC001_TEXT_DATE_AUTOCONVERSION,10.Вер,10.09,DD.MMM → integer.month,2020-07-01_2020-09-30_output,deterministically_corrected
SWM_27269_20200810,27269,2020-08-10,BSK5,TC001_TEXT_DATE_AUTOCONVERSION,02.Тра,2.05,DD.MMM → integer.month,2020-07-01_2020-09-30_output,deterministically_corrected
SWM_27271_20200713,27271,2020-07-13,HSK,TC001_TEXT_DATE_AUTOCONVERSION,27.Тра,27.05,DD.MMM → integer.month,2020-07-01_2020-09-30_output,deterministically_corrected
SWM_27271_20200817,27271,2020-08-17,BSK5,TC001_TEXT_DATE_AUTOCONVERSION,01.Лип,1.07,DD.MMM → integer.month,2020-07-01_2020-09-30_output,deterministically_corrected
SWM_27271_20200817,27271,2020-08-17,Nitrat,TC001_TEXT_DATE_AUTOCONVERSION,01.Бер,1.03,DD.MMM → integer.month,2020-07-01_2020-09-30_output,deterministically_corrected
SWM_27271_20200915,27271,2020-09-15,Kisen,TC001_TEXT_DATE_AUTOCONVERSION,08.Тра,8.05,DD.MMM → integer.month,2020-07-01_2020-09-30_output,deterministically_corrected
SWM_27272_20200713,27272,2020-07-13,Azot,TC001_TEXT_DATE_AUTOCONVERSION,Січ.52,1.52,MMM.YY → month.decimal_digits,2020-07-01_2020-09-30_output,deterministically_corrected
SWM_27272_20200713,27272,2020-07-13,BSK5,TC001_TEXT_DATE_AUTOCONVERSION,02.Тра,2.05,DD.MMM → integer.month,2020-07-01_2020-09-30_output,deterministically_corrected
SWM_27272_20200713,27272,2020-07-13,Kisen,TC001_TEXT_DATE_AUTOCONVERSION,07.Тра,7.05,DD.MMM → integer.month,2020-07-01_2020-09-30_output,deterministically_corrected
SWM_27272_20200817,27272,2020-08-17,BSK5,TC001_TEXT_DATE_AUTOCONVERSION,01.Тра,1.05,DD.MMM → integer.month,2020-07-01_2020-09-30_output,deterministically_corrected
SWM_27276_20200708,27276,2020-07-08,Kisen,TC001_TEXT_DATE_AUTOCONVERSION,10.Чер,10.06,DD.MMM → integer.month,2020-07-01_2020-09-30_output,deterministically_corrected
SWM_27276_20200812,27276,2020-08-12,Permanganat,TC001_TEXT_DATE_AUTOCONVERSION,01.Бер,1.03,DD.MMM → integer.month,2020-07-01_2020-09-30_output,deterministically_corrected
SWM_27276_20200909,27276,2020-09-09,HSK,TC001_TEXT_DATE_AUTOCONVERSION,10.Січ,10.01,DD.MMM → integer.month,2020-07-01_2020-09-30_output,deterministically_corrected
SWM_27277_20200708,27277,2020-07-08,Kisen,TC001_TEXT_DATE_AUTOCONVERSION,10.Кві,10.04,DD.MMM → integer.month,2020-07-01_2020-09-30_output,deterministically_corrected
SWM_27277_20200708,27277,2020-07-08,Permanganat,TC001_TEXT_DATE_AUTOCONVERSION,01.Сер,1.08,DD.MMM → integer.month,2020-07-01_2020-09-30_output,deterministically_corrected
SWM_27308_20200727,27308,2020-07-27,HSK,TC001_TEXT_DATE_AUTOCONVERSION,12.Вер,12.09,DD.MMM → integer.month,2020-07-01_2020-09-30_output,deterministically_corrected
SWM_27308_20200817,27308,2020-08-17,BSK5,TC001_TEXT_DATE_AUTOCONVERSION,Січ.28,1.28,MMM.YY → month.decimal_digits,2020-07-01_2020-09-30_output,deterministically_corrected
SWM_27308_20200921,27308,2020-09-21,BSK5,TC001_TEXT_DATE_AUTOCONVERSION,01.Кві,1.04,DD.MMM → integer.month,2020-07-01_2020-09-30_output,deterministically_corrected
SWM_27308_20200921,27308,2020-09-21,Permanganat,TC001_TEXT_DATE_AUTOCONVERSION,Січ.76,1.76,MMM.YY → month.decimal_digits,2020-07-01_2020-09-30_output,deterministically_corrected
SWM_27310_20200701,27310,2020-07-01,Permanganat,TC001_TEXT_DATE_AUTOCONVERSION,03.Кві,3.04,DD.MMM → integer.month,2020-07-01_2020-09-30_output,deterministically_corrected
SWM_27310_20200805,27310,2020-08-05,BSK5,TC001_TEXT_DATE_AUTOCONVERSION,Січ.24,1.24,MMM.YY → month.decimal_digits,2020-07-01_2020-09-30_output,deterministically_corrected
SWM_27310_20200902,27310,2020-09-02,Permanganat,TC001_TEXT_DATE_AUTOCONVERSION,Лют.48,2.48,MMM.YY → month.decimal_digits,2020-07-01_2020-09-30_output,deterministically_corrected
SWM_27311_20200701,27311,2020-07-01,Hlorid,TC001_TEXT_DATE_AUTOCONVERSION,19.Тра,19.05,DD.MMM → integer.month,2020-07-01_2020-09-30_output,deterministically_corrected
SWM_27339_20200803,27339,2020-08-03,Kisen,TC001_TEXT_DATE_AUTOCONVERSION,01.Лют,1.02,DD.MMM → integer.month,2020-07-01_2020-09-30_output,deterministically_corrected
SWM_27339_20200803,27339,2020-08-03,Nitrit,TC001_TEXT_DATE_AUTOCONVERSION,Січ.71,1.71,MMM.YY → month.decimal_digits,2020-07-01_2020-09-30_output,deterministically_corrected
SWM_27339_20200908,27339,2020-09-08,Amoniy,TC001_TEXT_DATE_AUTOCONVERSION,12.Чер,12.06,DD.MMM → integer.month,2020-07-01_2020-09-30_output,deterministically_corrected
SWM_27343_20200722,27343,2020-07-22,Azot,TC001_TEXT_DATE_AUTOCONVERSION,01.Сер,1.08,DD.MMM → integer.month,2020-07-01_2020-09-30_output,deterministically_corrected
SWM_27343_20200722,27343,2020-07-22,BSK5,TC001_TEXT_DATE_AUTOCONVERSION,01.Лип,1.07,DD.MMM → integer.month,2020-07-01_2020-09-30_output,deterministically_corrected
SWM_27343_20200825,27343,2020-08-25,Azot,TC001_TEXT_DATE_AUTOCONVERSION,01.Тра,1.05,DD.MMM → integer.month,2020-07-01_2020-09-30_output,deterministically_corrected
SWM_27343_20200915,27343,2020-09-15,BSK5,TC001_TEXT_DATE_AUTOCONVERSION,01.Сер,1.08,DD.MMM → integer.month,2020-07-01_2020-09-30_output,deterministically_corrected
SWM_27343_20200915,27343,2020-09-15,Kisen,TC001_TEXT_DATE_AUTOCONVERSION,Лип.79,7.79,MMM.YY → month.decimal_digits,2020-07-01_2020-09-30_output,deterministically_corrected
SWM_27344_20200825,27344,2020-08-25,BSK5,TC001_TEXT_DATE_AUTOCONVERSION,01.Тра,1.05,DD.MMM → integer.month,2020-07-01_2020-09-30_output,deterministically_corrected
SWM_27345_20200825,27345,2020-08-25,BSK5,TC001_TEXT_DATE_AUTOCONVERSION,01.Сер,1.08,DD.MMM → integer.month,2020-07-01_2020-09-30_output,deterministically_corrected
SWM_27345_20200915,27345,2020-09-15,BSK5,TC001_TEXT_DATE_AUTOCONVERSION,01.Лип,1.07,DD.MMM → integer.month,2020-07-01_2020-09-30_output,deterministically_corrected
SWM_27788_20200708,27788,2020-07-08,BSK5,TC001_TEXT_DATE_AUTOCONVERSION,01.Лют,1.02,DD.MMM → integer.month,2020-07-01_2020-09-30_output,deterministically_corrected
SWM_27788_20200909,27788,2020-09-09,Kisen,TC001_TEXT_DATE_AUTOCONVERSION,10.Тра,10.05,DD.MMM → integer.month,2020-07-01_2020-09-30_output,deterministically_corrected
SWM_27793_20200826,27793,2020-08-26,Kisen,TC001_TEXT_DATE_AUTOCONVERSION,10.Чер,10.06,DD.MMM → integer.month,2020-07-01_2020-09-30_output,deterministically_corrected
SWM_27793_20200922,27793,2020-09-22,BSK5,TC001_TEXT_DATE_AUTOCONVERSION,02.Тра,2.05,DD.MMM → integer.month,2020-07-01_2020-09-30_output,deterministically_corrected
SWM_27796_20200728,27796,2020-07-28,BSK5,TC001_TEXT_DATE_AUTOCONVERSION,01.Лют,1.02,DD.MMM → integer.month,2020-07-01_2020-09-30_output,deterministically_corrected
SWM_27796_20200826,27796,2020-08-26,Kisen,TC001_TEXT_DATE_AUTOCONVERSION,11.Кві,11.04,DD.MMM → integer.month,2020-07-01_2020-09-30_output,deterministically_corrected
SWM_27831_20200921,27831,2020-09-21,Kisen,TC001_TEXT_DATE_AUTOCONVERSION,12.Чер,12.06,DD.MMM → integer.month,2020-07-01_2020-09-30_output,deterministically_corrected
SWM_27833_20200818,27833,2020-08-18,BSK5,TC001_TEXT_DATE_AUTOCONVERSION,01.Бер,1.03,DD.MMM → integer.month,2020-07-01_2020-09-30_output,deterministically_corrected
SWM_27833_20200921,27833,2020-09-21,Kisen,TC001_TEXT_DATE_AUTOCONVERSION,11.Тра,11.05,DD.MMM → integer.month,2020-07-01_2020-09-30_output,deterministically_corrected
SWM_27835_20200708,27835,2020-07-08,Kisen,TC001_TEXT_DATE_AUTOCONVERSION,Бер.52,3.52,MMM.YY → month.decimal_digits,2020-07-01_2020-09-30_output,deterministically_corrected
SWM_27835_20200806,27835,2020-08-06,Nitrat,TC001_TEXT_DATE_AUTOCONVERSION,01.Кві,1.04,DD.MMM → integer.month,2020-07-01_2020-09-30_output,deterministically_corrected
SWM_27835_20200917,27835,2020-09-17,BSK5,TC001_TEXT_DATE_AUTOCONVERSION,14.Кві,14.04,DD.MMM → integer.month,2020-07-01_2020-09-30_output,deterministically_corrected
SWM_27835_20200917,27835,2020-09-17,Amoniy,TC001_TEXT_DATE_AUTOCONVERSION,Жов.58,10.58,MMM.YY → month.decimal_digits,2020-07-01_2020-09-30_output,deterministically_corrected
SWM_27837_20200806,27837,2020-08-06,Fosfat,TC001_TEXT_DATE_AUTOCONVERSION,Січ.21,1.21,MMM.YY → month.decimal_digits,2020-07-01_2020-09-30_output,deterministically_corrected
SWM_26853_20200810,26853,2020-08-10,Zavisli,TC001_TEXT_DATE_AUTOCONVERSION,11.Тра,11.05,DD.MMM → integer.month,2020-07-01_2020-09-30_output,deterministically_corrected
SWM_26853_20200915,26853,2020-09-15,Hlorid,TC001_TEXT_DATE_AUTOCONVERSION,Вер.75,9.75,MMM.YY → month.decimal_digits,2020-07-01_2020-09-30_output,deterministically_corrected
SWM_26853_20200915,26853,2020-09-15,Nitrat,TC001_TEXT_DATE_AUTOCONVERSION,Січ.47,1.47,MMM.YY → month.decimal_digits,2020-07-01_2020-09-30_output,deterministically_corrected
SWM_26921_20200810,26921,2020-08-10,HSK,TC001_TEXT_DATE_AUTOCONVERSION,20.Тра,20.05,DD.MMM → integer.month,2020-07-01_2020-09-30_output,deterministically_corrected
SWM_26921_20200914,26921,2020-09-14,Zavisli,TC001_TEXT_DATE_AUTOCONVERSION,07.Тра,7.05,DD.MMM → integer.month,2020-07-01_2020-09-30_output,deterministically_corrected
SWM_26921_20200914,26921,2020-09-14,Nitrat,TC001_TEXT_DATE_AUTOCONVERSION,01.Лют,1.02,DD.MMM → integer.month,2020-07-01_2020-09-30_output,deterministically_corrected
SWM_26922_20200715,26922,2020-07-15,Zavisli,TC001_TEXT_DATE_AUTOCONVERSION,11.Чер,11.06,DD.MMM → integer.month,2020-07-01_2020-09-30_output,deterministically_corrected
SWM_26922_20200715,26922,2020-07-15,Hlorid,TC001_TEXT_DATE_AUTOCONVERSION,Лис.52,11.52,MMM.YY → month.decimal_digits,2020-07-01_2020-09-30_output,deterministically_corrected
SWM_26922_20200810,26922,2020-08-10,Hlorid,TC001_TEXT_DATE_AUTOCONVERSION,Вер.75,9.75,MMM.YY → month.decimal_digits,2020-07-01_2020-09-30_output,deterministically_corrected
SWM_26922_20200810,26922,2020-08-10,Nitrat,TC001_TEXT_DATE_AUTOCONVERSION,Січ.77,1.77,MMM.YY → month.decimal_digits,2020-07-01_2020-09-30_output,deterministically_corrected
SWM_26922_20200915,26922,2020-09-15,BSK5,TC001_TEXT_DATE_AUTOCONVERSION,Січ.77,1.77,MMM.YY → month.decimal_digits,2020-07-01_2020-09-30_output,deterministically_corrected
SWM_26922_20200915,26922,2020-09-15,Nitrat,TC001_TEXT_DATE_AUTOCONVERSION,Січ.53,1.53,MMM.YY → month.decimal_digits,2020-07-01_2020-09-30_output,deterministically_corrected
SWM_26925_20200714,26925,2020-07-14,BSK5,TC001_TEXT_DATE_AUTOCONVERSION,Лют.79,2.79,MMM.YY → month.decimal_digits,2020-07-01_2020-09-30_output,deterministically_corrected
SWM_26925_20200714,26925,2020-07-14,Kisen,TC001_TEXT_DATE_AUTOCONVERSION,06.Тра,6.05,DD.MMM → integer.month,2020-07-01_2020-09-30_output,deterministically_corrected
SWM_26926_20200728,26926,2020-07-28,BSK5,TC001_TEXT_DATE_AUTOCONVERSION,03.Тра,3.05,DD.MMM → integer.month,2020-07-01_2020-09-30_output,deterministically_corrected
SWM_26926_20200728,26926,2020-07-28,Hlorid,TC001_TEXT_DATE_AUTOCONVERSION,20.Тра,20.05,DD.MMM → integer.month,2020-07-01_2020-09-30_output,deterministically_corrected
SWM_26926_20200825,26926,2020-08-25,BSK5,TC001_TEXT_DATE_AUTOCONVERSION,04.Тра,4.05,DD.MMM → integer.month,2020-07-01_2020-09-30_output,deterministically_corrected
SWM_26968_20200908,26968,2020-09-08,Kisen,TC001_TEXT_DATE_AUTOCONVERSION,Жов.24,10.24,MMM.YY → month.decimal_digits,2020-07-01_2020-09-30_output,deterministically_corrected
SWM_26969_20200708,26969,2020-07-08,Zavisli,TC001_TEXT_DATE_AUTOCONVERSION,05.Тра,5.05,DD.MMM → integer.month,2020-07-01_2020-09-30_output,deterministically_corrected
SWM_26969_20200806,26969,2020-08-06,BSK5,TC001_TEXT_DATE_AUTOCONVERSION,Лют.48,2.48,MMM.YY → month.decimal_digits,2020-07-01_2020-09-30_output,deterministically_corrected
SWM_26978_20200713,26978,2020-07-13,Zavisli,TC001_TEXT_DATE_AUTOCONVERSION,15.Кві,15.04,DD.MMM → integer.month,2020-07-01_2020-09-30_output,deterministically_corrected
SWM_26978_20200810,26978,2020-08-10,Nitrat,TC001_TEXT_DATE_AUTOCONVERSION,10.Чер,10.06,DD.MMM → integer.month,2020-07-01_2020-09-30_output,deterministically_corrected
SWM_26982_20200714,26982,2020-07-14,BSK5,TC001_TEXT_DATE_AUTOCONVERSION,Січ.79,1.79,MMM.YY → month.decimal_digits,2020-07-01_2020-09-30_output,deterministically_corrected
SWM_26982_20200714,26982,2020-07-14,Zavisli,TC001_TEXT_DATE_AUTOCONVERSION,11.Чер,11.06,DD.MMM → integer.month,2020-07-01_2020-09-30_output,deterministically_corrected
SWM_26982_20200915,26982,2020-09-15,Zavisli,TC001_TEXT_DATE_AUTOCONVERSION,10.Січ,10.01,DD.MMM → integer.month,2020-07-01_2020-09-30_output,deterministically_corrected
SWM_26982_20200915,26982,2020-09-15,Nitrat,TC001_TEXT_DATE_AUTOCONVERSION,01.Тра,1.05,DD.MMM → integer.month,2020-07-01_2020-09-30_output,deterministically_corrected
SWM_26983_20200714,26983,2020-07-14,Zavisli,TC001_TEXT_DATE_AUTOCONVERSION,10.Тра,10.05,DD.MMM → integer.month,2020-07-01_2020-09-30_output,deterministically_corrected
SWM_27023_20200713,27023,2020-07-13,BSK5,TC001_TEXT_DATE_AUTOCONVERSION,02.Тра,2.05,DD.MMM → integer.month,2020-07-01_2020-09-30_output,deterministically_corrected
SWM_27023_20200914,27023,2020-09-14,Kisen,TC001_TEXT_DATE_AUTOCONVERSION,07.Тра,7.05,DD.MMM → integer.month,2020-07-01_2020-09-30_output,deterministically_corrected
SWM_27027_20200811,27027,2020-08-11,Zavisli,TC001_TEXT_DATE_AUTOCONVERSION,10.Тра,10.05,DD.MMM → integer.month,2020-07-01_2020-09-30_output,deterministically_corrected
SWM_27027_20200914,27027,2020-09-14,Fosfat,TC001_TEXT_DATE_AUTOCONVERSION,01.Бер,1.03,DD.MMM → integer.month,2020-07-01_2020-09-30_output,deterministically_corrected
SWM_27095_20200922,27095,2020-09-22,Zavisli,TC001_TEXT_DATE_AUTOCONVERSION,12.Чер,12.06,DD.MMM → integer.month,2020-07-01_2020-09-30_output,deterministically_corrected
SWM_27096_20200818,27096,2020-08-18,Zavisli,TC001_TEXT_DATE_AUTOCONVERSION,14.Чер,14.06,DD.MMM → integer.month,2020-07-01_2020-09-30_output,deterministically_corrected
SWM_27098_20200818,27098,2020-08-18,BSK5,TC001_TEXT_DATE_AUTOCONVERSION,Кві.46,4.46,MMM.YY → month.decimal_digits,2020-07-01_2020-09-30_output,deterministically_corrected
SWM_27099_20200714,27099,2020-07-14,BSK5,TC001_TEXT_DATE_AUTOCONVERSION,Лют.29,2.29,MMM.YY → month.decimal_digits,2020-07-01_2020-09-30_output,deterministically_corrected
SWM_27099_20200908,27099,2020-09-08,BSK5,TC001_TEXT_DATE_AUTOCONVERSION,Бер.23,3.23,MMM.YY → month.decimal_digits,2020-07-01_2020-09-30_output,deterministically_corrected
SWM_27099_20200908,27099,2020-09-08,Nitrat,TC001_TEXT_DATE_AUTOCONVERSION,Січ.48,1.48,MMM.YY → month.decimal_digits,2020-07-01_2020-09-30_output,deterministically_corrected
SWM_27100_20200708,27100,2020-07-08,BSK5,TC001_TEXT_DATE_AUTOCONVERSION,01.Лип,1.07,DD.MMM → integer.month,2020-07-01_2020-09-30_output,deterministically_corrected
SWM_27100_20200908,27100,2020-09-08,BSK5,TC001_TEXT_DATE_AUTOCONVERSION,01.Лип,1.07,DD.MMM → integer.month,2020-07-01_2020-09-30_output,deterministically_corrected
SWM_27101_20200811,27101,2020-08-11,Nitrat,TC001_TEXT_DATE_AUTOCONVERSION,Лют.75,2.75,MMM.YY → month.decimal_digits,2020-07-01_2020-09-30_output,deterministically_corrected
SWM_27181_20200811,27181,2020-08-11,BSK5,TC001_TEXT_DATE_AUTOCONVERSION,Бер.52,3.52,MMM.YY → month.decimal_digits,2020-07-01_2020-09-30_output,deterministically_corrected
SWM_27233_20200825,27233,2020-08-25,Azot,TC001_TEXT_DATE_AUTOCONVERSION,Січ.22,1.22,MMM.YY → month.decimal_digits,2020-07-01_2020-09-30_output,deterministically_corrected
SWM_27238_20200706,27238,2020-07-06,Nitrat,TC001_TEXT_DATE_AUTOCONVERSION,02.Кві,2.04,DD.MMM → integer.month,2020-07-01_2020-09-30_output,deterministically_corrected
SWM_27238_20200706,27238,2020-07-06,HSK,TC001_TEXT_DATE_AUTOCONVERSION,10.Тра,10.05,DD.MMM → integer.month,2020-07-01_2020-09-30_output,deterministically_corrected
SWM_27238_20200804,27238,2020-08-04,Nitrat,TC001_TEXT_DATE_AUTOCONVERSION,01.Лип,1.07,DD.MMM → integer.month,2020-07-01_2020-09-30_output,deterministically_corrected
SWM_27238_20200804,27238,2020-08-04,HSK,TC001_TEXT_DATE_AUTOCONVERSION,09.Тра,9.05,DD.MMM → integer.month,2020-07-01_2020-09-30_output,deterministically_corrected
SWM_27238_20200922,27238,2020-09-22,BSK5,TC001_TEXT_DATE_AUTOCONVERSION,01.Сер,1.08,DD.MMM → integer.month,2020-07-01_2020-09-30_output,deterministically_corrected
SWM_27238_20200922,27238,2020-09-22,Nitrat,TC001_TEXT_DATE_AUTOCONVERSION,Січ.78,1.78,MMM.YY → month.decimal_digits,2020-07-01_2020-09-30_output,deterministically_corrected
SWM_26926_20200922,26926,2020-09-22,Zavisli,TC001_TEXT_DATE_AUTOCONVERSION,10.Тра,10.05,DD.MMM → integer.month,2020-07-01_2020-09-30_output,deterministically_corrected
SWM_26931_20200724,26931,2020-07-24,Amoniy,TC001_TEXT_DATE_AUTOCONVERSION,Січ.45,1.45,MMM.YY → month.decimal_digits,2020-07-01_2020-09-30_output,deterministically_corrected
SWM_26931_20200724,26931,2020-07-24,Nitrat,TC001_TEXT_DATE_AUTOCONVERSION,Тра.25,5.25,MMM.YY → month.decimal_digits,2020-07-01_2020-09-30_output,deterministically_corrected
SWM_26931_20200820,26931,2020-08-20,Hlorid,TC001_TEXT_DATE_AUTOCONVERSION,10.Кві,10.04,DD.MMM → integer.month,2020-07-01_2020-09-30_output,deterministically_corrected
SWM_26931_20200921,26931,2020-09-21,BSK5,TC001_TEXT_DATE_AUTOCONVERSION,04.Тра,4.05,DD.MMM → integer.month,2020-07-01_2020-09-30_output,deterministically_corrected
SWM_26931_20200921,26931,2020-09-21,Nitrat,TC001_TEXT_DATE_AUTOCONVERSION,Січ.79,1.79,MMM.YY → month.decimal_digits,2020-07-01_2020-09-30_output,deterministically_corrected
SWM_26934_20200723,26934,2020-07-23,Nitrat,TC001_TEXT_DATE_AUTOCONVERSION,Січ.28,1.28,MMM.YY → month.decimal_digits,2020-07-01_2020-09-30_output,deterministically_corrected
SWM_26934_20200820,26934,2020-08-20,Hlorid,TC001_TEXT_DATE_AUTOCONVERSION,10.Кві,10.04,DD.MMM → integer.month,2020-07-01_2020-09-30_output,deterministically_corrected
SWM_26939_20200714,26939,2020-07-14,Nitrat,TC001_TEXT_DATE_AUTOCONVERSION,Січ.23,1.23,MMM.YY → month.decimal_digits,2020-07-01_2020-09-30_output,deterministically_corrected
SWM_26939_20200915,26939,2020-09-15,Sulfat,TC001_TEXT_DATE_AUTOCONVERSION,21.Вер,21.09,DD.MMM → integer.month,2020-07-01_2020-09-30_output,deterministically_corrected
SWM_26946_20200713,26946,2020-07-13,Nitrat,TC001_TEXT_DATE_AUTOCONVERSION,01.Лют,1.02,DD.MMM → integer.month,2020-07-01_2020-09-30_output,deterministically_corrected
SWM_26946_20200805,26946,2020-08-05,Nitrat,TC001_TEXT_DATE_AUTOCONVERSION,Січ.26,1.26,MMM.YY → month.decimal_digits,2020-07-01_2020-09-30_output,deterministically_corrected
SWM_26983_20200811,26983,2020-08-11,Zavisli,TC001_TEXT_DATE_AUTOCONVERSION,11.Кві,11.04,DD.MMM → integer.month,2020-07-01_2020-09-30_output,deterministically_corrected
SWM_26983_20200811,26983,2020-08-11,Kisen,TC001_TEXT_DATE_AUTOCONVERSION,Лип.54,7.54,MMM.YY → month.decimal_digits,2020-07-01_2020-09-30_output,deterministically_corrected
SWM_26983_20200915,26983,2020-09-15,BSK5,TC001_TEXT_DATE_AUTOCONVERSION,Січ.77,1.77,MMM.YY → month.decimal_digits,2020-07-01_2020-09-30_output,deterministically_corrected
SWM_26988_20200713,26988,2020-07-13,BSK5,TC001_TEXT_DATE_AUTOCONVERSION,02.Тра,2.05,DD.MMM → integer.month,2020-07-01_2020-09-30_output,deterministically_corrected
SWM_26988_20200713,26988,2020-07-13,Nitrat,TC001_TEXT_DATE_AUTOCONVERSION,01.Тра,1.05,DD.MMM → integer.month,2020-07-01_2020-09-30_output,deterministically_corrected
SWM_26988_20200810,26988,2020-08-10,BSK5,TC001_TEXT_DATE_AUTOCONVERSION,02.Тра,2.05,DD.MMM → integer.month,2020-07-01_2020-09-30_output,deterministically_corrected
SWM_26988_20200810,26988,2020-08-10,Hlorid,TC001_TEXT_DATE_AUTOCONVERSION,11.Чер,11.06,DD.MMM → integer.month,2020-07-01_2020-09-30_output,deterministically_corrected
SWM_26988_20200810,26988,2020-08-10,Nitrat,TC001_TEXT_DATE_AUTOCONVERSION,01.Бер,1.03,DD.MMM → integer.month,2020-07-01_2020-09-30_output,deterministically_corrected
SWM_26988_20200914,26988,2020-09-14,BSK5,TC001_TEXT_DATE_AUTOCONVERSION,02.Тра,2.05,DD.MMM → integer.month,2020-07-01_2020-09-30_output,deterministically_corrected
SWM_26989_20200722,26989,2020-07-22,Zavisli,TC001_TEXT_DATE_AUTOCONVERSION,20.Тра,20.05,DD.MMM → integer.month,2020-07-01_2020-09-30_output,deterministically_corrected
SWM_26989_20200722,26989,2020-07-22,Kisen,TC001_TEXT_DATE_AUTOCONVERSION,Січ.76,1.76,MMM.YY → month.decimal_digits,2020-07-01_2020-09-30_output,deterministically_corrected
SWM_26989_20200722,26989,2020-07-22,Nitrat,TC001_TEXT_DATE_AUTOCONVERSION,Січ.24,1.24,MMM.YY → month.decimal_digits,2020-07-01_2020-09-30_output,deterministically_corrected
SWM_26989_20200722,26989,2020-07-22,Fosfat,TC001_TEXT_DATE_AUTOCONVERSION,07.Тра,7.05,DD.MMM → integer.month,2020-07-01_2020-09-30_output,deterministically_corrected
SWM_26991_20200714,26991,2020-07-14,Kisen,TC001_TEXT_DATE_AUTOCONVERSION,Лип.21,7.21,MMM.YY → month.decimal_digits,2020-07-01_2020-09-30_output,deterministically_corrected
SWM_26991_20200714,26991,2020-07-14,Nitrat,TC001_TEXT_DATE_AUTOCONVERSION,Січ.78,1.78,MMM.YY → month.decimal_digits,2020-07-01_2020-09-30_output,deterministically_corrected
SWM_26991_20200811,26991,2020-08-11,BSK5,TC001_TEXT_DATE_AUTOCONVERSION,Січ.77,1.77,MMM.YY → month.decimal_digits,2020-07-01_2020-09-30_output,deterministically_corrected
SWM_26991_20200811,26991,2020-08-11,Zavisli,TC001_TEXT_DATE_AUTOCONVERSION,12.Січ,12.01,DD.MMM → integer.month,2020-07-01_2020-09-30_output,deterministically_corrected
SWM_26991_20200811,26991,2020-08-11,Kisen,TC001_TEXT_DATE_AUTOCONVERSION,Лип.54,7.54,MMM.YY → month.decimal_digits,2020-07-01_2020-09-30_output,deterministically_corrected
SWM_26991_20200915,26991,2020-09-15,Zavisli,TC001_TEXT_DATE_AUTOCONVERSION,10.Чер,10.06,DD.MMM → integer.month,2020-07-01_2020-09-30_output,deterministically_corrected
SWM_26991_20200915,26991,2020-09-15,Hlorid,TC001_TEXT_DATE_AUTOCONVERSION,15.Лип,15.07,DD.MMM → integer.month,2020-07-01_2020-09-30_output,deterministically_corrected
SWM_26991_20200915,26991,2020-09-15,Nitrat,TC001_TEXT_DATE_AUTOCONVERSION,Січ.46,1.46,MMM.YY → month.decimal_digits,2020-07-01_2020-09-30_output,deterministically_corrected
SWM_26998_20200722,26998,2020-07-22,Fosfat,TC001_TEXT_DATE_AUTOCONVERSION,Січ.48,1.48,MMM.YY → month.decimal_digits,2020-07-01_2020-09-30_output,deterministically_corrected
SWM_27047_20200707,27047,2020-07-07,BSK5,TC001_TEXT_DATE_AUTOCONVERSION,02.Тра,2.05,DD.MMM → integer.month,2020-07-01_2020-09-30_output,deterministically_corrected
SWM_27047_20200707,27047,2020-07-07,Zavisli,TC001_TEXT_DATE_AUTOCONVERSION,08.Тра,8.05,DD.MMM → integer.month,2020-07-01_2020-09-30_output,deterministically_corrected
SWM_27047_20200804,27047,2020-08-04,BSK5,TC001_TEXT_DATE_AUTOCONVERSION,Кві.96,4.96,MMM.YY → month.decimal_digits,2020-07-01_2020-09-30_output,deterministically_corrected
SWM_27049_20200714,27049,2020-07-14,Fosfat,TC001_TEXT_DATE_AUTOCONVERSION,01.Сер,1.08,DD.MMM → integer.month,2020-07-01_2020-09-30_output,deterministically_corrected
SWM_27058_20200714,27058,2020-07-14,Nitrat,TC001_TEXT_DATE_AUTOCONVERSION,01.Лип,1.07,DD.MMM → integer.month,2020-07-01_2020-09-30_output,deterministically_corrected
SWM_27058_20200714,27058,2020-07-14,Fosfat,TC001_TEXT_DATE_AUTOCONVERSION,Січ.95,1.95,MMM.YY → month.decimal_digits,2020-07-01_2020-09-30_output,deterministically_corrected
SWM_27062_20200714,27062,2020-07-14,Nitrat,TC001_TEXT_DATE_AUTOCONVERSION,01.Сер,1.08,DD.MMM → integer.month,2020-07-01_2020-09-30_output,deterministically_corrected
SWM_27104_20200708,27104,2020-07-08,Kisen,TC001_TEXT_DATE_AUTOCONVERSION,06.Тра,6.05,DD.MMM → integer.month,2020-07-01_2020-09-30_output,deterministically_corrected
SWM_27118_20200812,27118,2020-08-12,BSK5,TC001_TEXT_DATE_AUTOCONVERSION,Бер.25,3.25,MMM.YY → month.decimal_digits,2020-07-01_2020-09-30_output,deterministically_corrected
SWM_27120_20200714,27120,2020-07-14,Nitrat,TC001_TEXT_DATE_AUTOCONVERSION,Січ.71,1.71,MMM.YY → month.decimal_digits,2020-07-01_2020-09-30_output,deterministically_corrected
SWM_27120_20200811,27120,2020-08-11,Zavisli,TC001_TEXT_DATE_AUTOCONVERSION,07.Тра,7.05,DD.MMM → integer.month,2020-07-01_2020-09-30_output,deterministically_corrected
SWM_27120_20200811,27120,2020-08-11,Nitrat,TC001_TEXT_DATE_AUTOCONVERSION,Січ.51,1.51,MMM.YY → month.decimal_digits,2020-07-01_2020-09-30_output,deterministically_corrected
SWM_27122_20200714,27122,2020-07-14,Nitrat,TC001_TEXT_DATE_AUTOCONVERSION,Січ.28,1.28,MMM.YY → month.decimal_digits,2020-07-01_2020-09-30_output,deterministically_corrected
SWM_27181_20200903,27181,2020-09-03,Azot,TC001_TEXT_DATE_AUTOCONVERSION,Січ.98,1.98,MMM.YY → month.decimal_digits,2020-07-01_2020-09-30_output,deterministically_corrected
SWM_27181_20200903,27181,2020-09-03,Kisen,TC001_TEXT_DATE_AUTOCONVERSION,Лип.96,7.96,MMM.YY → month.decimal_digits,2020-07-01_2020-09-30_output,deterministically_corrected
SWM_27181_20200903,27181,2020-09-03,Fosfat,TC001_TEXT_DATE_AUTOCONVERSION,Січ.22,1.22,MMM.YY → month.decimal_digits,2020-07-01_2020-09-30_output,deterministically_corrected
SWM_27185_20200728,27185,2020-07-28,Zavisli,TC001_TEXT_DATE_AUTOCONVERSION,15.Кві,15.04,DD.MMM → integer.month,2020-07-01_2020-09-30_output,deterministically_corrected
SWM_27185_20200826,27185,2020-08-26,Nitrat,TC001_TEXT_DATE_AUTOCONVERSION,06.Тра,6.05,DD.MMM → integer.month,2020-07-01_2020-09-30_output,deterministically_corrected
SWM_27185_20200928,27185,2020-09-28,BSK5,TC001_TEXT_DATE_AUTOCONVERSION,Бер.23,3.23,MMM.YY → month.decimal_digits,2020-07-01_2020-09-30_output,deterministically_corrected
SWM_27216_20200917,27216,2020-09-17,Hlorid,TC001_TEXT_DATE_AUTOCONVERSION,12.Кві,12.04,DD.MMM → integer.month,2020-07-01_2020-09-30_output,deterministically_corrected
SWM_27222_20200727,27222,2020-07-27,Nitrat,TC001_TEXT_DATE_AUTOCONVERSION,Лют.96,2.96,MMM.YY → month.decimal_digits,2020-07-01_2020-09-30_output,deterministically_corrected
SWM_27222_20200817,27222,2020-08-17,BSK5,TC001_TEXT_DATE_AUTOCONVERSION,Лют.48,2.48,MMM.YY → month.decimal_digits,2020-07-01_2020-09-30_output,deterministically_corrected
SWM_27222_20200817,27222,2020-08-17,HSK,TC001_TEXT_DATE_AUTOCONVERSION,12.Вер,12.09,DD.MMM → integer.month,2020-07-01_2020-09-30_output,deterministically_corrected
SWM_27222_20200921,27222,2020-09-21,Nitrat,TC001_TEXT_DATE_AUTOCONVERSION,Лют.23,2.23,MMM.YY → month.decimal_digits,2020-07-01_2020-09-30_output,deterministically_corrected
SWM_27242_20200729,27242,2020-07-29,HSK,TC001_TEXT_DATE_AUTOCONVERSION,10.Кві,10.04,DD.MMM → integer.month,2020-07-01_2020-09-30_output,deterministically_corrected
SWM_27242_20200817,27242,2020-08-17,BSK5,TC001_TEXT_DATE_AUTOCONVERSION,01.Сер,1.08,DD.MMM → integer.month,2020-07-01_2020-09-30_output,deterministically_corrected
SWM_27242_20200901,27242,2020-09-01,BSK5,TC001_TEXT_DATE_AUTOCONVERSION,01.Лип,1.07,DD.MMM → integer.month,2020-07-01_2020-09-30_output,deterministically_corrected
SWM_27246_20200714,27246,2020-07-14,Azot,TC001_TEXT_DATE_AUTOCONVERSION,01.Тра,1.05,DD.MMM → integer.month,2020-07-01_2020-09-30_output,deterministically_corrected
SWM_27246_20200902,27246,2020-09-02,BSK5,TC001_TEXT_DATE_AUTOCONVERSION,01.Сер,1.08,DD.MMM → integer.month,2020-07-01_2020-09-30_output,deterministically_corrected
SWM_27246_20200902,27246,2020-09-02,Zavisli,TC001_TEXT_DATE_AUTOCONVERSION,07.Тра,7.05,DD.MMM → integer.month,2020-07-01_2020-09-30_output,deterministically_corrected
SWM_27246_20200902,27246,2020-09-02,Nitrat,TC001_TEXT_DATE_AUTOCONVERSION,Тра.75,5.75,MMM.YY → month.decimal_digits,2020-07-01_2020-09-30_output,deterministically_corrected
SWM_27277_20200812,27277,2020-08-12,BSK5,TC001_TEXT_DATE_AUTOCONVERSION,03.Тра,3.05,DD.MMM → integer.month,2020-07-01_2020-09-30_output,deterministically_corrected
SWM_27277_20200812,27277,2020-08-12,HSK,TC001_TEXT_DATE_AUTOCONVERSION,08.Тра,8.05,DD.MMM → integer.month,2020-07-01_2020-09-30_output,deterministically_corrected
SWM_27277_20200909,27277,2020-09-09,Kisen,TC001_TEXT_DATE_AUTOCONVERSION,10.Січ,10.01,DD.MMM → integer.month,2020-07-01_2020-09-30_output,deterministically_corrected
SWM_27279_20200728,27279,2020-07-28,Hlorid,TC001_TEXT_DATE_AUTOCONVERSION,19.Тра,19.05,DD.MMM → integer.month,2020-07-01_2020-09-30_output,deterministically_corrected
SWM_27279_20200922,27279,2020-09-22,BSK5,TC001_TEXT_DATE_AUTOCONVERSION,01.Тра,1.05,DD.MMM → integer.month,2020-07-01_2020-09-30_output,deterministically_corrected
SWM_27279_20200922,27279,2020-09-22,Zavisli,TC001_TEXT_DATE_AUTOCONVERSION,08.Тра,8.05,DD.MMM → integer.month,2020-07-01_2020-09-30_output,deterministically_corrected
SWM_27280_20200714,27280,2020-07-14,Permanganat,TC001_TEXT_DATE_AUTOCONVERSION,03.Тра,3.05,DD.MMM → integer.month,2020-07-01_2020-09-30_output,deterministically_corrected
SWM_27282_20200909,27282,2020-09-09,Kisen,TC001_TEXT_DATE_AUTOCONVERSION,10.Кві,10.04,DD.MMM → integer.month,2020-07-01_2020-09-30_output,deterministically_corrected
SWM_27284_20200921,27284,2020-09-21,BSK5,TC001_TEXT_DATE_AUTOCONVERSION,02.Тра,2.05,DD.MMM → integer.month,2020-07-01_2020-09-30_output,deterministically_corrected
SWM_27285_20200826,27285,2020-08-26,Kisen,TC001_TEXT_DATE_AUTOCONVERSION,10.Вер,10.09,DD.MMM → integer.month,2020-07-01_2020-09-30_output,deterministically_corrected
SWM_27311_20200902,27311,2020-09-02,BSK5,TC001_TEXT_DATE_AUTOCONVERSION,Січ.28,1.28,MMM.YY → month.decimal_digits,2020-07-01_2020-09-30_output,deterministically_corrected
SWM_27312_20200701,27312,2020-07-01,BSK5,TC001_TEXT_DATE_AUTOCONVERSION,02.Кві,2.04,DD.MMM → integer.month,2020-07-01_2020-09-30_output,deterministically_corrected
SWM_27312_20200902,27312,2020-09-02,BSK5,TC001_TEXT_DATE_AUTOCONVERSION,01.Лют,1.02,DD.MMM → integer.month,2020-07-01_2020-09-30_output,deterministically_corrected
SWM_27312_20200902,27312,2020-09-02,Nitrat,TC001_TEXT_DATE_AUTOCONVERSION,Лют.96,2.96,MMM.YY → month.decimal_digits,2020-07-01_2020-09-30_output,deterministically_corrected
SWM_27314_20200706,27314,2020-07-06,Kisen,TC001_TEXT_DATE_AUTOCONVERSION,09.Тра,9.05,DD.MMM → integer.month,2020-07-01_2020-09-30_output,deterministically_corrected
SWM_27314_20200810,27314,2020-08-10,Kisen,TC001_TEXT_DATE_AUTOCONVERSION,10.Кві,10.04,DD.MMM → integer.month,2020-07-01_2020-09-30_output,deterministically_corrected
SWM_27314_20200907,27314,2020-09-07,Kisen,TC001_TEXT_DATE_AUTOCONVERSION,10.Тра,10.05,DD.MMM → integer.month,2020-07-01_2020-09-30_output,deterministically_corrected
SWM_27315_20200907,27315,2020-09-07,Amoniy,TC001_TEXT_DATE_AUTOCONVERSION,01.Січ,1.01,DD.MMM → integer.month,2020-07-01_2020-09-30_output,deterministically_corrected
SWM_27351_20200817,27351,2020-08-17,Kisen,TC001_TEXT_DATE_AUTOCONVERSION,06.Тра,6.05,DD.MMM → integer.month,2020-07-01_2020-09-30_output,deterministically_corrected
SWM_27372_20200715,27372,2020-07-15,BSK5,TC001_TEXT_DATE_AUTOCONVERSION,Бер.21,3.21,MMM.YY → month.decimal_digits,2020-07-01_2020-09-30_output,deterministically_corrected
SWM_27568_20200713,27568,2020-07-13,Nitrat,TC001_TEXT_DATE_AUTOCONVERSION,01.Тра,1.05,DD.MMM → integer.month,2020-07-01_2020-09-30_output,deterministically_corrected
SWM_27568_20200810,27568,2020-08-10,Fosfat,TC001_TEXT_DATE_AUTOCONVERSION,Бер.46,3.46,MMM.YY → month.decimal_digits,2020-07-01_2020-09-30_output,deterministically_corrected
SWM_27568_20200810,27568,2020-08-10,HSK,TC001_TEXT_DATE_AUTOCONVERSION,29.Тра,29.05,DD.MMM → integer.month,2020-07-01_2020-09-30_output,deterministically_corrected
SWM_27573_20200908,27573,2020-09-08,Zavisli,TC001_TEXT_DATE_AUTOCONVERSION,11.Січ,11.01,DD.MMM → integer.month,2020-07-01_2020-09-30_output,deterministically_corrected
SWM_27573_20200908,27573,2020-09-08,Kisen,TC001_TEXT_DATE_AUTOCONVERSION,Лип.54,7.54,MMM.YY → month.decimal_digits,2020-07-01_2020-09-30_output,deterministically_corrected
SWM_27610_20200701,27610,2020-07-01,BSK5,TC001_TEXT_DATE_AUTOCONVERSION,Лют.29,2.29,MMM.YY → month.decimal_digits,2020-07-01_2020-09-30_output,deterministically_corrected
SWM_27610_20200811,27610,2020-08-11,BSK5,TC001_TEXT_DATE_AUTOCONVERSION,Лют.48,2.48,MMM.YY → month.decimal_digits,2020-07-01_2020-09-30_output,deterministically_corrected
SWM_27612_20200703,27612,2020-07-03,Kisen,TC001_TEXT_DATE_AUTOCONVERSION,Лют.96,2.96,MMM.YY → month.decimal_digits,2020-07-01_2020-09-30_output,deterministically_corrected
SWM_27614_20200706,27614,2020-07-06,Azot,TC001_TEXT_DATE_AUTOCONVERSION,01.Лип,1.07,DD.MMM → integer.month,2020-07-01_2020-09-30_output,deterministically_corrected
SWM_27614_20200804,27614,2020-08-04,BSK5,TC001_TEXT_DATE_AUTOCONVERSION,01.Бер,1.03,DD.MMM → integer.month,2020-07-01_2020-09-30_output,deterministically_corrected
SWM_27614_20200804,27614,2020-08-04,Kisen,TC001_TEXT_DATE_AUTOCONVERSION,09.Тра,9.05,DD.MMM → integer.month,2020-07-01_2020-09-30_output,deterministically_corrected
SWM_27614_20200922,27614,2020-09-22,Azot,TC001_TEXT_DATE_AUTOCONVERSION,01.Тра,1.05,DD.MMM → integer.month,2020-07-01_2020-09-30_output,deterministically_corrected
SWM_27614_20200922,27614,2020-09-22,BSK5,TC001_TEXT_DATE_AUTOCONVERSION,01.Лют,1.02,DD.MMM → integer.month,2020-07-01_2020-09-30_output,deterministically_corrected
SWM_27616_20200812,27616,2020-08-12,BSK5,TC001_TEXT_DATE_AUTOCONVERSION,01.Тра,1.05,DD.MMM → integer.month,2020-07-01_2020-09-30_output,deterministically_corrected
SWM_27616_20200923,27616,2020-09-23,Azot,TC001_TEXT_DATE_AUTOCONVERSION,01.Бер,1.03,DD.MMM → integer.month,2020-07-01_2020-09-30_output,deterministically_corrected
SWM_27620_20200826,27620,2020-08-26,Kisen,TC001_TEXT_DATE_AUTOCONVERSION,08.Тра,8.05,DD.MMM → integer.month,2020-07-01_2020-09-30_output,deterministically_corrected
SWM_27620_20200915,27620,2020-09-15,BSK5,TC001_TEXT_DATE_AUTOCONVERSION,01.Бер,1.03,DD.MMM → integer.month,2020-07-01_2020-09-30_output,deterministically_corrected
SWM_27620_20200915,27620,2020-09-15,Nitrat,TC001_TEXT_DATE_AUTOCONVERSION,Січ.77,1.77,MMM.YY → month.decimal_digits,2020-07-01_2020-09-30_output,deterministically_corrected
SWM_27620_20200915,27620,2020-09-15,HSK,TC001_TEXT_DATE_AUTOCONVERSION,08.Тра,8.05,DD.MMM → integer.month,2020-07-01_2020-09-30_output,deterministically_corrected
SWM_27622_20200706,27622,2020-07-06,Azot,TC001_TEXT_DATE_AUTOCONVERSION,01.Бер,1.03,DD.MMM → integer.month,2020-07-01_2020-09-30_output,deterministically_corrected
SWM_27622_20200908,27622,2020-09-08,Azot,TC001_TEXT_DATE_AUTOCONVERSION,01.Лип,1.07,DD.MMM → integer.month,2020-07-01_2020-09-30_output,deterministically_corrected
SWM_27632_20200812,27632,2020-08-12,Hlorid,TC001_TEXT_DATE_AUTOCONVERSION,04.Тра,4.05,DD.MMM → integer.month,2020-07-01_2020-09-30_output,deterministically_corrected
SWM_27632_20200812,27632,2020-08-12,Permanganat,TC001_TEXT_DATE_AUTOCONVERSION,01.Лип,1.07,DD.MMM → integer.month,2020-07-01_2020-09-30_output,deterministically_corrected
SWM_27632_20200909,27632,2020-09-09,Kisen,TC001_TEXT_DATE_AUTOCONVERSION,10.Вер,10.09,DD.MMM → integer.month,2020-07-01_2020-09-30_output,deterministically_corrected
SWM_27806_20200921,27806,2020-09-21,Kisen,TC001_TEXT_DATE_AUTOCONVERSION,11.Тра,11.05,DD.MMM → integer.month,2020-07-01_2020-09-30_output,deterministically_corrected
SWM_27837_20200917,27837,2020-09-17,Fosfat,TC001_TEXT_DATE_AUTOCONVERSION,02.Кві,2.04,DD.MMM → integer.month,2020-07-01_2020-09-30_output,deterministically_corrected
SWM_27841_20200708,27841,2020-07-08,Amoniy,TC001_TEXT_DATE_AUTOCONVERSION,Січ.29,1.29,MMM.YY → month.decimal_digits,2020-07-01_2020-09-30_output,deterministically_corrected
SWM_27841_20200806,27841,2020-08-06,BSK5,TC001_TEXT_DATE_AUTOCONVERSION,03.Кві,3.04,DD.MMM → integer.month,2020-07-01_2020-09-30_output,deterministically_corrected
SWM_26950_20200709,26950,2020-07-09,Zavisli,TC001_TEXT_DATE_AUTOCONVERSION,12.Тра,12.05,DD.MMM → integer.month,2020-07-01_2020-09-30_output,deterministically_corrected
SWM_26950_20200709,26950,2020-07-09,Sulfat,TC001_TEXT_DATE_AUTOCONVERSION,15.Кві,15.04,DD.MMM → integer.month,2020-07-01_2020-09-30_output,deterministically_corrected
SWM_26950_20200709,26950,2020-07-09,Nitrat,TC001_TEXT_DATE_AUTOCONVERSION,Січ.49,1.49,MMM.YY → month.decimal_digits,2020-07-01_2020-09-30_output,deterministically_corrected
SWM_26950_20200709,26950,2020-07-09,HSK,TC001_TEXT_DATE_AUTOCONVERSION,12.Тра,12.05,DD.MMM → integer.month,2020-07-01_2020-09-30_output,deterministically_corrected
SWM_27062_20200812,27062,2020-08-12,Fosfat,TC001_TEXT_DATE_AUTOCONVERSION,Січ.95,1.95,MMM.YY → month.decimal_digits,2020-07-01_2020-09-30_output,deterministically_corrected
SWM_27247_20200714,27247,2020-07-14,Azot,TC001_TEXT_DATE_AUTOCONVERSION,01.Лют,1.02,DD.MMM → integer.month,2020-07-01_2020-09-30_output,deterministically_corrected
SWM_27247_20200714,27247,2020-07-14,Kisen,TC001_TEXT_DATE_AUTOCONVERSION,10.Січ,10.01,DD.MMM → integer.month,2020-07-01_2020-09-30_output,deterministically_corrected
SWM_27576_20200713,27576,2020-07-13,BSK5,TC001_TEXT_DATE_AUTOCONVERSION,02.Тра,2.05,DD.MMM → integer.month,2020-07-01_2020-09-30_output,deterministically_corrected
SWM_27769_20200701,27769,2020-07-01,BSK5,TC001_TEXT_DATE_AUTOCONVERSION,Бер.48,3.48,MMM.YY → month.decimal_digits,2020-07-01_2020-09-30_output,deterministically_corrected
SWM_27769_20200701,27769,2020-07-01,Sulfat,TC001_TEXT_DATE_AUTOCONVERSION,12.Тра,12.05,DD.MMM → integer.month,2020-07-01_2020-09-30_output,deterministically_corrected
SWM_27843_20200708,27843,2020-07-08,Amoniy,TC001_TEXT_DATE_AUTOCONVERSION,Січ.95,1.95,MMM.YY → month.decimal_digits,2020-07-01_2020-09-30_output,deterministically_corrected
SWM_27292_20200803,27292,2020-08-03,BSK5,TC001_TEXT_DATE_AUTOCONVERSION,01.Лип,1.07,DD.MMM → integer.month,2020-07-01_2020-09-30_output,deterministically_corrected
SWM_27292_20200803,27292,2020-08-03,Kisen,TC001_TEXT_DATE_AUTOCONVERSION,10.Січ,10.01,DD.MMM → integer.month,2020-07-01_2020-09-30_output,deterministically_corrected
SWM_27292_20200915,27292,2020-09-15,Permanganat,TC001_TEXT_DATE_AUTOCONVERSION,02.Тра,2.05,DD.MMM → integer.month,2020-07-01_2020-09-30_output,deterministically_corrected
SWM_27299_20200714,27299,2020-07-14,BSK5,TC001_TEXT_DATE_AUTOCONVERSION,01.Тра,1.05,DD.MMM → integer.month,2020-07-01_2020-09-30_output,deterministically_corrected
SWM_27299_20200714,27299,2020-07-14,Kisen,TC001_TEXT_DATE_AUTOCONVERSION,10.Тра,10.05,DD.MMM → integer.month,2020-07-01_2020-09-30_output,deterministically_corrected
SWM_27299_20200714,27299,2020-07-14,Sulfat,TC001_TEXT_DATE_AUTOCONVERSION,13.Тра,13.05,DD.MMM → integer.month,2020-07-01_2020-09-30_output,deterministically_corrected
SWM_27299_20200714,27299,2020-07-14,Hlorid,TC001_TEXT_DATE_AUTOCONVERSION,03.Тра,3.05,DD.MMM → integer.month,2020-07-01_2020-09-30_output,deterministically_corrected
SWM_27299_20200915,27299,2020-09-15,BSK5,TC001_TEXT_DATE_AUTOCONVERSION,01.Бер,1.03,DD.MMM → integer.month,2020-07-01_2020-09-30_output,deterministically_corrected
SWM_27299_20200915,27299,2020-09-15,Kisen,TC001_TEXT_DATE_AUTOCONVERSION,10.Січ,10.01,DD.MMM → integer.month,2020-07-01_2020-09-30_output,deterministically_corrected
SWM_27299_20200915,27299,2020-09-15,Sulfat,TC001_TEXT_DATE_AUTOCONVERSION,10.Січ,10.01,DD.MMM → integer.month,2020-07-01_2020-09-30_output,deterministically_corrected
SWM_27300_20200714,27300,2020-07-14,BSK5,TC001_TEXT_DATE_AUTOCONVERSION,03.Тра,3.05,DD.MMM → integer.month,2020-07-01_2020-09-30_output,deterministically_corrected
SWM_27301_20200714,27301,2020-07-14,Sulfat,TC001_TEXT_DATE_AUTOCONVERSION,13.Кві,13.04,DD.MMM → integer.month,2020-07-01_2020-09-30_output,deterministically_corrected
SWM_27301_20200803,27301,2020-08-03,Zavisli,TC001_TEXT_DATE_AUTOCONVERSION,04.Тра,4.05,DD.MMM → integer.month,2020-07-01_2020-09-30_output,deterministically_corrected
SWM_27301_20200915,27301,2020-09-15,BSK5,TC001_TEXT_DATE_AUTOCONVERSION,01.Лют,1.02,DD.MMM → integer.month,2020-07-01_2020-09-30_output,deterministically_corrected
SWM_27301_20200915,27301,2020-09-15,Kisen,TC001_TEXT_DATE_AUTOCONVERSION,10.Тра,10.05,DD.MMM → integer.month,2020-07-01_2020-09-30_output,deterministically_corrected
SWM_27301_20200915,27301,2020-09-15,Permanganat,TC001_TEXT_DATE_AUTOCONVERSION,01.Тра,1.05,DD.MMM → integer.month,2020-07-01_2020-09-30_output,deterministically_corrected
SWM_27317_20200706,27317,2020-07-06,BSK5,TC001_TEXT_DATE_AUTOCONVERSION,08.Тра,8.05,DD.MMM → integer.month,2020-07-01_2020-09-30_output,deterministically_corrected
SWM_27318_20200706,27318,2020-07-06,BSK5,TC001_TEXT_DATE_AUTOCONVERSION,12.Січ,12.01,DD.MMM → integer.month,2020-07-01_2020-09-30_output,deterministically_corrected
SWM_27318_20200706,27318,2020-07-06,Kisen,TC001_TEXT_DATE_AUTOCONVERSION,12.Чер,12.06,DD.MMM → integer.month,2020-07-01_2020-09-30_output,deterministically_corrected
SWM_27318_20200907,27318,2020-09-07,BSK5,TC001_TEXT_DATE_AUTOCONVERSION,03.Тра,3.05,DD.MMM → integer.month,2020-07-01_2020-09-30_output,deterministically_corrected
SWM_27318_20200907,27318,2020-09-07,Kisen,TC001_TEXT_DATE_AUTOCONVERSION,08.Тра,8.05,DD.MMM → integer.month,2020-07-01_2020-09-30_output,deterministically_corrected
SWM_27320_20200713,27320,2020-07-13,Kisen,TC001_TEXT_DATE_AUTOCONVERSION,11.Тра,11.05,DD.MMM → integer.month,2020-07-01_2020-09-30_output,deterministically_corrected
SWM_27320_20200915,27320,2020-09-15,Amoniy,TC001_TEXT_DATE_AUTOCONVERSION,01.Лют,1.02,DD.MMM → integer.month,2020-07-01_2020-09-30_output,deterministically_corrected
SWM_27326_20200915,27326,2020-09-15,Azot,TC001_TEXT_DATE_AUTOCONVERSION,Січ.24,1.24,MMM.YY → month.decimal_digits,2020-07-01_2020-09-30_output,deterministically_corrected
SWM_27326_20200915,27326,2020-09-15,Kisen,TC001_TEXT_DATE_AUTOCONVERSION,07.Тра,7.05,DD.MMM → integer.month,2020-07-01_2020-09-30_output,deterministically_corrected
SWM_27328_20200713,27328,2020-07-13,BSK5,TC001_TEXT_DATE_AUTOCONVERSION,03.Тра,3.05,DD.MMM → integer.month,2020-07-01_2020-09-30_output,deterministically_corrected
SWM_27330_20200715,27330,2020-07-15,Amoniy,TC001_TEXT_DATE_AUTOCONVERSION,Бер.77,3.77,MMM.YY → month.decimal_digits,2020-07-01_2020-09-30_output,deterministically_corrected
SWM_27576_20200810,27576,2020-08-10,BSK5,TC001_TEXT_DATE_AUTOCONVERSION,02.Тра,2.05,DD.MMM → integer.month,2020-07-01_2020-09-30_output,deterministically_corrected
SWM_27576_20200810,27576,2020-08-10,Hlorid,TC001_TEXT_DATE_AUTOCONVERSION,Лис.93,11.93,MMM.YY → month.decimal_digits,2020-07-01_2020-09-30_output,deterministically_corrected
SWM_27576_20200914,27576,2020-09-14,Hlorid,TC001_TEXT_DATE_AUTOCONVERSION,14.Кві,14.04,DD.MMM → integer.month,2020-07-01_2020-09-30_output,deterministically_corrected
SWM_27577_20200818,27577,2020-08-18,Zavisli,TC001_TEXT_DATE_AUTOCONVERSION,08.Тра,8.05,DD.MMM → integer.month,2020-07-01_2020-09-30_output,deterministically_corrected
SWM_27577_20200818,27577,2020-08-18,Nitrat,TC001_TEXT_DATE_AUTOCONVERSION,01.Кві,1.04,DD.MMM → integer.month,2020-07-01_2020-09-30_output,deterministically_corrected
SWM_27577_20200922,27577,2020-09-22,Zavisli,TC001_TEXT_DATE_AUTOCONVERSION,12.Вер,12.09,DD.MMM → integer.month,2020-07-01_2020-09-30_output,deterministically_corrected
SWM_27578_20200707,27578,2020-07-07,HSK,TC001_TEXT_DATE_AUTOCONVERSION,26.Тра,26.05,DD.MMM → integer.month,2020-07-01_2020-09-30_output,deterministically_corrected
SWM_27578_20200811,27578,2020-08-11,Nitrat,TC001_TEXT_DATE_AUTOCONVERSION,Лют.75,2.75,MMM.YY → month.decimal_digits,2020-07-01_2020-09-30_output,deterministically_corrected
SWM_27578_20200908,27578,2020-09-08,HSK,TC001_TEXT_DATE_AUTOCONVERSION,23.Тра,23.05,DD.MMM → integer.month,2020-07-01_2020-09-30_output,deterministically_corrected
SWM_27580_20200915,27580,2020-09-15,HSK,TC001_TEXT_DATE_AUTOCONVERSION,24.Тра,24.05,DD.MMM → integer.month,2020-07-01_2020-09-30_output,deterministically_corrected
SWM_27584_20200703,27584,2020-07-03,HSK,TC001_TEXT_DATE_AUTOCONVERSION,19.Тра,19.05,DD.MMM → integer.month,2020-07-01_2020-09-30_output,deterministically_corrected
SWM_27584_20200803,27584,2020-08-03,HSK,TC001_TEXT_DATE_AUTOCONVERSION,19.Тра,19.05,DD.MMM → integer.month,2020-07-01_2020-09-30_output,deterministically_corrected
SWM_27584_20200907,27584,2020-09-07,Nitrat,TC001_TEXT_DATE_AUTOCONVERSION,01.Бер,1.03,DD.MMM → integer.month,2020-07-01_2020-09-30_output,deterministically_corrected
SWM_27769_20200805,27769,2020-08-05,Sulfat,TC001_TEXT_DATE_AUTOCONVERSION,14.Кві,14.04,DD.MMM → integer.month,2020-07-01_2020-09-30_output,deterministically_corrected
SWM_27769_20200805,27769,2020-08-05,Hlorid,TC001_TEXT_DATE_AUTOCONVERSION,15.Січ,15.01,DD.MMM → integer.month,2020-07-01_2020-09-30_output,deterministically_corrected
SWM_27769_20200902,27769,2020-09-02,Sulfat,TC001_TEXT_DATE_AUTOCONVERSION,15.Кві,15.04,DD.MMM → integer.month,2020-07-01_2020-09-30_output,deterministically_corrected
SWM_27843_20200811,27843,2020-08-11,Azot,TC001_TEXT_DATE_AUTOCONVERSION,02.Тра,2.05,DD.MMM → integer.month,2020-07-01_2020-09-30_output,deterministically_corrected
SWM_27847_20200805,27847,2020-08-05,Nitrat,TC001_TEXT_DATE_AUTOCONVERSION,Січ.48,1.48,MMM.YY → month.decimal_digits,2020-07-01_2020-09-30_output,deterministically_corrected
SWM_27847_20200902,27847,2020-09-02,Nitrat,TC001_TEXT_DATE_AUTOCONVERSION,Січ.22,1.22,MMM.YY → month.decimal_digits,2020-07-01_2020-09-30_output,deterministically_corrected
SWM_26950_20200826,26950,2020-08-26,Zavisli,TC001_TEXT_DATE_AUTOCONVERSION,15.Тра,15.05,DD.MMM → integer.month,2020-07-01_2020-09-30_output,deterministically_corrected
SWM_26950_20200826,26950,2020-08-26,Sulfat,TC001_TEXT_DATE_AUTOCONVERSION,Лис.67,11.67,MMM.YY → month.decimal_digits,2020-07-01_2020-09-30_output,deterministically_corrected
SWM_26950_20200826,26950,2020-08-26,HSK,TC001_TEXT_DATE_AUTOCONVERSION,09.Тра,9.05,DD.MMM → integer.month,2020-07-01_2020-09-30_output,deterministically_corrected
SWM_26950_20200917,26950,2020-09-17,BSK5,TC001_TEXT_DATE_AUTOCONVERSION,05.Тра,5.05,DD.MMM → integer.month,2020-07-01_2020-09-30_output,deterministically_corrected
SWM_26950_20200917,26950,2020-09-17,Sulfat,TC001_TEXT_DATE_AUTOCONVERSION,15.Чер,15.06,DD.MMM → integer.month,2020-07-01_2020-09-30_output,deterministically_corrected
SWM_26951_20200710,26951,2020-07-10,BSK5,TC001_TEXT_DATE_AUTOCONVERSION,03.Кві,3.04,DD.MMM → integer.month,2020-07-01_2020-09-30_output,deterministically_corrected
SWM_26951_20200909,26951,2020-09-09,BSK5,TC001_TEXT_DATE_AUTOCONVERSION,Лют.96,2.96,MMM.YY → month.decimal_digits,2020-07-01_2020-09-30_output,deterministically_corrected
SWM_26954_20200709,26954,2020-07-09,Zavisli,TC001_TEXT_DATE_AUTOCONVERSION,20.Тра,20.05,DD.MMM → integer.month,2020-07-01_2020-09-30_output,deterministically_corrected
SWM_26954_20200709,26954,2020-07-09,Sulfat,TC001_TEXT_DATE_AUTOCONVERSION,15.Січ,15.01,DD.MMM → integer.month,2020-07-01_2020-09-30_output,deterministically_corrected
SWM_26954_20200826,26954,2020-08-26,Nitrat,TC001_TEXT_DATE_AUTOCONVERSION,Січ.24,1.24,MMM.YY → month.decimal_digits,2020-07-01_2020-09-30_output,deterministically_corrected
SWM_26954_20200826,26954,2020-08-26,HSK,TC001_TEXT_DATE_AUTOCONVERSION,22.Тра,22.05,DD.MMM → integer.month,2020-07-01_2020-09-30_output,deterministically_corrected
SWM_26954_20200917,26954,2020-09-17,Sulfat,TC001_TEXT_DATE_AUTOCONVERSION,21.Тра,21.05,DD.MMM → integer.month,2020-07-01_2020-09-30_output,deterministically_corrected
SWM_26954_20200917,26954,2020-09-17,Nitrat,TC001_TEXT_DATE_AUTOCONVERSION,Січ.71,1.71,MMM.YY → month.decimal_digits,2020-07-01_2020-09-30_output,deterministically_corrected
SWM_26954_20200917,26954,2020-09-17,Permanganat,TC001_TEXT_DATE_AUTOCONVERSION,05.Кві,5.04,DD.MMM → integer.month,2020-07-01_2020-09-30_output,deterministically_corrected
SWM_26955_20200713,26955,2020-07-13,Hlorid,TC001_TEXT_DATE_AUTOCONVERSION,15.Чер,15.06,DD.MMM → integer.month,2020-07-01_2020-09-30_output,deterministically_corrected
SWM_26955_20200914,26955,2020-09-14,Hlorid,TC001_TEXT_DATE_AUTOCONVERSION,Кві.96,4.96,MMM.YY → month.decimal_digits,2020-07-01_2020-09-30_output,deterministically_corrected
SWM_26955_20200914,26955,2020-09-14,HSK,TC001_TEXT_DATE_AUTOCONVERSION,28.Лют,28.02,DD.MMM → integer.month,2020-07-01_2020-09-30_output,deterministically_corrected
SWM_26956_20200905,26956,2020-09-05,BSK5,TC001_TEXT_DATE_AUTOCONVERSION,Кві.21,4.21,MMM.YY → month.decimal_digits,2020-07-01_2020-09-30_output,deterministically_corrected
SWM_26956_20200905,26956,2020-09-05,Kisen,TC001_TEXT_DATE_AUTOCONVERSION,07.Кві,7.04,DD.MMM → integer.month,2020-07-01_2020-09-30_output,deterministically_corrected
SWM_26956_20200905,26956,2020-09-05,HSK,TC001_TEXT_DATE_AUTOCONVERSION,29.Вер,29.09,DD.MMM → integer.month,2020-07-01_2020-09-30_output,deterministically_corrected
SWM_26998_20200921,26998,2020-09-21,BSK5,TC001_TEXT_DATE_AUTOCONVERSION,01.Сер,1.08,DD.MMM → integer.month,2020-07-01_2020-09-30_output,deterministically_corrected
SWM_27003_20200722,27003,2020-07-22,Fosfat,TC001_TEXT_DATE_AUTOCONVERSION,Січ.23,1.23,MMM.YY → month.decimal_digits,2020-07-01_2020-09-30_output,deterministically_corrected
SWM_27003_20200818,27003,2020-08-18,Zavisli,TC001_TEXT_DATE_AUTOCONVERSION,08.Тра,8.05,DD.MMM → integer.month,2020-07-01_2020-09-30_output,deterministically_corrected
SWM_27003_20200818,27003,2020-08-18,Sulfat,TC001_TEXT_DATE_AUTOCONVERSION,10.Вер,10.09,DD.MMM → integer.month,2020-07-01_2020-09-30_output,deterministically_corrected
SWM_27006_20200713,27006,2020-07-13,BSK5,TC001_TEXT_DATE_AUTOCONVERSION,Січ.76,1.76,MMM.YY → month.decimal_digits,2020-07-01_2020-09-30_output,deterministically_corrected
SWM_27006_20200713,27006,2020-07-13,Zavisli,TC001_TEXT_DATE_AUTOCONVERSION,10.Січ,10.01,DD.MMM → integer.month,2020-07-01_2020-09-30_output,deterministically_corrected
SWM_27006_20200713,27006,2020-07-13,Hlorid,TC001_TEXT_DATE_AUTOCONVERSION,Лис.52,11.52,MMM.YY → month.decimal_digits,2020-07-01_2020-09-30_output,deterministically_corrected
SWM_27006_20200713,27006,2020-07-13,Nitrat,TC001_TEXT_DATE_AUTOCONVERSION,Січ.29,1.29,MMM.YY → month.decimal_digits,2020-07-01_2020-09-30_output,deterministically_corrected
SWM_27006_20200810,27006,2020-08-10,Hlorid,TC001_TEXT_DATE_AUTOCONVERSION,Вер.75,9.75,MMM.YY → month.decimal_digits,2020-07-01_2020-09-30_output,deterministically_corrected
SWM_27006_20200810,27006,2020-08-10,Nitrat,TC001_TEXT_DATE_AUTOCONVERSION,Січ.47,1.47,MMM.YY → month.decimal_digits,2020-07-01_2020-09-30_output,deterministically_corrected
SWM_27006_20200913,27006,2020-09-13,Zavisli,TC001_TEXT_DATE_AUTOCONVERSION,09.Тра,9.05,DD.MMM → integer.month,2020-07-01_2020-09-30_output,deterministically_corrected
SWM_27008_20200714,27008,2020-07-14,Zavisli,TC001_TEXT_DATE_AUTOCONVERSION,10.Кві,10.04,DD.MMM → integer.month,2020-07-01_2020-09-30_output,deterministically_corrected
SWM_27008_20200714,27008,2020-07-14,Hlorid,TC001_TEXT_DATE_AUTOCONVERSION,Лис.52,11.52,MMM.YY → month.decimal_digits,2020-07-01_2020-09-30_output,deterministically_corrected
SWM_27008_20200714,27008,2020-07-14,Nitrat,TC001_TEXT_DATE_AUTOCONVERSION,Січ.52,1.52,MMM.YY → month.decimal_digits,2020-07-01_2020-09-30_output,deterministically_corrected
SWM_27008_20200810,27008,2020-08-10,BSK5,TC001_TEXT_DATE_AUTOCONVERSION,Січ.75,1.75,MMM.YY → month.decimal_digits,2020-07-01_2020-09-30_output,deterministically_corrected
SWM_27008_20200810,27008,2020-08-10,Zavisli,TC001_TEXT_DATE_AUTOCONVERSION,12.Січ,12.01,DD.MMM → integer.month,2020-07-01_2020-09-30_output,deterministically_corrected
SWM_27008_20200810,27008,2020-08-10,Kisen,TC001_TEXT_DATE_AUTOCONVERSION,Лип.29,7.29,MMM.YY → month.decimal_digits,2020-07-01_2020-09-30_output,deterministically_corrected
SWM_27008_20200810,27008,2020-08-10,Hlorid,TC001_TEXT_DATE_AUTOCONVERSION,Вер.75,9.75,MMM.YY → month.decimal_digits,2020-07-01_2020-09-30_output,deterministically_corrected
SWM_27008_20200915,27008,2020-09-15,Hlorid,TC001_TEXT_DATE_AUTOCONVERSION,Вер.75,9.75,MMM.YY → month.decimal_digits,2020-07-01_2020-09-30_output,deterministically_corrected
SWM_27009_20200713,27009,2020-07-13,Hlorid,TC001_TEXT_DATE_AUTOCONVERSION,15.Лип,15.07,DD.MMM → integer.month,2020-07-01_2020-09-30_output,deterministically_corrected
SWM_27009_20200713,27009,2020-07-13,Nitrat,TC001_TEXT_DATE_AUTOCONVERSION,Січ.52,1.52,MMM.YY → month.decimal_digits,2020-07-01_2020-09-30_output,deterministically_corrected
SWM_27009_20200810,27009,2020-08-10,Zavisli,TC001_TEXT_DATE_AUTOCONVERSION,10.Кві,10.04,DD.MMM → integer.month,2020-07-01_2020-09-30_output,deterministically_corrected
SWM_27009_20200810,27009,2020-08-10,Hlorid,TC001_TEXT_DATE_AUTOCONVERSION,Лис.52,11.52,MMM.YY → month.decimal_digits,2020-07-01_2020-09-30_output,deterministically_corrected
SWM_27009_20200913,27009,2020-09-13,BSK5,TC001_TEXT_DATE_AUTOCONVERSION,Січ.72,1.72,MMM.YY → month.decimal_digits,2020-07-01_2020-09-30_output,deterministically_corrected
SWM_27009_20200913,27009,2020-09-13,Hlorid,TC001_TEXT_DATE_AUTOCONVERSION,Вер.75,9.75,MMM.YY → month.decimal_digits,2020-07-01_2020-09-30_output,deterministically_corrected
SWM_27009_20200913,27009,2020-09-13,Nitrat,TC001_TEXT_DATE_AUTOCONVERSION,Січ.29,1.29,MMM.YY → month.decimal_digits,2020-07-01_2020-09-30_output,deterministically_corrected
SWM_27068_20200707,27068,2020-07-07,BSK5,TC001_TEXT_DATE_AUTOCONVERSION,Бер.54,3.54,MMM.YY → month.decimal_digits,2020-07-01_2020-09-30_output,deterministically_corrected
SWM_27068_20200910,27068,2020-09-10,Zavisli,TC001_TEXT_DATE_AUTOCONVERSION,18.Тра,18.05,DD.MMM → integer.month,2020-07-01_2020-09-30_output,deterministically_corrected
SWM_27071_20200707,27071,2020-07-07,Zavisli,TC001_TEXT_DATE_AUTOCONVERSION,07.Тра,7.05,DD.MMM → integer.month,2020-07-01_2020-09-30_output,deterministically_corrected
SWM_27071_20200804,27071,2020-08-04,BSK5,TC001_TEXT_DATE_AUTOCONVERSION,Бер.73,3.73,MMM.YY → month.decimal_digits,2020-07-01_2020-09-30_output,deterministically_corrected
SWM_27071_20200804,27071,2020-08-04,Nitrat,TC001_TEXT_DATE_AUTOCONVERSION,Січ.52,1.52,MMM.YY → month.decimal_digits,2020-07-01_2020-09-30_output,deterministically_corrected
SWM_27071_20200901,27071,2020-09-01,Zavisli,TC001_TEXT_DATE_AUTOCONVERSION,13.Тра,13.05,DD.MMM → integer.month,2020-07-01_2020-09-30_output,deterministically_corrected
SWM_27071_20200901,27071,2020-09-01,Kisen,TC001_TEXT_DATE_AUTOCONVERSION,Лип.21,7.21,MMM.YY → month.decimal_digits,2020-07-01_2020-09-30_output,deterministically_corrected
SWM_27072_20200707,27072,2020-07-07,BSK5,TC001_TEXT_DATE_AUTOCONVERSION,03.Кві,3.04,DD.MMM → integer.month,2020-07-01_2020-09-30_output,deterministically_corrected
SWM_27072_20200804,27072,2020-08-04,Zavisli,TC001_TEXT_DATE_AUTOCONVERSION,10.Вер,10.09,DD.MMM → integer.month,2020-07-01_2020-09-30_output,deterministically_corrected
SWM_27072_20200804,27072,2020-08-04,Nitrat,TC001_TEXT_DATE_AUTOCONVERSION,Січ.29,1.29,MMM.YY → month.decimal_digits,2020-07-01_2020-09-30_output,deterministically_corrected
SWM_27072_20200901,27072,2020-09-01,Zavisli,TC001_TEXT_DATE_AUTOCONVERSION,14.Вер,14.09,DD.MMM → integer.month,2020-07-01_2020-09-30_output,deterministically_corrected
SWM_27136_20200812,27136,2020-08-12,Nitrat,TC001_TEXT_DATE_AUTOCONVERSION,01.Бер,1.03,DD.MMM → integer.month,2020-07-01_2020-09-30_output,deterministically_corrected
SWM_27137_20200707,27137,2020-07-07,Permanganat,TC001_TEXT_DATE_AUTOCONVERSION,23.Тра,23.05,DD.MMM → integer.month,2020-07-01_2020-09-30_output,deterministically_corrected
SWM_27137_20200915,27137,2020-09-15,Nitrat,TC001_TEXT_DATE_AUTOCONVERSION,01.Бер,1.03,DD.MMM → integer.month,2020-07-01_2020-09-30_output,deterministically_corrected
SWM_27140_20200707,27140,2020-07-07,Kisen,TC001_TEXT_DATE_AUTOCONVERSION,14.Кві,14.04,DD.MMM → integer.month,2020-07-01_2020-09-30_output,deterministically_corrected
SWM_27140_20200812,27140,2020-08-12,Kisen,TC001_TEXT_DATE_AUTOCONVERSION,12.Чер,12.06,DD.MMM → integer.month,2020-07-01_2020-09-30_output,deterministically_corrected
SWM_27146_20200811,27146,2020-08-11,BSK5,TC001_TEXT_DATE_AUTOCONVERSION,Лют.54,2.54,MMM.YY → month.decimal_digits,2020-07-01_2020-09-30_output,deterministically_corrected
SWM_27223_20200817,27223,2020-08-17,Permanganat,TC001_TEXT_DATE_AUTOCONVERSION,Бер.52,3.52,MMM.YY → month.decimal_digits,2020-07-01_2020-09-30_output,deterministically_corrected
SWM_27223_20200921,27223,2020-09-21,HSK,TC001_TEXT_DATE_AUTOCONVERSION,10.Тра,10.05,DD.MMM → integer.month,2020-07-01_2020-09-30_output,deterministically_corrected
SWM_27224_20200727,27224,2020-07-27,Hlorid,TC001_TEXT_DATE_AUTOCONVERSION,19.Тра,19.05,DD.MMM → integer.month,2020-07-01_2020-09-30_output,deterministically_corrected
SWM_27224_20200727,27224,2020-07-27,HSK,TC001_TEXT_DATE_AUTOCONVERSION,12.Чер,12.06,DD.MMM → integer.month,2020-07-01_2020-09-30_output,deterministically_corrected
SWM_27224_20200817,27224,2020-08-17,HSK,TC001_TEXT_DATE_AUTOCONVERSION,11.Чер,11.06,DD.MMM → integer.month,2020-07-01_2020-09-30_output,deterministically_corrected
SWM_27225_20200722,27225,2020-07-22,HSK,TC001_TEXT_DATE_AUTOCONVERSION,12.Вер,12.09,DD.MMM → integer.month,2020-07-01_2020-09-30_output,deterministically_corrected
SWM_27225_20200811,27225,2020-08-11,HSK,TC001_TEXT_DATE_AUTOCONVERSION,13.Тра,13.05,DD.MMM → integer.month,2020-07-01_2020-09-30_output,deterministically_corrected
SWM_27225_20200916,27225,2020-09-16,Kisen,TC001_TEXT_DATE_AUTOCONVERSION,Лип.79,7.79,MMM.YY → month.decimal_digits,2020-07-01_2020-09-30_output,deterministically_corrected
SWM_27226_20200722,27226,2020-07-22,Hlorid,TC001_TEXT_DATE_AUTOCONVERSION,14.Тра,14.05,DD.MMM → integer.month,2020-07-01_2020-09-30_output,deterministically_corrected
SWM_27226_20200722,27226,2020-07-22,Nitrat,TC001_TEXT_DATE_AUTOCONVERSION,Лют.23,2.23,MMM.YY → month.decimal_digits,2020-07-01_2020-09-30_output,deterministically_corrected
SWM_27226_20200811,27226,2020-08-11,Hlorid,TC001_TEXT_DATE_AUTOCONVERSION,14.Кві,14.04,DD.MMM → integer.month,2020-07-01_2020-09-30_output,deterministically_corrected
SWM_27226_20200916,27226,2020-09-16,BSK5,TC001_TEXT_DATE_AUTOCONVERSION,Лют.21,2.21,MMM.YY → month.decimal_digits,2020-07-01_2020-09-30_output,deterministically_corrected
SWM_27247_20200812,27247,2020-08-12,Azot,TC001_TEXT_DATE_AUTOCONVERSION,01.Лип,1.07,DD.MMM → integer.month,2020-07-01_2020-09-30_output,deterministically_corrected
SWM_27247_20200812,27247,2020-08-12,BSK5,TC001_TEXT_DATE_AUTOCONVERSION,01.Сер,1.08,DD.MMM → integer.month,2020-07-01_2020-09-30_output,deterministically_corrected
SWM_27247_20200812,27247,2020-08-12,Nitrat,TC001_TEXT_DATE_AUTOCONVERSION,Тра.75,5.75,MMM.YY → month.decimal_digits,2020-07-01_2020-09-30_output,deterministically_corrected
SWM_27247_20200902,27247,2020-09-02,Azot,TC001_TEXT_DATE_AUTOCONVERSION,01.Тра,1.05,DD.MMM → integer.month,2020-07-01_2020-09-30_output,deterministically_corrected
SWM_27247_20200902,27247,2020-09-02,BSK5,TC001_TEXT_DATE_AUTOCONVERSION,01.Лип,1.07,DD.MMM → integer.month,2020-07-01_2020-09-30_output,deterministically_corrected
SWM_27252_20200706,27252,2020-07-06,Nitrat,TC001_TEXT_DATE_AUTOCONVERSION,10.Чер,10.06,DD.MMM → integer.month,2020-07-01_2020-09-30_output,deterministically_corrected
SWM_27252_20200908,27252,2020-09-08,Nitrat,TC001_TEXT_DATE_AUTOCONVERSION,10.Січ,10.01,DD.MMM → integer.month,2020-07-01_2020-09-30_output,deterministically_corrected
SWM_27255_20200727,27255,2020-07-27,Azot,TC001_TEXT_DATE_AUTOCONVERSION,01.Тра,1.05,DD.MMM → integer.month,2020-07-01_2020-09-30_output,deterministically_corrected
SWM_27255_20200727,27255,2020-07-27,Kisen,TC001_TEXT_DATE_AUTOCONVERSION,10.Кві,10.04,DD.MMM → integer.month,2020-07-01_2020-09-30_output,deterministically_corrected
SWM_27010_20200713,27010,2020-07-13,BSK5,TC001_TEXT_DATE_AUTOCONVERSION,Січ.98,1.98,MMM.YY → month.decimal_digits,2020-07-01_2020-09-30_output,deterministically_corrected
SWM_27010_20200713,27010,2020-07-13,Kisen,TC001_TEXT_DATE_AUTOCONVERSION,Лип.21,7.21,MMM.YY → month.decimal_digits,2020-07-01_2020-09-30_output,deterministically_corrected
SWM_27073_20200914,27073,2020-09-14,Nitrat,TC001_TEXT_DATE_AUTOCONVERSION,Січ.25,1.25,MMM.YY → month.decimal_digits,2020-07-01_2020-09-30_output,deterministically_corrected
SWM_27148_20200701,27148,2020-07-01,Kisen,TC001_TEXT_DATE_AUTOCONVERSION,Лис.27,11.27,MMM.YY → month.decimal_digits,2020-07-01_2020-09-30_output,deterministically_corrected
SWM_27148_20200701,27148,2020-07-01,Nitrat,TC001_TEXT_DATE_AUTOCONVERSION,Січ.21,1.21,MMM.YY → month.decimal_digits,2020-07-01_2020-09-30_output,deterministically_corrected
SWM_27148_20200701,27148,2020-07-01,Permanganat,TC001_TEXT_DATE_AUTOCONVERSION,Сер.25,8.25,MMM.YY → month.decimal_digits,2020-07-01_2020-09-30_output,deterministically_corrected
SWM_27302_20200714,27302,2020-07-14,BSK5,TC001_TEXT_DATE_AUTOCONVERSION,01.Сер,1.08,DD.MMM → integer.month,2020-07-01_2020-09-30_output,deterministically_corrected
SWM_27302_20200714,27302,2020-07-14,Kisen,TC001_TEXT_DATE_AUTOCONVERSION,10.Кві,10.04,DD.MMM → integer.month,2020-07-01_2020-09-30_output,deterministically_corrected
SWM_27330_20200804,27330,2020-08-04,Azot,TC001_TEXT_DATE_AUTOCONVERSION,04.Тра,4.05,DD.MMM → integer.month,2020-07-01_2020-09-30_output,deterministically_corrected
SWM_27778_20200812,27778,2020-08-12,Kisen,TC001_TEXT_DATE_AUTOCONVERSION,09.Тра,9.05,DD.MMM → integer.month,2020-07-01_2020-09-30_output,deterministically_corrected
SWM_27778_20200909,27778,2020-09-09,Kisen,TC001_TEXT_DATE_AUTOCONVERSION,10.Чер,10.06,DD.MMM → integer.month,2020-07-01_2020-09-30_output,deterministically_corrected
SWM_27782_20200708,27782,2020-07-08,Kisen,TC001_TEXT_DATE_AUTOCONVERSION,10.Січ,10.01,DD.MMM → integer.month,2020-07-01_2020-09-30_output,deterministically_corrected
SWM_27822_20200706,27822,2020-07-06,BSK5,TC001_TEXT_DATE_AUTOCONVERSION,01.Сер,1.08,DD.MMM → integer.month,2020-07-01_2020-09-30_output,deterministically_corrected
SWM_27822_20200706,27822,2020-07-06,HSK,TC001_TEXT_DATE_AUTOCONVERSION,13.Чер,13.06,DD.MMM → integer.month,2020-07-01_2020-09-30_output,deterministically_corrected
SWM_27824_20200817,27824,2020-08-17,BSK5,TC001_TEXT_DATE_AUTOCONVERSION,01.Лют,1.02,DD.MMM → integer.month,2020-07-01_2020-09-30_output,deterministically_corrected
SWM_27824_20200817,27824,2020-08-17,Nitrat,TC001_TEXT_DATE_AUTOCONVERSION,03.Тра,3.05,DD.MMM → integer.month,2020-07-01_2020-09-30_output,deterministically_corrected
SWM_27824_20200915,27824,2020-09-15,BSK5,TC001_TEXT_DATE_AUTOCONVERSION,01.Сер,1.08,DD.MMM → integer.month,2020-07-01_2020-09-30_output,deterministically_corrected
SWM_27826_20200907,27826,2020-09-07,BSK5,TC001_TEXT_DATE_AUTOCONVERSION,03.Тра,3.05,DD.MMM → integer.month,2020-07-01_2020-09-30_output,deterministically_corrected
SWM_27829_20200818,27829,2020-08-18,BSK5,TC001_TEXT_DATE_AUTOCONVERSION,01.Бер,1.03,DD.MMM → integer.month,2020-07-01_2020-09-30_output,deterministically_corrected
SWM_27831_20200721,27831,2020-07-21,Kisen,TC001_TEXT_DATE_AUTOCONVERSION,10.Тра,10.05,DD.MMM → integer.month,2020-07-01_2020-09-30_output,deterministically_corrected
SWM_27831_20200721,27831,2020-07-21,Sulfat,TC001_TEXT_DATE_AUTOCONVERSION,10.Тра,10.05,DD.MMM → integer.month,2020-07-01_2020-09-30_output,deterministically_corrected
SWM_27851_20200805,27851,2020-08-05,Amoniy,TC001_TEXT_DATE_AUTOCONVERSION,Січ.52,1.52,MMM.YY → month.decimal_digits,2020-07-01_2020-09-30_output,deterministically_corrected
SWM_27851_20200805,27851,2020-08-05,Nitrit,TC001_TEXT_DATE_AUTOCONVERSION,Лют.25,2.25,MMM.YY → month.decimal_digits,2020-07-01_2020-09-30_output,deterministically_corrected
SWM_27851_20200902,27851,2020-09-02,Amoniy,TC001_TEXT_DATE_AUTOCONVERSION,01.Бер,1.03,DD.MMM → integer.month,2020-07-01_2020-09-30_output,deterministically_corrected
SWM_37866_20200713,37866,2020-07-13,Azot,TC001_TEXT_DATE_AUTOCONVERSION,Лис.94,11.94,MMM.YY → month.decimal_digits,2020-07-01_2020-09-30_output,deterministically_corrected
SWM_37866_20200817,37866,2020-08-17,BSK5,TC001_TEXT_DATE_AUTOCONVERSION,01.Лют,1.02,DD.MMM → integer.month,2020-07-01_2020-09-30_output,deterministically_corrected
SWM_26960_20200908,26960,2020-09-08,BSK5,TC001_TEXT_DATE_AUTOCONVERSION,Лют.48,2.48,MMM.YY → month.decimal_digits,2020-07-01_2020-09-30_output,deterministically_corrected
SWM_26963_20200713,26963,2020-07-13,BSK5,TC001_TEXT_DATE_AUTOCONVERSION,03.Кві,3.04,DD.MMM → integer.month,2020-07-01_2020-09-30_output,deterministically_corrected
SWM_26963_20200810,26963,2020-08-10,BSK5,TC001_TEXT_DATE_AUTOCONVERSION,Лют.96,2.96,MMM.YY → month.decimal_digits,2020-07-01_2020-09-30_output,deterministically_corrected
SWM_26963_20200910,26963,2020-09-10,BSK5,TC001_TEXT_DATE_AUTOCONVERSION,03.Кві,3.04,DD.MMM → integer.month,2020-07-01_2020-09-30_output,deterministically_corrected
SWM_26967_20200708,26967,2020-07-08,BSK5,TC001_TEXT_DATE_AUTOCONVERSION,Лют.48,2.48,MMM.YY → month.decimal_digits,2020-07-01_2020-09-30_output,deterministically_corrected
SWM_27010_20200913,27010,2020-09-13,Hlorid,TC001_TEXT_DATE_AUTOCONVERSION,Вер.75,9.75,MMM.YY → month.decimal_digits,2020-07-01_2020-09-30_output,deterministically_corrected
SWM_27011_20200810,27011,2020-08-10,Kisen,TC001_TEXT_DATE_AUTOCONVERSION,Чер.54,6.54,MMM.YY → month.decimal_digits,2020-07-01_2020-09-30_output,deterministically_corrected
SWM_27011_20200810,27011,2020-08-10,Hlorid,TC001_TEXT_DATE_AUTOCONVERSION,Вер.75,9.75,MMM.YY → month.decimal_digits,2020-07-01_2020-09-30_output,deterministically_corrected
SWM_27011_20200810,27011,2020-08-10,Nitrat,TC001_TEXT_DATE_AUTOCONVERSION,Січ.78,1.78,MMM.YY → month.decimal_digits,2020-07-01_2020-09-30_output,deterministically_corrected
SWM_27011_20200915,27011,2020-09-15,BSK5,TC001_TEXT_DATE_AUTOCONVERSION,Січ.75,1.75,MMM.YY → month.decimal_digits,2020-07-01_2020-09-30_output,deterministically_corrected
SWM_27011_20200915,27011,2020-09-15,Zavisli,TC001_TEXT_DATE_AUTOCONVERSION,10.Тра,10.05,DD.MMM → integer.month,2020-07-01_2020-09-30_output,deterministically_corrected
SWM_27011_20200915,27011,2020-09-15,Hlorid,TC001_TEXT_DATE_AUTOCONVERSION,Гру.41,12.41,MMM.YY → month.decimal_digits,2020-07-01_2020-09-30_output,deterministically_corrected
SWM_27011_20200915,27011,2020-09-15,Nitrat,TC001_TEXT_DATE_AUTOCONVERSION,01.Лип,1.07,DD.MMM → integer.month,2020-07-01_2020-09-30_output,deterministically_corrected
SWM_27016_20200914,27016,2020-09-14,Kisen,TC001_TEXT_DATE_AUTOCONVERSION,07.Тра,7.05,DD.MMM → integer.month,2020-07-01_2020-09-30_output,deterministically_corrected
SWM_27016_20200914,27016,2020-09-14,Nitrat,TC001_TEXT_DATE_AUTOCONVERSION,01.Лют,1.02,DD.MMM → integer.month,2020-07-01_2020-09-30_output,deterministically_corrected
SWM_27022_20200713,27022,2020-07-13,Hlorid,TC001_TEXT_DATE_AUTOCONVERSION,30.Тра,30.05,DD.MMM → integer.month,2020-07-01_2020-09-30_output,deterministically_corrected
SWM_27022_20200810,27022,2020-08-10,BSK5,TC001_TEXT_DATE_AUTOCONVERSION,03.Тра,3.05,DD.MMM → integer.month,2020-07-01_2020-09-30_output,deterministically_corrected
SWM_27074_20200728,27074,2020-07-28,Nitrat,TC001_TEXT_DATE_AUTOCONVERSION,Січ.29,1.29,MMM.YY → month.decimal_digits,2020-07-01_2020-09-30_output,deterministically_corrected
SWM_27074_20200825,27074,2020-08-25,Zavisli,TC001_TEXT_DATE_AUTOCONVERSION,08.Тра,8.05,DD.MMM → integer.month,2020-07-01_2020-09-30_output,deterministically_corrected
SWM_27075_20200728,27075,2020-07-28,BSK5,TC001_TEXT_DATE_AUTOCONVERSION,Тра.25,5.25,MMM.YY → month.decimal_digits,2020-07-01_2020-09-30_output,deterministically_corrected
SWM_27075_20200728,27075,2020-07-28,Zavisli,TC001_TEXT_DATE_AUTOCONVERSION,11.Тра,11.05,DD.MMM → integer.month,2020-07-01_2020-09-30_output,deterministically_corrected
SWM_27075_20200728,27075,2020-07-28,Nitrat,TC001_TEXT_DATE_AUTOCONVERSION,01.Тра,1.05,DD.MMM → integer.month,2020-07-01_2020-09-30_output,deterministically_corrected
SWM_27076_20200909,27076,2020-09-09,Nitrat,TC001_TEXT_DATE_AUTOCONVERSION,Лют.77,2.77,MMM.YY → month.decimal_digits,2020-07-01_2020-09-30_output,deterministically_corrected
SWM_27076_20200909,27076,2020-09-09,HSK,TC001_TEXT_DATE_AUTOCONVERSION,23.Тра,23.05,DD.MMM → integer.month,2020-07-01_2020-09-30_output,deterministically_corrected
SWM_27094_20200721,27094,2020-07-21,Zavisli,TC001_TEXT_DATE_AUTOCONVERSION,10.Січ,10.01,DD.MMM → integer.month,2020-07-01_2020-09-30_output,deterministically_corrected
SWM_27095_20200721,27095,2020-07-21,BSK5,TC001_TEXT_DATE_AUTOCONVERSION,Лют.29,2.29,MMM.YY → month.decimal_digits,2020-07-01_2020-09-30_output,deterministically_corrected
SWM_27148_20200811,27148,2020-08-11,Kisen,TC001_TEXT_DATE_AUTOCONVERSION,Лис.74,11.74,MMM.YY → month.decimal_digits,2020-07-01_2020-09-30_output,deterministically_corrected
SWM_27154_20200701,27154,2020-07-01,Permanganat,TC001_TEXT_DATE_AUTOCONVERSION,Жов.49,10.49,MMM.YY → month.decimal_digits,2020-07-01_2020-09-30_output,deterministically_corrected
SWM_27154_20200811,27154,2020-08-11,Nitrat,TC001_TEXT_DATE_AUTOCONVERSION,Січ.47,1.47,MMM.YY → month.decimal_digits,2020-07-01_2020-09-30_output,deterministically_corrected
SWM_27154_20200811,27154,2020-08-11,Permanganat,TC001_TEXT_DATE_AUTOCONVERSION,Лис.76,11.76,MMM.YY → month.decimal_digits,2020-07-01_2020-09-30_output,deterministically_corrected
SWM_27158_20200715,27158,2020-07-15,BSK5,TC001_TEXT_DATE_AUTOCONVERSION,Бер.54,3.54,MMM.YY → month.decimal_digits,2020-07-01_2020-09-30_output,deterministically_corrected
SWM_27165_20200703,27165,2020-07-03,BSK5,TC001_TEXT_DATE_AUTOCONVERSION,Кві.25,4.25,MMM.YY → month.decimal_digits,2020-07-01_2020-09-30_output,deterministically_corrected
SWM_27229_20200805,27229,2020-08-05,Azot,TC001_TEXT_DATE_AUTOCONVERSION,Січ.51,1.51,MMM.YY → month.decimal_digits,2020-07-01_2020-09-30_output,deterministically_corrected
SWM_27229_20200805,27229,2020-08-05,Kisen,TC001_TEXT_DATE_AUTOCONVERSION,Сер.75,8.75,MMM.YY → month.decimal_digits,2020-07-01_2020-09-30_output,deterministically_corrected
SWM_27229_20200805,27229,2020-08-05,Hlorid,TC001_TEXT_DATE_AUTOCONVERSION,14.Кві,14.04,DD.MMM → integer.month,2020-07-01_2020-09-30_output,deterministically_corrected
SWM_27229_20200805,27229,2020-08-05,HSK,TC001_TEXT_DATE_AUTOCONVERSION,14.Кві,14.04,DD.MMM → integer.month,2020-07-01_2020-09-30_output,deterministically_corrected
SWM_27229_20200909,27229,2020-09-09,HSK,TC001_TEXT_DATE_AUTOCONVERSION,13.Вер,13.09,DD.MMM → integer.month,2020-07-01_2020-09-30_output,deterministically_corrected
SWM_27230_20200708,27230,2020-07-08,Azot,TC001_TEXT_DATE_AUTOCONVERSION,Січ.47,1.47,MMM.YY → month.decimal_digits,2020-07-01_2020-09-30_output,deterministically_corrected
SWM_27230_20200708,27230,2020-07-08,BSK5,TC001_TEXT_DATE_AUTOCONVERSION,Лют.23,2.23,MMM.YY → month.decimal_digits,2020-07-01_2020-09-30_output,deterministically_corrected
SWM_27230_20200708,27230,2020-07-08,HSK,TC001_TEXT_DATE_AUTOCONVERSION,14.Січ,14.01,DD.MMM → integer.month,2020-07-01_2020-09-30_output,deterministically_corrected
SWM_27230_20200805,27230,2020-08-05,Hlorid,TC001_TEXT_DATE_AUTOCONVERSION,14.Кві,14.04,DD.MMM → integer.month,2020-07-01_2020-09-30_output,deterministically_corrected
SWM_27230_20200909,27230,2020-09-09,HSK,TC001_TEXT_DATE_AUTOCONVERSION,14.Вер,14.09,DD.MMM → integer.month,2020-07-01_2020-09-30_output,deterministically_corrected
SWM_27231_20200708,27231,2020-07-08,HSK,TC001_TEXT_DATE_AUTOCONVERSION,14.Кві,14.04,DD.MMM → integer.month,2020-07-01_2020-09-30_output,deterministically_corrected
SWM_27231_20200805,27231,2020-08-05,Hlorid,TC001_TEXT_DATE_AUTOCONVERSION,14.Кві,14.04,DD.MMM → integer.month,2020-07-01_2020-09-30_output,deterministically_corrected
SWM_27231_20200805,27231,2020-08-05,HSK,TC001_TEXT_DATE_AUTOCONVERSION,14.Вер,14.09,DD.MMM → integer.month,2020-07-01_2020-09-30_output,deterministically_corrected
SWM_27232_20200720,27232,2020-07-20,BSK5,TC001_TEXT_DATE_AUTOCONVERSION,02.Тра,2.05,DD.MMM → integer.month,2020-07-01_2020-09-30_output,deterministically_corrected
SWM_27232_20200825,27232,2020-08-25,Kisen,TC001_TEXT_DATE_AUTOCONVERSION,06.Тра,6.05,DD.MMM → integer.month,2020-07-01_2020-09-30_output,deterministically_corrected
SWM_27255_20200901,27255,2020-09-01,Azot,TC001_TEXT_DATE_AUTOCONVERSION,01.Лип,1.07,DD.MMM → integer.month,2020-07-01_2020-09-30_output,deterministically_corrected
SWM_27256_20200727,27256,2020-07-27,Azot,TC001_TEXT_DATE_AUTOCONVERSION,01.Сер,1.08,DD.MMM → integer.month,2020-07-01_2020-09-30_output,deterministically_corrected
SWM_27256_20200810,27256,2020-08-10,Azot,TC001_TEXT_DATE_AUTOCONVERSION,01.Сер,1.08,DD.MMM → integer.month,2020-07-01_2020-09-30_output,deterministically_corrected
SWM_27256_20200810,27256,2020-08-10,Kisen,TC001_TEXT_DATE_AUTOCONVERSION,10.Чер,10.06,DD.MMM → integer.month,2020-07-01_2020-09-30_output,deterministically_corrected
SWM_27256_20200901,27256,2020-09-01,Azot,TC001_TEXT_DATE_AUTOCONVERSION,01.Лип,1.07,DD.MMM → integer.month,2020-07-01_2020-09-30_output,deterministically_corrected
SWM_27256_20200901,27256,2020-09-01,BSK5,TC001_TEXT_DATE_AUTOCONVERSION,02.Тра,2.05,DD.MMM → integer.month,2020-07-01_2020-09-30_output,deterministically_corrected
SWM_27258_20200706,27258,2020-07-06,Azot,TC001_TEXT_DATE_AUTOCONVERSION,01.Бер,1.03,DD.MMM → integer.month,2020-07-01_2020-09-30_output,deterministically_corrected
SWM_27258_20200706,27258,2020-07-06,BSK5,TC001_TEXT_DATE_AUTOCONVERSION,02.Тра,2.05,DD.MMM → integer.month,2020-07-01_2020-09-30_output,deterministically_corrected
SWM_27260_20200727,27260,2020-07-27,Azot,TC001_TEXT_DATE_AUTOCONVERSION,01.Лип,1.07,DD.MMM → integer.month,2020-07-01_2020-09-30_output,deterministically_corrected
SWM_27260_20200901,27260,2020-09-01,Azot,TC001_TEXT_DATE_AUTOCONVERSION,01.Сер,1.08,DD.MMM → integer.month,2020-07-01_2020-09-30_output,deterministically_corrected
SWM_27302_20200803,27302,2020-08-03,BSK5,TC001_TEXT_DATE_AUTOCONVERSION,01.Тра,1.05,DD.MMM → integer.month,2020-07-01_2020-09-30_output,deterministically_corrected
SWM_27302_20200803,27302,2020-08-03,Zavisli,TC001_TEXT_DATE_AUTOCONVERSION,05.Тра,5.05,DD.MMM → integer.month,2020-07-01_2020-09-30_output,deterministically_corrected
SWM_27302_20200803,27302,2020-08-03,Kisen,TC001_TEXT_DATE_AUTOCONVERSION,10.Чер,10.06,DD.MMM → integer.month,2020-07-01_2020-09-30_output,deterministically_corrected
SWM_27303_20200701,27303,2020-07-01,Azot,TC001_TEXT_DATE_AUTOCONVERSION,Січ.24,1.24,MMM.YY → month.decimal_digits,2020-07-01_2020-09-30_output,deterministically_corrected
SWM_27303_20200701,27303,2020-07-01,HSK,TC001_TEXT_DATE_AUTOCONVERSION,13.Вер,13.09,DD.MMM → integer.month,2020-07-01_2020-09-30_output,deterministically_corrected
SWM_27303_20200805,27303,2020-08-05,Hlorid,TC001_TEXT_DATE_AUTOCONVERSION,10.Чер,10.06,DD.MMM → integer.month,2020-07-01_2020-09-30_output,deterministically_corrected
SWM_27303_20200902,27303,2020-09-02,Sulfat,TC001_TEXT_DATE_AUTOCONVERSION,15.Чер,15.06,DD.MMM → integer.month,2020-07-01_2020-09-30_output,deterministically_corrected
SWM_27303_20200902,27303,2020-09-02,Hlorid,TC001_TEXT_DATE_AUTOCONVERSION,12.Кві,12.04,DD.MMM → integer.month,2020-07-01_2020-09-30_output,deterministically_corrected
SWM_27304_20200805,27304,2020-08-05,BSK5,TC001_TEXT_DATE_AUTOCONVERSION,Січ.52,1.52,MMM.YY → month.decimal_digits,2020-07-01_2020-09-30_output,deterministically_corrected
SWM_27304_20200805,27304,2020-08-05,Hlorid,TC001_TEXT_DATE_AUTOCONVERSION,10.Чер,10.06,DD.MMM → integer.month,2020-07-01_2020-09-30_output,deterministically_corrected
SWM_27304_20200805,27304,2020-08-05,HSK,TC001_TEXT_DATE_AUTOCONVERSION,11.Чер,11.06,DD.MMM → integer.month,2020-07-01_2020-09-30_output,deterministically_corrected
SWM_27304_20200902,27304,2020-09-02,Hlorid,TC001_TEXT_DATE_AUTOCONVERSION,13.Січ,13.01,DD.MMM → integer.month,2020-07-01_2020-09-30_output,deterministically_corrected
SWM_27304_20200902,27304,2020-09-02,Nitrat,TC001_TEXT_DATE_AUTOCONVERSION,Лют.71,2.71,MMM.YY → month.decimal_digits,2020-07-01_2020-09-30_output,deterministically_corrected
SWM_27304_20200902,27304,2020-09-02,Permanganat,TC001_TEXT_DATE_AUTOCONVERSION,Січ.76,1.76,MMM.YY → month.decimal_digits,2020-07-01_2020-09-30_output,deterministically_corrected
SWM_27306_20200714,27306,2020-07-14,Azot,TC001_TEXT_DATE_AUTOCONVERSION,01.Сер,1.08,DD.MMM → integer.month,2020-07-01_2020-09-30_output,deterministically_corrected
SWM_27306_20200714,27306,2020-07-14,BSK5,TC001_TEXT_DATE_AUTOCONVERSION,02.Тра,2.05,DD.MMM → integer.month,2020-07-01_2020-09-30_output,deterministically_corrected
SWM_27306_20200812,27306,2020-08-12,Azot,TC001_TEXT_DATE_AUTOCONVERSION,01.Лип,1.07,DD.MMM → integer.month,2020-07-01_2020-09-30_output,deterministically_corrected
SWM_27306_20200812,27306,2020-08-12,Nitrat,TC001_TEXT_DATE_AUTOCONVERSION,Тра.75,5.75,MMM.YY → month.decimal_digits,2020-07-01_2020-09-30_output,deterministically_corrected
SWM_27306_20200902,27306,2020-09-02,Azot,TC001_TEXT_DATE_AUTOCONVERSION,01.Тра,1.05,DD.MMM → integer.month,2020-07-01_2020-09-30_output,deterministically_corrected
SWM_27330_20200909,27330,2020-09-09,Kisen,TC001_TEXT_DATE_AUTOCONVERSION,Бер.21,3.21,MMM.YY → month.decimal_digits,2020-07-01_2020-09-30_output,deterministically_corrected
SWM_27333_20200714,27333,2020-07-14,Kisen,TC001_TEXT_DATE_AUTOCONVERSION,Бер.96,3.96,MMM.YY → month.decimal_digits,2020-07-01_2020-09-30_output,deterministically_corrected
SWM_27333_20200714,27333,2020-07-14,Fosfat,TC001_TEXT_DATE_AUTOCONVERSION,Січ.26,1.26,MMM.YY → month.decimal_digits,2020-07-01_2020-09-30_output,deterministically_corrected
SWM_27335_20200805,27335,2020-08-05,Azot,TC001_TEXT_DATE_AUTOCONVERSION,01.Лют,1.02,DD.MMM → integer.month,2020-07-01_2020-09-30_output,deterministically_corrected
SWM_27335_20200909,27335,2020-09-09,Azot,TC001_TEXT_DATE_AUTOCONVERSION,01.Бер,1.03,DD.MMM → integer.month,2020-07-01_2020-09-30_output,deterministically_corrected
SWM_27335_20200909,27335,2020-09-09,Kisen,TC001_TEXT_DATE_AUTOCONVERSION,07.Тра,7.05,DD.MMM → integer.month,2020-07-01_2020-09-30_output,deterministically_corrected
SWM_27336_20200805,27336,2020-08-05,Kisen,TC001_TEXT_DATE_AUTOCONVERSION,07.Тра,7.05,DD.MMM → integer.month,2020-07-01_2020-09-30_output,deterministically_corrected
SWM_27336_20200909,27336,2020-09-09,Azot,TC001_TEXT_DATE_AUTOCONVERSION,01.Сер,1.08,DD.MMM → integer.month,2020-07-01_2020-09-30_output,deterministically_corrected
SWM_27590_20200720,27590,2020-07-20,Azot,TC001_TEXT_DATE_AUTOCONVERSION,Січ.76,1.76,MMM.YY → month.decimal_digits,2020-07-01_2020-09-30_output,deterministically_corrected
SWM_27590_20200720,27590,2020-07-20,BSK5,TC001_TEXT_DATE_AUTOCONVERSION,Бер.54,3.54,MMM.YY → month.decimal_digits,2020-07-01_2020-09-30_output,deterministically_corrected
SWM_27590_20200720,27590,2020-07-20,Zavisli,TC001_TEXT_DATE_AUTOCONVERSION,10.Кві,10.04,DD.MMM → integer.month,2020-07-01_2020-09-30_output,deterministically_corrected
SWM_27590_20200720,27590,2020-07-20,Fosfat,TC001_TEXT_DATE_AUTOCONVERSION,Січ.26,1.26,MMM.YY → month.decimal_digits,2020-07-01_2020-09-30_output,deterministically_corrected
SWM_27590_20200811,27590,2020-08-11,Nitrat,TC001_TEXT_DATE_AUTOCONVERSION,Чер.75,6.75,MMM.YY → month.decimal_digits,2020-07-01_2020-09-30_output,deterministically_corrected
SWM_27590_20200903,27590,2020-09-03,Azot,TC001_TEXT_DATE_AUTOCONVERSION,Січ.78,1.78,MMM.YY → month.decimal_digits,2020-07-01_2020-09-30_output,deterministically_corrected
SWM_27590_20200903,27590,2020-09-03,BSK5,TC001_TEXT_DATE_AUTOCONVERSION,Бер.52,3.52,MMM.YY → month.decimal_digits,2020-07-01_2020-09-30_output,deterministically_corrected
SWM_27590_20200903,27590,2020-09-03,Zavisli,TC001_TEXT_DATE_AUTOCONVERSION,10.Чер,10.06,DD.MMM → integer.month,2020-07-01_2020-09-30_output,deterministically_corrected
SWM_27592_20200720,27592,2020-07-20,Azot,TC001_TEXT_DATE_AUTOCONVERSION,Січ.97,1.97,MMM.YY → month.decimal_digits,2020-07-01_2020-09-30_output,deterministically_corrected
SWM_27592_20200720,27592,2020-07-20,Zavisli,TC001_TEXT_DATE_AUTOCONVERSION,10.Кві,10.04,DD.MMM → integer.month,2020-07-01_2020-09-30_output,deterministically_corrected
SWM_27592_20200720,27592,2020-07-20,Fosfat,TC001_TEXT_DATE_AUTOCONVERSION,01.Бер,1.03,DD.MMM → integer.month,2020-07-01_2020-09-30_output,deterministically_corrected
SWM_27592_20200903,27592,2020-09-03,Azot,TC001_TEXT_DATE_AUTOCONVERSION,Січ.96,1.96,MMM.YY → month.decimal_digits,2020-07-01_2020-09-30_output,deterministically_corrected
SWM_27592_20200903,27592,2020-09-03,Zavisli,TC001_TEXT_DATE_AUTOCONVERSION,10.Чер,10.06,DD.MMM → integer.month,2020-07-01_2020-09-30_output,deterministically_corrected
SWM_26853_20200414,26853,2020-04-14,BSK5,TC001_TEXT_DATE_AUTOCONVERSION,Січ.99,1.99,MMM.YY → month.decimal_digits,2020-04-01_2020-06-30_output,deterministically_corrected
SWM_26853_20200414,26853,2020-04-14,Hlorid,TC001_TEXT_DATE_AUTOCONVERSION,Лис.52,11.52,MMM.YY → month.decimal_digits,2020-04-01_2020-06-30_output,deterministically_corrected
SWM_27172_20200609,27172,2020-06-09,Kisen,TC001_TEXT_DATE_AUTOCONVERSION,Сер.25,8.25,MMM.YY → month.decimal_digits,2020-04-01_2020-06-30_output,deterministically_corrected
SWM_27222_20200413,27222,2020-04-13,BSK5,TC001_TEXT_DATE_AUTOCONVERSION,Січ.52,1.52,MMM.YY → month.decimal_digits,2020-04-01_2020-06-30_output,deterministically_corrected
SWM_27246_20200612,27246,2020-06-12,Azot,TC001_TEXT_DATE_AUTOCONVERSION,01.Тра,1.05,DD.MMM → integer.month,2020-04-01_2020-06-30_output,deterministically_corrected
SWM_27276_20200513,27276,2020-05-13,Kisen,TC001_TEXT_DATE_AUTOCONVERSION,11.Кві,11.04,DD.MMM → integer.month,2020-04-01_2020-06-30_output,deterministically_corrected
SWM_27276_20200513,27276,2020-05-13,Sulfat,TC001_TEXT_DATE_AUTOCONVERSION,10.Кві,10.04,DD.MMM → integer.month,2020-04-01_2020-06-30_output,deterministically_corrected
SWM_27284_20200519,27284,2020-05-19,Kisen,TC001_TEXT_DATE_AUTOCONVERSION,11.Тра,11.05,DD.MMM → integer.month,2020-04-01_2020-06-30_output,deterministically_corrected
SWM_27315_20200406,27315,2020-04-06,BSK5,TC001_TEXT_DATE_AUTOCONVERSION,01.Сер,1.08,DD.MMM → integer.month,2020-04-01_2020-06-30_output,deterministically_corrected
SWM_27573_20200512,27573,2020-05-12,Kisen,TC001_TEXT_DATE_AUTOCONVERSION,Лип.71,7.71,MMM.YY → month.decimal_digits,2020-04-01_2020-06-30_output,deterministically_corrected
SWM_27573_20200512,27573,2020-05-12,Nitrat,TC001_TEXT_DATE_AUTOCONVERSION,Січ.23,1.23,MMM.YY → month.decimal_digits,2020-04-01_2020-06-30_output,deterministically_corrected
SWM_27841_20200611,27841,2020-06-11,Sulfat,TC001_TEXT_DATE_AUTOCONVERSION,14.Кві,14.04,DD.MMM → integer.month,2020-04-01_2020-06-30_output,deterministically_corrected
SWM_27276_20200610,27276,2020-06-10,BSK5,TC001_TEXT_DATE_AUTOCONVERSION,01.Лип,1.07,DD.MMM → integer.month,2020-04-01_2020-06-30_output,deterministically_corrected
SWM_27276_20200610,27276,2020-06-10,Zavisli,TC001_TEXT_DATE_AUTOCONVERSION,12.Кві,12.04,DD.MMM → integer.month,2020-04-01_2020-06-30_output,deterministically_corrected
SWM_27276_20200610,27276,2020-06-10,Kisen,TC001_TEXT_DATE_AUTOCONVERSION,10.Вер,10.09,DD.MMM → integer.month,2020-04-01_2020-06-30_output,deterministically_corrected
SWM_27276_20200610,27276,2020-06-10,Permanganat,TC001_TEXT_DATE_AUTOCONVERSION,01.Лип,1.07,DD.MMM → integer.month,2020-04-01_2020-06-30_output,deterministically_corrected
SWM_27277_20200408,27277,2020-04-08,Kisen,TC001_TEXT_DATE_AUTOCONVERSION,11.Січ,11.01,DD.MMM → integer.month,2020-04-01_2020-06-30_output,deterministically_corrected
SWM_27277_20200513,27277,2020-05-13,BSK5,TC001_TEXT_DATE_AUTOCONVERSION,01.Тра,1.05,DD.MMM → integer.month,2020-04-01_2020-06-30_output,deterministically_corrected
SWM_27277_20200610,27277,2020-06-10,BSK5,TC001_TEXT_DATE_AUTOCONVERSION,01.Сер,1.08,DD.MMM → integer.month,2020-04-01_2020-06-30_output,deterministically_corrected
SWM_27277_20200610,27277,2020-06-10,Zavisli,TC001_TEXT_DATE_AUTOCONVERSION,13.Чер,13.06,DD.MMM → integer.month,2020-04-01_2020-06-30_output,deterministically_corrected
SWM_27279_20200422,27279,2020-04-22,Zavisli,TC001_TEXT_DATE_AUTOCONVERSION,07.Тра,7.05,DD.MMM → integer.month,2020-04-01_2020-06-30_output,deterministically_corrected
SWM_27279_20200422,27279,2020-04-22,Kisen,TC001_TEXT_DATE_AUTOCONVERSION,13.Чер,13.06,DD.MMM → integer.month,2020-04-01_2020-06-30_output,deterministically_corrected
SWM_27279_20200422,27279,2020-04-22,Hlorid,TC001_TEXT_DATE_AUTOCONVERSION,20.Тра,20.05,DD.MMM → integer.month,2020-04-01_2020-06-30_output,deterministically_corrected
SWM_27279_20200519,27279,2020-05-19,BSK5,TC001_TEXT_DATE_AUTOCONVERSION,01.Сер,1.08,DD.MMM → integer.month,2020-04-01_2020-06-30_output,deterministically_corrected
SWM_27279_20200623,27279,2020-06-23,Kisen,TC001_TEXT_DATE_AUTOCONVERSION,10.Кві,10.04,DD.MMM → integer.month,2020-04-01_2020-06-30_output,deterministically_corrected
SWM_27280_20200414,27280,2020-04-14,Kisen,TC001_TEXT_DATE_AUTOCONVERSION,11.Чер,11.06,DD.MMM → integer.month,2020-04-01_2020-06-30_output,deterministically_corrected
SWM_27280_20200414,27280,2020-04-14,Permanganat,TC001_TEXT_DATE_AUTOCONVERSION,02.Тра,2.05,DD.MMM → integer.month,2020-04-01_2020-06-30_output,deterministically_corrected
SWM_27280_20200602,27280,2020-06-02,Zavisli,TC001_TEXT_DATE_AUTOCONVERSION,10.Чер,10.06,DD.MMM → integer.month,2020-04-01_2020-06-30_output,deterministically_corrected
SWM_27280_20200602,27280,2020-06-02,HSK,TC001_TEXT_DATE_AUTOCONVERSION,05.Тра,5.05,DD.MMM → integer.month,2020-04-01_2020-06-30_output,deterministically_corrected
SWM_27284_20200422,27284,2020-04-22,Kisen,TC001_TEXT_DATE_AUTOCONVERSION,10.Кві,10.04,DD.MMM → integer.month,2020-04-01_2020-06-30_output,deterministically_corrected
SWM_27284_20200616,27284,2020-06-16,Kisen,TC001_TEXT_DATE_AUTOCONVERSION,09.Тра,9.05,DD.MMM → integer.month,2020-04-01_2020-06-30_output,deterministically_corrected
SWM_27285_20200527,27285,2020-05-27,BSK5,TC001_TEXT_DATE_AUTOCONVERSION,01.Лют,1.02,DD.MMM → integer.month,2020-04-01_2020-06-30_output,deterministically_corrected
SWM_27285_20200623,27285,2020-06-23,Kisen,TC001_TEXT_DATE_AUTOCONVERSION,09.Тра,9.05,DD.MMM → integer.month,2020-04-01_2020-06-30_output,deterministically_corrected
SWM_27292_20200414,27292,2020-04-14,Kisen,TC001_TEXT_DATE_AUTOCONVERSION,11.Січ,11.01,DD.MMM → integer.month,2020-04-01_2020-06-30_output,deterministically_corrected
SWM_27292_20200505,27292,2020-05-05,Zavisli,TC001_TEXT_DATE_AUTOCONVERSION,06.Тра,6.05,DD.MMM → integer.month,2020-04-01_2020-06-30_output,deterministically_corrected
SWM_27292_20200505,27292,2020-05-05,Kisen,TC001_TEXT_DATE_AUTOCONVERSION,10.Січ,10.01,DD.MMM → integer.month,2020-04-01_2020-06-30_output,deterministically_corrected
SWM_27292_20200602,27292,2020-06-02,Sulfat,TC001_TEXT_DATE_AUTOCONVERSION,12.Кві,12.04,DD.MMM → integer.month,2020-04-01_2020-06-30_output,deterministically_corrected
SWM_27296_20200527,27296,2020-05-27,BSK5,TC001_TEXT_DATE_AUTOCONVERSION,03.Тра,3.05,DD.MMM → integer.month,2020-04-01_2020-06-30_output,deterministically_corrected
SWM_27299_20200414,27299,2020-04-14,Sulfat,TC001_TEXT_DATE_AUTOCONVERSION,12.Кві,12.04,DD.MMM → integer.month,2020-04-01_2020-06-30_output,deterministically_corrected
SWM_27299_20200414,27299,2020-04-14,Hlorid,TC001_TEXT_DATE_AUTOCONVERSION,10.Тра,10.05,DD.MMM → integer.month,2020-04-01_2020-06-30_output,deterministically_corrected
SWM_27299_20200505,27299,2020-05-05,BSK5,TC001_TEXT_DATE_AUTOCONVERSION,01.Сер,1.08,DD.MMM → integer.month,2020-04-01_2020-06-30_output,deterministically_corrected
SWM_27299_20200505,27299,2020-05-05,Kisen,TC001_TEXT_DATE_AUTOCONVERSION,11.Чер,11.06,DD.MMM → integer.month,2020-04-01_2020-06-30_output,deterministically_corrected
SWM_27299_20200602,27299,2020-06-02,BSK5,TC001_TEXT_DATE_AUTOCONVERSION,01.Лип,1.07,DD.MMM → integer.month,2020-04-01_2020-06-30_output,deterministically_corrected
SWM_27299_20200602,27299,2020-06-02,Kisen,TC001_TEXT_DATE_AUTOCONVERSION,11.Січ,11.01,DD.MMM → integer.month,2020-04-01_2020-06-30_output,deterministically_corrected
SWM_27300_20200414,27300,2020-04-14,Sulfat,TC001_TEXT_DATE_AUTOCONVERSION,15.Кві,15.04,DD.MMM → integer.month,2020-04-01_2020-06-30_output,deterministically_corrected
SWM_27315_20200504,27315,2020-05-04,Kisen,TC001_TEXT_DATE_AUTOCONVERSION,14.Січ,14.01,DD.MMM → integer.month,2020-04-01_2020-06-30_output,deterministically_corrected
SWM_27316_20200406,27316,2020-04-06,BSK5,TC001_TEXT_DATE_AUTOCONVERSION,01.Лип,1.07,DD.MMM → integer.month,2020-04-01_2020-06-30_output,deterministically_corrected
SWM_27316_20200504,27316,2020-05-04,BSK5,TC001_TEXT_DATE_AUTOCONVERSION,08.Тра,8.05,DD.MMM → integer.month,2020-04-01_2020-06-30_output,deterministically_corrected
SWM_27316_20200601,27316,2020-06-01,Kisen,TC001_TEXT_DATE_AUTOCONVERSION,10.Тра,10.05,DD.MMM → integer.month,2020-04-01_2020-06-30_output,deterministically_corrected
SWM_27317_20200406,27317,2020-04-06,Kisen,TC001_TEXT_DATE_AUTOCONVERSION,10.Тра,10.05,DD.MMM → integer.month,2020-04-01_2020-06-30_output,deterministically_corrected
SWM_27317_20200504,27317,2020-05-04,Kisen,TC001_TEXT_DATE_AUTOCONVERSION,11.Січ,11.01,DD.MMM → integer.month,2020-04-01_2020-06-30_output,deterministically_corrected
SWM_27317_20200601,27317,2020-06-01,BSK5,TC001_TEXT_DATE_AUTOCONVERSION,03.Тра,3.05,DD.MMM → integer.month,2020-04-01_2020-06-30_output,deterministically_corrected
SWM_27317_20200601,27317,2020-06-01,Kisen,TC001_TEXT_DATE_AUTOCONVERSION,10.Вер,10.09,DD.MMM → integer.month,2020-04-01_2020-06-30_output,deterministically_corrected
SWM_27318_20200406,27318,2020-04-06,BSK5,TC001_TEXT_DATE_AUTOCONVERSION,01.Тра,1.05,DD.MMM → integer.month,2020-04-01_2020-06-30_output,deterministically_corrected
SWM_27318_20200406,27318,2020-04-06,Kisen,TC001_TEXT_DATE_AUTOCONVERSION,10.Кві,10.04,DD.MMM → integer.month,2020-04-01_2020-06-30_output,deterministically_corrected
SWM_27318_20200601,27318,2020-06-01,Azot,TC001_TEXT_DATE_AUTOCONVERSION,01.Січ,1.01,DD.MMM → integer.month,2020-04-01_2020-06-30_output,deterministically_corrected
SWM_27318_20200601,27318,2020-06-01,Amoniy,TC001_TEXT_DATE_AUTOCONVERSION,01.Бер,1.03,DD.MMM → integer.month,2020-04-01_2020-06-30_output,deterministically_corrected
SWM_27320_20200413,27320,2020-04-13,Kisen,TC001_TEXT_DATE_AUTOCONVERSION,08.Тра,8.05,DD.MMM → integer.month,2020-04-01_2020-06-30_output,deterministically_corrected
SWM_27577_20200519,27577,2020-05-19,Nitrat,TC001_TEXT_DATE_AUTOCONVERSION,01.Лют,1.02,DD.MMM → integer.month,2020-04-01_2020-06-30_output,deterministically_corrected
SWM_27577_20200616,27577,2020-06-16,Nitrat,TC001_TEXT_DATE_AUTOCONVERSION,Січ.29,1.29,MMM.YY → month.decimal_digits,2020-04-01_2020-06-30_output,deterministically_corrected
SWM_27578_20200511,27578,2020-05-11,Nitrat,TC001_TEXT_DATE_AUTOCONVERSION,Лют.27,2.27,MMM.YY → month.decimal_digits,2020-04-01_2020-06-30_output,deterministically_corrected
SWM_27579_20200414,27579,2020-04-14,BSK5,TC001_TEXT_DATE_AUTOCONVERSION,02.Тра,2.05,DD.MMM → integer.month,2020-04-01_2020-06-30_output,deterministically_corrected
SWM_27579_20200414,27579,2020-04-14,Nitrat,TC001_TEXT_DATE_AUTOCONVERSION,Бер.25,3.25,MMM.YY → month.decimal_digits,2020-04-01_2020-06-30_output,deterministically_corrected
SWM_27580_20200504,27580,2020-05-04,BSK5,TC001_TEXT_DATE_AUTOCONVERSION,01.Сер,1.08,DD.MMM → integer.month,2020-04-01_2020-06-30_output,deterministically_corrected
SWM_27580_20200615,27580,2020-06-15,BSK5,TC001_TEXT_DATE_AUTOCONVERSION,02.Тра,2.05,DD.MMM → integer.month,2020-04-01_2020-06-30_output,deterministically_corrected
SWM_27580_20200615,27580,2020-06-15,HSK,TC001_TEXT_DATE_AUTOCONVERSION,21.Тра,21.05,DD.MMM → integer.month,2020-04-01_2020-06-30_output,deterministically_corrected
SWM_27843_20200512,27843,2020-05-12,Kisen,TC001_TEXT_DATE_AUTOCONVERSION,12.Чер,12.06,DD.MMM → integer.month,2020-04-01_2020-06-30_output,deterministically_corrected
SWM_27847_20200409,27847,2020-04-09,Amoniy,TC001_TEXT_DATE_AUTOCONVERSION,01.Кві,1.04,DD.MMM → integer.month,2020-04-01_2020-06-30_output,deterministically_corrected
SWM_27847_20200505,27847,2020-05-05,BSK5,TC001_TEXT_DATE_AUTOCONVERSION,Січ.28,1.28,MMM.YY → month.decimal_digits,2020-04-01_2020-06-30_output,deterministically_corrected
SWM_27847_20200505,27847,2020-05-05,HSK,TC001_TEXT_DATE_AUTOCONVERSION,23.Тра,23.05,DD.MMM → integer.month,2020-04-01_2020-06-30_output,deterministically_corrected
SWM_27847_20200603,27847,2020-06-03,Sulfat,TC001_TEXT_DATE_AUTOCONVERSION,12.Тра,12.05,DD.MMM → integer.month,2020-04-01_2020-06-30_output,deterministically_corrected
SWM_27849_20200505,27849,2020-05-05,Kisen,TC001_TEXT_DATE_AUTOCONVERSION,10.Вер,10.09,DD.MMM → integer.month,2020-04-01_2020-06-30_output,deterministically_corrected
SWM_26853_20200512,26853,2020-05-12,Zavisli,TC001_TEXT_DATE_AUTOCONVERSION,11.Чер,11.06,DD.MMM → integer.month,2020-04-01_2020-06-30_output,deterministically_corrected
SWM_26853_20200512,26853,2020-05-12,Kisen,TC001_TEXT_DATE_AUTOCONVERSION,Жов.98,10.98,MMM.YY → month.decimal_digits,2020-04-01_2020-06-30_output,deterministically_corrected
SWM_26853_20200512,26853,2020-05-12,Nitrat,TC001_TEXT_DATE_AUTOCONVERSION,Січ.78,1.78,MMM.YY → month.decimal_digits,2020-04-01_2020-06-30_output,deterministically_corrected
SWM_26853_20200601,26853,2020-06-01,Hlorid,TC001_TEXT_DATE_AUTOCONVERSION,Лис.52,11.52,MMM.YY → month.decimal_digits,2020-04-01_2020-06-30_output,deterministically_corrected
SWM_26921_20200413,26921,2020-04-13,Kisen,TC001_TEXT_DATE_AUTOCONVERSION,10.Січ,10.01,DD.MMM → integer.month,2020-04-01_2020-06-30_output,deterministically_corrected
SWM_26921_20200519,26921,2020-05-19,Nitrat,TC001_TEXT_DATE_AUTOCONVERSION,01.Бер,1.03,DD.MMM → integer.month,2020-04-01_2020-06-30_output,deterministically_corrected
SWM_26922_20200414,26922,2020-04-14,Zavisli,TC001_TEXT_DATE_AUTOCONVERSION,11.Січ,11.01,DD.MMM → integer.month,2020-04-01_2020-06-30_output,deterministically_corrected
SWM_26922_20200414,26922,2020-04-14,Hlorid,TC001_TEXT_DATE_AUTOCONVERSION,Лис.52,11.52,MMM.YY → month.decimal_digits,2020-04-01_2020-06-30_output,deterministically_corrected
SWM_26922_20200512,26922,2020-05-12,Zavisli,TC001_TEXT_DATE_AUTOCONVERSION,11.Вер,11.09,DD.MMM → integer.month,2020-04-01_2020-06-30_output,deterministically_corrected
SWM_26922_20200512,26922,2020-05-12,Hlorid,TC001_TEXT_DATE_AUTOCONVERSION,Лис.52,11.52,MMM.YY → month.decimal_digits,2020-04-01_2020-06-30_output,deterministically_corrected
SWM_26922_20200512,26922,2020-05-12,Nitrat,TC001_TEXT_DATE_AUTOCONVERSION,Січ.74,1.74,MMM.YY → month.decimal_digits,2020-04-01_2020-06-30_output,deterministically_corrected
SWM_26922_20200601,26922,2020-06-01,BSK5,TC001_TEXT_DATE_AUTOCONVERSION,Січ.99,1.99,MMM.YY → month.decimal_digits,2020-04-01_2020-06-30_output,deterministically_corrected
SWM_26922_20200601,26922,2020-06-01,Hlorid,TC001_TEXT_DATE_AUTOCONVERSION,Лис.52,11.52,MMM.YY → month.decimal_digits,2020-04-01_2020-06-30_output,deterministically_corrected
SWM_26922_20200601,26922,2020-06-01,Nitrat,TC001_TEXT_DATE_AUTOCONVERSION,Січ.47,1.47,MMM.YY → month.decimal_digits,2020-04-01_2020-06-30_output,deterministically_corrected
SWM_26925_20200407,26925,2020-04-07,Kisen,TC001_TEXT_DATE_AUTOCONVERSION,Чер.54,6.54,MMM.YY → month.decimal_digits,2020-04-01_2020-06-30_output,deterministically_corrected
SWM_26925_20200513,26925,2020-05-13,Sulfat,TC001_TEXT_DATE_AUTOCONVERSION,31.Лип,31.07,DD.MMM → integer.month,2020-04-01_2020-06-30_output,deterministically_corrected
SWM_26925_20200513,26925,2020-05-13,Nitrat,TC001_TEXT_DATE_AUTOCONVERSION,01.Тра,1.05,DD.MMM → integer.month,2020-04-01_2020-06-30_output,deterministically_corrected
SWM_26925_20200611,26925,2020-06-11,Hlorid,TC001_TEXT_DATE_AUTOCONVERSION,15.Чер,15.06,DD.MMM → integer.month,2020-04-01_2020-06-30_output,deterministically_corrected
SWM_26968_20200609,26968,2020-06-09,Zavisli,TC001_TEXT_DATE_AUTOCONVERSION,05.Тра,5.05,DD.MMM → integer.month,2020-04-01_2020-06-30_output,deterministically_corrected
SWM_26968_20200609,26968,2020-06-09,Kisen,TC001_TEXT_DATE_AUTOCONVERSION,Жов.16,10.16,MMM.YY → month.decimal_digits,2020-04-01_2020-06-30_output,deterministically_corrected
SWM_26978_20200413,26978,2020-04-13,BSK5,TC001_TEXT_DATE_AUTOCONVERSION,05.Тра,5.05,DD.MMM → integer.month,2020-04-01_2020-06-30_output,deterministically_corrected
SWM_26978_20200615,26978,2020-06-15,BSK5,TC001_TEXT_DATE_AUTOCONVERSION,03.Тра,3.05,DD.MMM → integer.month,2020-04-01_2020-06-30_output,deterministically_corrected
SWM_26982_20200416,26982,2020-04-16,Zavisli,TC001_TEXT_DATE_AUTOCONVERSION,10.Січ,10.01,DD.MMM → integer.month,2020-04-01_2020-06-30_output,deterministically_corrected
SWM_26982_20200416,26982,2020-04-16,Hlorid,TC001_TEXT_DATE_AUTOCONVERSION,Вер.75,9.75,MMM.YY → month.decimal_digits,2020-04-01_2020-06-30_output,deterministically_corrected
SWM_26982_20200518,26982,2020-05-18,Hlorid,TC001_TEXT_DATE_AUTOCONVERSION,Вер.75,9.75,MMM.YY → month.decimal_digits,2020-04-01_2020-06-30_output,deterministically_corrected
SWM_26982_20200518,26982,2020-05-18,Nitrat,TC001_TEXT_DATE_AUTOCONVERSION,Січ.78,1.78,MMM.YY → month.decimal_digits,2020-04-01_2020-06-30_output,deterministically_corrected
SWM_26982_20200615,26982,2020-06-15,Hlorid,TC001_TEXT_DATE_AUTOCONVERSION,Вер.75,9.75,MMM.YY → month.decimal_digits,2020-04-01_2020-06-30_output,deterministically_corrected
SWM_26983_20200416,26983,2020-04-16,BSK5,TC001_TEXT_DATE_AUTOCONVERSION,Січ.95,1.95,MMM.YY → month.decimal_digits,2020-04-01_2020-06-30_output,deterministically_corrected
SWM_26983_20200416,26983,2020-04-16,Hlorid,TC001_TEXT_DATE_AUTOCONVERSION,Вер.75,9.75,MMM.YY → month.decimal_digits,2020-04-01_2020-06-30_output,deterministically_corrected
SWM_26983_20200416,26983,2020-04-16,Nitrat,TC001_TEXT_DATE_AUTOCONVERSION,Січ.73,1.73,MMM.YY → month.decimal_digits,2020-04-01_2020-06-30_output,deterministically_corrected
SWM_26983_20200518,26983,2020-05-18,BSK5,TC001_TEXT_DATE_AUTOCONVERSION,02.Лют,2.02,DD.MMM → integer.month,2020-04-01_2020-06-30_output,deterministically_corrected
SWM_26983_20200518,26983,2020-05-18,Hlorid,TC001_TEXT_DATE_AUTOCONVERSION,Вер.75,9.75,MMM.YY → month.decimal_digits,2020-04-01_2020-06-30_output,deterministically_corrected
SWM_26983_20200518,26983,2020-05-18,Nitrat,TC001_TEXT_DATE_AUTOCONVERSION,01.Лип,1.07,DD.MMM → integer.month,2020-04-01_2020-06-30_output,deterministically_corrected
SWM_27027_20200402,27027,2020-04-02,Nitrat,TC001_TEXT_DATE_AUTOCONVERSION,04.Тра,4.05,DD.MMM → integer.month,2020-04-01_2020-06-30_output,deterministically_corrected
SWM_27045_20200414,27045,2020-04-14,HSK,TC001_TEXT_DATE_AUTOCONVERSION,31.Тра,31.05,DD.MMM → integer.month,2020-04-01_2020-06-30_output,deterministically_corrected
SWM_27046_20200414,27046,2020-04-14,BSK5,TC001_TEXT_DATE_AUTOCONVERSION,Бер.52,3.52,MMM.YY → month.decimal_digits,2020-04-01_2020-06-30_output,deterministically_corrected
SWM_27096_20200616,27096,2020-06-16,HSK,TC001_TEXT_DATE_AUTOCONVERSION,31.Тра,31.05,DD.MMM → integer.month,2020-04-01_2020-06-30_output,deterministically_corrected
SWM_27099_20200406,27099,2020-04-06,BSK5,TC001_TEXT_DATE_AUTOCONVERSION,02.Лют,2.02,DD.MMM → integer.month,2020-04-01_2020-06-30_output,deterministically_corrected
SWM_27100_20200401,27100,2020-04-01,BSK5,TC001_TEXT_DATE_AUTOCONVERSION,01.Сер,1.08,DD.MMM → integer.month,2020-04-01_2020-06-30_output,deterministically_corrected
SWM_27100_20200401,27100,2020-04-01,Kisen,TC001_TEXT_DATE_AUTOCONVERSION,12.Тра,12.05,DD.MMM → integer.month,2020-04-01_2020-06-30_output,deterministically_corrected
SWM_27100_20200401,27100,2020-04-01,HSK,TC001_TEXT_DATE_AUTOCONVERSION,30.Тра,30.05,DD.MMM → integer.month,2020-04-01_2020-06-30_output,deterministically_corrected
SWM_27104_20200401,27104,2020-04-01,BSK5,TC001_TEXT_DATE_AUTOCONVERSION,01.Бер,1.03,DD.MMM → integer.month,2020-04-01_2020-06-30_output,deterministically_corrected
SWM_27104_20200401,27104,2020-04-01,Kisen,TC001_TEXT_DATE_AUTOCONVERSION,11.Тра,11.05,DD.MMM → integer.month,2020-04-01_2020-06-30_output,deterministically_corrected
SWM_27104_20200505,27104,2020-05-05,BSK5,TC001_TEXT_DATE_AUTOCONVERSION,01.Тра,1.05,DD.MMM → integer.month,2020-04-01_2020-06-30_output,deterministically_corrected
SWM_27104_20200505,27104,2020-05-05,Kisen,TC001_TEXT_DATE_AUTOCONVERSION,09.Тра,9.05,DD.MMM → integer.month,2020-04-01_2020-06-30_output,deterministically_corrected
SWM_27173_20200407,27173,2020-04-07,Kisen,TC001_TEXT_DATE_AUTOCONVERSION,Лип.71,7.71,MMM.YY → month.decimal_digits,2020-04-01_2020-06-30_output,deterministically_corrected
SWM_27181_20200406,27181,2020-04-06,Azot,TC001_TEXT_DATE_AUTOCONVERSION,Січ.99,1.99,MMM.YY → month.decimal_digits,2020-04-01_2020-06-30_output,deterministically_corrected
SWM_27181_20200406,27181,2020-04-06,Zavisli,TC001_TEXT_DATE_AUTOCONVERSION,09.Тра,9.05,DD.MMM → integer.month,2020-04-01_2020-06-30_output,deterministically_corrected
SWM_27181_20200603,27181,2020-06-03,Fosfat,TC001_TEXT_DATE_AUTOCONVERSION,01.Лют,1.02,DD.MMM → integer.month,2020-04-01_2020-06-30_output,deterministically_corrected
SWM_27222_20200512,27222,2020-05-12,Azot,TC001_TEXT_DATE_AUTOCONVERSION,Січ.23,1.23,MMM.YY → month.decimal_digits,2020-04-01_2020-06-30_output,deterministically_corrected
SWM_27222_20200512,27222,2020-05-12,Permanganat,TC001_TEXT_DATE_AUTOCONVERSION,Кві.96,4.96,MMM.YY → month.decimal_digits,2020-04-01_2020-06-30_output,deterministically_corrected
SWM_27222_20200512,27222,2020-05-12,HSK,TC001_TEXT_DATE_AUTOCONVERSION,14.Кві,14.04,DD.MMM → integer.month,2020-04-01_2020-06-30_output,deterministically_corrected
SWM_27222_20200609,27222,2020-06-09,HSK,TC001_TEXT_DATE_AUTOCONVERSION,12.Січ,12.01,DD.MMM → integer.month,2020-04-01_2020-06-30_output,deterministically_corrected
SWM_27223_20200512,27223,2020-05-12,HSK,TC001_TEXT_DATE_AUTOCONVERSION,15.Січ,15.01,DD.MMM → integer.month,2020-04-01_2020-06-30_output,deterministically_corrected
SWM_27225_20200407,27225,2020-04-07,BSK5,TC001_TEXT_DATE_AUTOCONVERSION,Лют.29,2.29,MMM.YY → month.decimal_digits,2020-04-01_2020-06-30_output,deterministically_corrected
SWM_27225_20200407,27225,2020-04-07,HSK,TC001_TEXT_DATE_AUTOCONVERSION,11.Вер,11.09,DD.MMM → integer.month,2020-04-01_2020-06-30_output,deterministically_corrected
SWM_27225_20200507,27225,2020-05-07,Kisen,TC001_TEXT_DATE_AUTOCONVERSION,10.Січ,10.01,DD.MMM → integer.month,2020-04-01_2020-06-30_output,deterministically_corrected
SWM_27225_20200507,27225,2020-05-07,Nitrat,TC001_TEXT_DATE_AUTOCONVERSION,Січ.28,1.28,MMM.YY → month.decimal_digits,2020-04-01_2020-06-30_output,deterministically_corrected
SWM_27225_20200507,27225,2020-05-07,HSK,TC001_TEXT_DATE_AUTOCONVERSION,12.Чер,12.06,DD.MMM → integer.month,2020-04-01_2020-06-30_output,deterministically_corrected
SWM_27225_20200624,27225,2020-06-24,Azot,TC001_TEXT_DATE_AUTOCONVERSION,Січ.46,1.46,MMM.YY → month.decimal_digits,2020-04-01_2020-06-30_output,deterministically_corrected
SWM_27225_20200624,27225,2020-06-24,Hlorid,TC001_TEXT_DATE_AUTOCONVERSION,14.Тра,14.05,DD.MMM → integer.month,2020-04-01_2020-06-30_output,deterministically_corrected
SWM_27225_20200624,27225,2020-06-24,HSK,TC001_TEXT_DATE_AUTOCONVERSION,12.Січ,12.01,DD.MMM → integer.month,2020-04-01_2020-06-30_output,deterministically_corrected
SWM_27247_20200414,27247,2020-04-14,Azot,TC001_TEXT_DATE_AUTOCONVERSION,01.Тра,1.05,DD.MMM → integer.month,2020-04-01_2020-06-30_output,deterministically_corrected
SWM_27247_20200414,27247,2020-04-14,BSK5,TC001_TEXT_DATE_AUTOCONVERSION,01.Сер,1.08,DD.MMM → integer.month,2020-04-01_2020-06-30_output,deterministically_corrected
SWM_27247_20200521,27247,2020-05-21,Azot,TC001_TEXT_DATE_AUTOCONVERSION,01.Сер,1.08,DD.MMM → integer.month,2020-04-01_2020-06-30_output,deterministically_corrected
SWM_27247_20200521,27247,2020-05-21,Kisen,TC001_TEXT_DATE_AUTOCONVERSION,10.Чер,10.06,DD.MMM → integer.month,2020-04-01_2020-06-30_output,deterministically_corrected
SWM_27247_20200612,27247,2020-06-12,Azot,TC001_TEXT_DATE_AUTOCONVERSION,01.Лип,1.07,DD.MMM → integer.month,2020-04-01_2020-06-30_output,deterministically_corrected
SWM_27247_20200612,27247,2020-06-12,Kisen,TC001_TEXT_DATE_AUTOCONVERSION,11.Тра,11.05,DD.MMM → integer.month,2020-04-01_2020-06-30_output,deterministically_corrected
SWM_27252_20200428,27252,2020-04-28,Kisen,TC001_TEXT_DATE_AUTOCONVERSION,11.Чер,11.06,DD.MMM → integer.month,2020-04-01_2020-06-30_output,deterministically_corrected
SWM_27252_20200526,27252,2020-05-26,Kisen,TC001_TEXT_DATE_AUTOCONVERSION,10.Кві,10.04,DD.MMM → integer.month,2020-04-01_2020-06-30_output,deterministically_corrected
SWM_26926_20200624,26926,2020-06-24,Kisen,TC001_TEXT_DATE_AUTOCONVERSION,07.Тра,7.05,DD.MMM → integer.month,2020-04-01_2020-06-30_output,deterministically_corrected
SWM_26926_20200624,26926,2020-06-24,Hlorid,TC001_TEXT_DATE_AUTOCONVERSION,20.Тра,20.05,DD.MMM → integer.month,2020-04-01_2020-06-30_output,deterministically_corrected
SWM_26931_20200518,26931,2020-05-18,Zavisli,TC001_TEXT_DATE_AUTOCONVERSION,07.Тра,7.05,DD.MMM → integer.month,2020-04-01_2020-06-30_output,deterministically_corrected
SWM_26931_20200617,26931,2020-06-17,Amoniy,TC001_TEXT_DATE_AUTOCONVERSION,01.Бер,1.03,DD.MMM → integer.month,2020-04-01_2020-06-30_output,deterministically_corrected
SWM_26934_20200406,26934,2020-04-06,BSK5,TC001_TEXT_DATE_AUTOCONVERSION,Бер.25,3.25,MMM.YY → month.decimal_digits,2020-04-01_2020-06-30_output,deterministically_corrected
SWM_26934_20200406,26934,2020-04-06,Hlorid,TC001_TEXT_DATE_AUTOCONVERSION,15.Чер,15.06,DD.MMM → integer.month,2020-04-01_2020-06-30_output,deterministically_corrected
SWM_26934_20200406,26934,2020-04-06,HSK,TC001_TEXT_DATE_AUTOCONVERSION,14.Тра,14.05,DD.MMM → integer.month,2020-04-01_2020-06-30_output,deterministically_corrected
SWM_26939_20200407,26939,2020-04-07,Zavisli,TC001_TEXT_DATE_AUTOCONVERSION,10.Тра,10.05,DD.MMM → integer.month,2020-04-01_2020-06-30_output,deterministically_corrected
SWM_26939_20200513,26939,2020-05-13,Hlorid,TC001_TEXT_DATE_AUTOCONVERSION,29.Лип,29.07,DD.MMM → integer.month,2020-04-01_2020-06-30_output,deterministically_corrected
SWM_26939_20200611,26939,2020-06-11,BSK5,TC001_TEXT_DATE_AUTOCONVERSION,Бер.29,3.29,MMM.YY → month.decimal_digits,2020-04-01_2020-06-30_output,deterministically_corrected
SWM_26939_20200611,26939,2020-06-11,Permanganat,TC001_TEXT_DATE_AUTOCONVERSION,Вер.25,9.25,MMM.YY → month.decimal_digits,2020-04-01_2020-06-30_output,deterministically_corrected
SWM_26946_20200406,26946,2020-04-06,Zavisli,TC001_TEXT_DATE_AUTOCONVERSION,10.Кві,10.04,DD.MMM → integer.month,2020-04-01_2020-06-30_output,deterministically_corrected
SWM_26950_20200422,26950,2020-04-22,Sulfat,TC001_TEXT_DATE_AUTOCONVERSION,12.Кві,12.04,DD.MMM → integer.month,2020-04-01_2020-06-30_output,deterministically_corrected
SWM_26950_20200422,26950,2020-04-22,Nitrat,TC001_TEXT_DATE_AUTOCONVERSION,Жов.18,10.18,MMM.YY → month.decimal_digits,2020-04-01_2020-06-30_output,deterministically_corrected
SWM_26950_20200422,26950,2020-04-22,Permanganat,TC001_TEXT_DATE_AUTOCONVERSION,12.Тра,12.05,DD.MMM → integer.month,2020-04-01_2020-06-30_output,deterministically_corrected
SWM_26983_20200615,26983,2020-06-15,Zavisli,TC001_TEXT_DATE_AUTOCONVERSION,11.Вер,11.09,DD.MMM → integer.month,2020-04-01_2020-06-30_output,deterministically_corrected
SWM_26983_20200615,26983,2020-06-15,Hlorid,TC001_TEXT_DATE_AUTOCONVERSION,Вер.75,9.75,MMM.YY → month.decimal_digits,2020-04-01_2020-06-30_output,deterministically_corrected
SWM_26983_20200615,26983,2020-06-15,Nitrat,TC001_TEXT_DATE_AUTOCONVERSION,Січ.53,1.53,MMM.YY → month.decimal_digits,2020-04-01_2020-06-30_output,deterministically_corrected
SWM_26988_20200413,26988,2020-04-13,BSK5,TC001_TEXT_DATE_AUTOCONVERSION,03.Тра,3.05,DD.MMM → integer.month,2020-04-01_2020-06-30_output,deterministically_corrected
SWM_26988_20200413,26988,2020-04-13,Kisen,TC001_TEXT_DATE_AUTOCONVERSION,10.Тра,10.05,DD.MMM → integer.month,2020-04-01_2020-06-30_output,deterministically_corrected
SWM_26988_20200519,26988,2020-05-19,Hlorid,TC001_TEXT_DATE_AUTOCONVERSION,17.Тра,17.05,DD.MMM → integer.month,2020-04-01_2020-06-30_output,deterministically_corrected
SWM_26989_20200428,26989,2020-04-28,Nitrat,TC001_TEXT_DATE_AUTOCONVERSION,13.Кві,13.04,DD.MMM → integer.month,2020-04-01_2020-06-30_output,deterministically_corrected
SWM_26989_20200617,26989,2020-06-17,Kisen,TC001_TEXT_DATE_AUTOCONVERSION,01.Тра,1.05,DD.MMM → integer.month,2020-04-01_2020-06-30_output,deterministically_corrected
SWM_26991_20200416,26991,2020-04-16,Kisen,TC001_TEXT_DATE_AUTOCONVERSION,10.Січ,10.01,DD.MMM → integer.month,2020-04-01_2020-06-30_output,deterministically_corrected
SWM_26991_20200416,26991,2020-04-16,Hlorid,TC001_TEXT_DATE_AUTOCONVERSION,15.Лип,15.07,DD.MMM → integer.month,2020-04-01_2020-06-30_output,deterministically_corrected
SWM_26991_20200416,26991,2020-04-16,Nitrat,TC001_TEXT_DATE_AUTOCONVERSION,Січ.53,1.53,MMM.YY → month.decimal_digits,2020-04-01_2020-06-30_output,deterministically_corrected
SWM_26991_20200518,26991,2020-05-18,Zavisli,TC001_TEXT_DATE_AUTOCONVERSION,11.Вер,11.09,DD.MMM → integer.month,2020-04-01_2020-06-30_output,deterministically_corrected
SWM_26991_20200518,26991,2020-05-18,Nitrat,TC001_TEXT_DATE_AUTOCONVERSION,Січ.49,1.49,MMM.YY → month.decimal_digits,2020-04-01_2020-06-30_output,deterministically_corrected
SWM_26991_20200615,26991,2020-06-15,Hlorid,TC001_TEXT_DATE_AUTOCONVERSION,15.Лип,15.07,DD.MMM → integer.month,2020-04-01_2020-06-30_output,deterministically_corrected
SWM_26998_20200526,26998,2020-05-26,BSK5,TC001_TEXT_DATE_AUTOCONVERSION,01.Сер,1.08,DD.MMM → integer.month,2020-04-01_2020-06-30_output,deterministically_corrected
SWM_27047_20200505,27047,2020-05-05,Nitrat,TC001_TEXT_DATE_AUTOCONVERSION,Січ.99,1.99,MMM.YY → month.decimal_digits,2020-04-01_2020-06-30_output,deterministically_corrected
SWM_27047_20200505,27047,2020-05-05,Nitrit,TC001_TEXT_DATE_AUTOCONVERSION,Січ.99,1.99,MMM.YY → month.decimal_digits,2020-04-01_2020-06-30_output,deterministically_corrected
SWM_27047_20200602,27047,2020-06-02,Zavisli,TC001_TEXT_DATE_AUTOCONVERSION,12.Січ,12.01,DD.MMM → integer.month,2020-04-01_2020-06-30_output,deterministically_corrected
SWM_27048_20200401,27048,2020-04-01,Kisen,TC001_TEXT_DATE_AUTOCONVERSION,Жов.34,10.34,MMM.YY → month.decimal_digits,2020-04-01_2020-06-30_output,deterministically_corrected
SWM_27048_20200505,27048,2020-05-05,BSK5,TC001_TEXT_DATE_AUTOCONVERSION,02.Тра,2.05,DD.MMM → integer.month,2020-04-01_2020-06-30_output,deterministically_corrected
SWM_27048_20200505,27048,2020-05-05,Nitrat,TC001_TEXT_DATE_AUTOCONVERSION,02.Лют,2.02,DD.MMM → integer.month,2020-04-01_2020-06-30_output,deterministically_corrected
SWM_27049_20200617,27049,2020-06-17,Nitrat,TC001_TEXT_DATE_AUTOCONVERSION,Січ.24,1.24,MMM.YY → month.decimal_digits,2020-04-01_2020-06-30_output,deterministically_corrected
SWM_27062_20200428,27062,2020-04-28,Zavisli,TC001_TEXT_DATE_AUTOCONVERSION,09.Тра,9.05,DD.MMM → integer.month,2020-04-01_2020-06-30_output,deterministically_corrected
SWM_27104_20200609,27104,2020-06-09,BSK5,TC001_TEXT_DATE_AUTOCONVERSION,01.Лип,1.07,DD.MMM → integer.month,2020-04-01_2020-06-30_output,deterministically_corrected
SWM_27118_20200415,27118,2020-04-15,BSK5,TC001_TEXT_DATE_AUTOCONVERSION,Лют.98,2.98,MMM.YY → month.decimal_digits,2020-04-01_2020-06-30_output,deterministically_corrected
SWM_27118_20200415,27118,2020-04-15,Kisen,TC001_TEXT_DATE_AUTOCONVERSION,Жов.43,10.43,MMM.YY → month.decimal_digits,2020-04-01_2020-06-30_output,deterministically_corrected
SWM_27118_20200512,27118,2020-05-12,Nitrat,TC001_TEXT_DATE_AUTOCONVERSION,Січ.47,1.47,MMM.YY → month.decimal_digits,2020-04-01_2020-06-30_output,deterministically_corrected
SWM_27118_20200611,27118,2020-06-11,BSK5,TC001_TEXT_DATE_AUTOCONVERSION,Лют.79,2.79,MMM.YY → month.decimal_digits,2020-04-01_2020-06-30_output,deterministically_corrected
SWM_27120_20200406,27120,2020-04-06,BSK5,TC001_TEXT_DATE_AUTOCONVERSION,Лют.46,2.46,MMM.YY → month.decimal_digits,2020-04-01_2020-06-30_output,deterministically_corrected
SWM_27120_20200512,27120,2020-05-12,BSK5,TC001_TEXT_DATE_AUTOCONVERSION,Лют.29,2.29,MMM.YY → month.decimal_digits,2020-04-01_2020-06-30_output,deterministically_corrected
SWM_27120_20200609,27120,2020-06-09,BSK5,TC001_TEXT_DATE_AUTOCONVERSION,Лют.27,2.27,MMM.YY → month.decimal_digits,2020-04-01_2020-06-30_output,deterministically_corrected
SWM_27120_20200609,27120,2020-06-09,Zavisli,TC001_TEXT_DATE_AUTOCONVERSION,05.Тра,5.05,DD.MMM → integer.month,2020-04-01_2020-06-30_output,deterministically_corrected
SWM_27122_20200512,27122,2020-05-12,Kisen,TC001_TEXT_DATE_AUTOCONVERSION,Сер.75,8.75,MMM.YY → month.decimal_digits,2020-04-01_2020-06-30_output,deterministically_corrected
SWM_27122_20200512,27122,2020-05-12,Nitrat,TC001_TEXT_DATE_AUTOCONVERSION,01.Кві,1.04,DD.MMM → integer.month,2020-04-01_2020-06-30_output,deterministically_corrected
SWM_27135_20200506,27135,2020-05-06,Nitrat,TC001_TEXT_DATE_AUTOCONVERSION,01.Січ,1.01,DD.MMM → integer.month,2020-04-01_2020-06-30_output,deterministically_corrected
SWM_27185_20200416,27185,2020-04-16,Zavisli,TC001_TEXT_DATE_AUTOCONVERSION,10.Тра,10.05,DD.MMM → integer.month,2020-04-01_2020-06-30_output,deterministically_corrected
SWM_27185_20200416,27185,2020-04-16,Fosfat,TC001_TEXT_DATE_AUTOCONVERSION,01.Лют,1.02,DD.MMM → integer.month,2020-04-01_2020-06-30_output,deterministically_corrected
SWM_27185_20200521,27185,2020-05-21,BSK5,TC001_TEXT_DATE_AUTOCONVERSION,Бер.21,3.21,MMM.YY → month.decimal_digits,2020-04-01_2020-06-30_output,deterministically_corrected
SWM_27185_20200521,27185,2020-05-21,Zavisli,TC001_TEXT_DATE_AUTOCONVERSION,10.Тра,10.05,DD.MMM → integer.month,2020-04-01_2020-06-30_output,deterministically_corrected
SWM_27189_20200402,27189,2020-04-02,Zavisli,TC001_TEXT_DATE_AUTOCONVERSION,Лип.54,7.54,MMM.YY → month.decimal_digits,2020-04-01_2020-06-30_output,deterministically_corrected
SWM_27226_20200407,27226,2020-04-07,Azot,TC001_TEXT_DATE_AUTOCONVERSION,01.Тра,1.05,DD.MMM → integer.month,2020-04-01_2020-06-30_output,deterministically_corrected
SWM_27226_20200407,27226,2020-04-07,BSK5,TC001_TEXT_DATE_AUTOCONVERSION,Лют.21,2.21,MMM.YY → month.decimal_digits,2020-04-01_2020-06-30_output,deterministically_corrected
SWM_27226_20200407,27226,2020-04-07,Nitrat,TC001_TEXT_DATE_AUTOCONVERSION,Тра.29,5.29,MMM.YY → month.decimal_digits,2020-04-01_2020-06-30_output,deterministically_corrected
SWM_27226_20200624,27226,2020-06-24,Hlorid,TC001_TEXT_DATE_AUTOCONVERSION,14.Тра,14.05,DD.MMM → integer.month,2020-04-01_2020-06-30_output,deterministically_corrected
SWM_27229_20200408,27229,2020-04-08,Azot,TC001_TEXT_DATE_AUTOCONVERSION,Січ.25,1.25,MMM.YY → month.decimal_digits,2020-04-01_2020-06-30_output,deterministically_corrected
SWM_27229_20200408,27229,2020-04-08,Kisen,TC001_TEXT_DATE_AUTOCONVERSION,10.Кві,10.04,DD.MMM → integer.month,2020-04-01_2020-06-30_output,deterministically_corrected
SWM_27229_20200506,27229,2020-05-06,BSK5,TC001_TEXT_DATE_AUTOCONVERSION,Лют.21,2.21,MMM.YY → month.decimal_digits,2020-04-01_2020-06-30_output,deterministically_corrected
SWM_27229_20200617,27229,2020-06-17,Nitrat,TC001_TEXT_DATE_AUTOCONVERSION,Кві.96,4.96,MMM.YY → month.decimal_digits,2020-04-01_2020-06-30_output,deterministically_corrected
SWM_27229_20200617,27229,2020-06-17,Permanganat,TC001_TEXT_DATE_AUTOCONVERSION,Бер.25,3.25,MMM.YY → month.decimal_digits,2020-04-01_2020-06-30_output,deterministically_corrected
SWM_27230_20200408,27230,2020-04-08,BSK5,TC001_TEXT_DATE_AUTOCONVERSION,02.Кві,2.04,DD.MMM → integer.month,2020-04-01_2020-06-30_output,deterministically_corrected
SWM_27230_20200408,27230,2020-04-08,Kisen,TC001_TEXT_DATE_AUTOCONVERSION,10.Тра,10.05,DD.MMM → integer.month,2020-04-01_2020-06-30_output,deterministically_corrected
SWM_27230_20200506,27230,2020-05-06,Kisen,TC001_TEXT_DATE_AUTOCONVERSION,10.Січ,10.01,DD.MMM → integer.month,2020-04-01_2020-06-30_output,deterministically_corrected
SWM_27230_20200617,27230,2020-06-17,HSK,TC001_TEXT_DATE_AUTOCONVERSION,13.Тра,13.05,DD.MMM → integer.month,2020-04-01_2020-06-30_output,deterministically_corrected
SWM_27231_20200506,27231,2020-05-06,HSK,TC001_TEXT_DATE_AUTOCONVERSION,14.Січ,14.01,DD.MMM → integer.month,2020-04-01_2020-06-30_output,deterministically_corrected
SWM_27255_20200427,27255,2020-04-27,Nitrat,TC001_TEXT_DATE_AUTOCONVERSION,06.Тра,6.05,DD.MMM → integer.month,2020-04-01_2020-06-30_output,deterministically_corrected
SWM_27255_20200525,27255,2020-05-25,Nitrat,TC001_TEXT_DATE_AUTOCONVERSION,04.Тра,4.05,DD.MMM → integer.month,2020-04-01_2020-06-30_output,deterministically_corrected
SWM_27255_20200622,27255,2020-06-22,BSK5,TC001_TEXT_DATE_AUTOCONVERSION,03.Тра,3.05,DD.MMM → integer.month,2020-04-01_2020-06-30_output,deterministically_corrected
SWM_27255_20200622,27255,2020-06-22,Nitrat,TC001_TEXT_DATE_AUTOCONVERSION,05.Тра,5.05,DD.MMM → integer.month,2020-04-01_2020-06-30_output,deterministically_corrected
SWM_27256_20200427,27256,2020-04-27,Nitrat,TC001_TEXT_DATE_AUTOCONVERSION,07.Тра,7.05,DD.MMM → integer.month,2020-04-01_2020-06-30_output,deterministically_corrected
SWM_27256_20200525,27256,2020-05-25,BSK5,TC001_TEXT_DATE_AUTOCONVERSION,02.Тра,2.05,DD.MMM → integer.month,2020-04-01_2020-06-30_output,deterministically_corrected
SWM_27256_20200525,27256,2020-05-25,Nitrat,TC001_TEXT_DATE_AUTOCONVERSION,09.Тра,9.05,DD.MMM → integer.month,2020-04-01_2020-06-30_output,deterministically_corrected
SWM_27256_20200622,27256,2020-06-22,Nitrat,TC001_TEXT_DATE_AUTOCONVERSION,10.Тра,10.05,DD.MMM → integer.month,2020-04-01_2020-06-30_output,deterministically_corrected
SWM_27258_20200428,27258,2020-04-28,Azot,TC001_TEXT_DATE_AUTOCONVERSION,01.Бер,1.03,DD.MMM → integer.month,2020-04-01_2020-06-30_output,deterministically_corrected
SWM_27258_20200428,27258,2020-04-28,BSK5,TC001_TEXT_DATE_AUTOCONVERSION,02.Тра,2.05,DD.MMM → integer.month,2020-04-01_2020-06-30_output,deterministically_corrected
SWM_27258_20200623,27258,2020-06-23,Nitrat,TC001_TEXT_DATE_AUTOCONVERSION,10.Тра,10.05,DD.MMM → integer.month,2020-04-01_2020-06-30_output,deterministically_corrected
SWM_27260_20200427,27260,2020-04-27,BSK5,TC001_TEXT_DATE_AUTOCONVERSION,02.Тра,2.05,DD.MMM → integer.month,2020-04-01_2020-06-30_output,deterministically_corrected
SWM_27260_20200427,27260,2020-04-27,Kisen,TC001_TEXT_DATE_AUTOCONVERSION,11.Кві,11.04,DD.MMM → integer.month,2020-04-01_2020-06-30_output,deterministically_corrected
SWM_27260_20200427,27260,2020-04-27,Nitrat,TC001_TEXT_DATE_AUTOCONVERSION,09.Тра,9.05,DD.MMM → integer.month,2020-04-01_2020-06-30_output,deterministically_corrected
SWM_27260_20200525,27260,2020-05-25,Azot,TC001_TEXT_DATE_AUTOCONVERSION,01.Сер,1.08,DD.MMM → integer.month,2020-04-01_2020-06-30_output,deterministically_corrected
SWM_27260_20200525,27260,2020-05-25,Nitrat,TC001_TEXT_DATE_AUTOCONVERSION,07.Тра,7.05,DD.MMM → integer.month,2020-04-01_2020-06-30_output,deterministically_corrected
SWM_27300_20200505,27300,2020-05-05,Kisen,TC001_TEXT_DATE_AUTOCONVERSION,11.Чер,11.06,DD.MMM → integer.month,2020-04-01_2020-06-30_output,deterministically_corrected
SWM_27300_20200602,27300,2020-06-02,Sulfat,TC001_TEXT_DATE_AUTOCONVERSION,10.Вер,10.09,DD.MMM → integer.month,2020-04-01_2020-06-30_output,deterministically_corrected
SWM_27301_20200414,27301,2020-04-14,Permanganat,TC001_TEXT_DATE_AUTOCONVERSION,02.Тра,2.05,DD.MMM → integer.month,2020-04-01_2020-06-30_output,deterministically_corrected
SWM_27301_20200505,27301,2020-05-05,Zavisli,TC001_TEXT_DATE_AUTOCONVERSION,06.Тра,6.05,DD.MMM → integer.month,2020-04-01_2020-06-30_output,deterministically_corrected
SWM_27301_20200505,27301,2020-05-05,Kisen,TC001_TEXT_DATE_AUTOCONVERSION,11.Кві,11.04,DD.MMM → integer.month,2020-04-01_2020-06-30_output,deterministically_corrected
SWM_27301_20200602,27301,2020-06-02,BSK5,TC001_TEXT_DATE_AUTOCONVERSION,01.Сер,1.08,DD.MMM → integer.month,2020-04-01_2020-06-30_output,deterministically_corrected
SWM_27301_20200602,27301,2020-06-02,Hlorid,TC001_TEXT_DATE_AUTOCONVERSION,02.Тра,2.05,DD.MMM → integer.month,2020-04-01_2020-06-30_output,deterministically_corrected
SWM_27302_20200505,27302,2020-05-05,BSK5,TC001_TEXT_DATE_AUTOCONVERSION,01.Лип,1.07,DD.MMM → integer.month,2020-04-01_2020-06-30_output,deterministically_corrected
SWM_27302_20200505,27302,2020-05-05,Kisen,TC001_TEXT_DATE_AUTOCONVERSION,11.Січ,11.01,DD.MMM → integer.month,2020-04-01_2020-06-30_output,deterministically_corrected
SWM_27302_20200505,27302,2020-05-05,Hlorid,TC001_TEXT_DATE_AUTOCONVERSION,06.Тра,6.05,DD.MMM → integer.month,2020-04-01_2020-06-30_output,deterministically_corrected
SWM_27303_20200401,27303,2020-04-01,Permanganat,TC001_TEXT_DATE_AUTOCONVERSION,Бер.52,3.52,MMM.YY → month.decimal_digits,2020-04-01_2020-06-30_output,deterministically_corrected
SWM_27303_20200506,27303,2020-05-06,Sulfat,TC001_TEXT_DATE_AUTOCONVERSION,10.Кві,10.04,DD.MMM → integer.month,2020-04-01_2020-06-30_output,deterministically_corrected
SWM_27303_20200506,27303,2020-05-06,Nitrat,TC001_TEXT_DATE_AUTOCONVERSION,Лют.48,2.48,MMM.YY → month.decimal_digits,2020-04-01_2020-06-30_output,deterministically_corrected
SWM_27303_20200506,27303,2020-05-06,HSK,TC001_TEXT_DATE_AUTOCONVERSION,13.Тра,13.05,DD.MMM → integer.month,2020-04-01_2020-06-30_output,deterministically_corrected
SWM_27304_20200401,27304,2020-04-01,Kisen,TC001_TEXT_DATE_AUTOCONVERSION,12.Січ,12.01,DD.MMM → integer.month,2020-04-01_2020-06-30_output,deterministically_corrected
SWM_27304_20200401,27304,2020-04-01,Hlorid,TC001_TEXT_DATE_AUTOCONVERSION,10.Чер,10.06,DD.MMM → integer.month,2020-04-01_2020-06-30_output,deterministically_corrected
SWM_27304_20200506,27304,2020-05-06,HSK,TC001_TEXT_DATE_AUTOCONVERSION,13.Кві,13.04,DD.MMM → integer.month,2020-04-01_2020-06-30_output,deterministically_corrected
SWM_27304_20200603,27304,2020-06-03,Kisen,TC001_TEXT_DATE_AUTOCONVERSION,10.Кві,10.04,DD.MMM → integer.month,2020-04-01_2020-06-30_output,deterministically_corrected
SWM_27304_20200603,27304,2020-06-03,Permanganat,TC001_TEXT_DATE_AUTOCONVERSION,05.Кві,5.04,DD.MMM → integer.month,2020-04-01_2020-06-30_output,deterministically_corrected
SWM_27320_20200615,27320,2020-06-15,Azot,TC001_TEXT_DATE_AUTOCONVERSION,Січ.24,1.24,MMM.YY → month.decimal_digits,2020-04-01_2020-06-30_output,deterministically_corrected
SWM_27326_20200413,27326,2020-04-13,Azot,TC001_TEXT_DATE_AUTOCONVERSION,Січ.96,1.96,MMM.YY → month.decimal_digits,2020-04-01_2020-06-30_output,deterministically_corrected
SWM_27328_20200413,27328,2020-04-13,Azot,TC001_TEXT_DATE_AUTOCONVERSION,13.Лют,13.02,DD.MMM → integer.month,2020-04-01_2020-06-30_output,deterministically_corrected
SWM_27328_20200413,27328,2020-04-13,BSK5,TC001_TEXT_DATE_AUTOCONVERSION,01.Тра,1.05,DD.MMM → integer.month,2020-04-01_2020-06-30_output,deterministically_corrected
SWM_27330_20200414,27330,2020-04-14,Kisen,TC001_TEXT_DATE_AUTOCONVERSION,06.Тра,6.05,DD.MMM → integer.month,2020-04-01_2020-06-30_output,deterministically_corrected
SWM_27330_20200414,27330,2020-04-14,Fosfat,TC001_TEXT_DATE_AUTOCONVERSION,Січ.96,1.96,MMM.YY → month.decimal_digits,2020-04-01_2020-06-30_output,deterministically_corrected
SWM_27330_20200520,27330,2020-05-20,Kisen,TC001_TEXT_DATE_AUTOCONVERSION,06.Тра,6.05,DD.MMM → integer.month,2020-04-01_2020-06-30_output,deterministically_corrected
SWM_27330_20200520,27330,2020-05-20,Amoniy,TC001_TEXT_DATE_AUTOCONVERSION,Бер.25,3.25,MMM.YY → month.decimal_digits,2020-04-01_2020-06-30_output,deterministically_corrected
SWM_27330_20200603,27330,2020-06-03,Nitrat,TC001_TEXT_DATE_AUTOCONVERSION,Жов.43,10.43,MMM.YY → month.decimal_digits,2020-04-01_2020-06-30_output,deterministically_corrected
SWM_27330_20200603,27330,2020-06-03,Fosfat,TC001_TEXT_DATE_AUTOCONVERSION,Січ.47,1.47,MMM.YY → month.decimal_digits,2020-04-01_2020-06-30_output,deterministically_corrected
SWM_27333_20200401,27333,2020-04-01,Amoniy,TC001_TEXT_DATE_AUTOCONVERSION,Лют.21,2.21,MMM.YY → month.decimal_digits,2020-04-01_2020-06-30_output,deterministically_corrected
SWM_27333_20200401,27333,2020-04-01,Nitrat,TC001_TEXT_DATE_AUTOCONVERSION,Жов.43,10.43,MMM.YY → month.decimal_digits,2020-04-01_2020-06-30_output,deterministically_corrected
SWM_27333_20200401,27333,2020-04-01,Fosfat,TC001_TEXT_DATE_AUTOCONVERSION,01.Лют,1.02,DD.MMM → integer.month,2020-04-01_2020-06-30_output,deterministically_corrected
SWM_27333_20200505,27333,2020-05-05,Kisen,TC001_TEXT_DATE_AUTOCONVERSION,07.Тра,7.05,DD.MMM → integer.month,2020-04-01_2020-06-30_output,deterministically_corrected
SWM_27333_20200505,27333,2020-05-05,Fosfat,TC001_TEXT_DATE_AUTOCONVERSION,Січ.72,1.72,MMM.YY → month.decimal_digits,2020-04-01_2020-06-30_output,deterministically_corrected
SWM_27333_20200602,27333,2020-06-02,Fosfat,TC001_TEXT_DATE_AUTOCONVERSION,01.Тра,1.05,DD.MMM → integer.month,2020-04-01_2020-06-30_output,deterministically_corrected
SWM_27584_20200414,27584,2020-04-14,Nitrat,TC001_TEXT_DATE_AUTOCONVERSION,Лют.52,2.52,MMM.YY → month.decimal_digits,2020-04-01_2020-06-30_output,deterministically_corrected
SWM_27584_20200414,27584,2020-04-14,HSK,TC001_TEXT_DATE_AUTOCONVERSION,19.Тра,19.05,DD.MMM → integer.month,2020-04-01_2020-06-30_output,deterministically_corrected
SWM_27590_20200407,27590,2020-04-07,BSK5,TC001_TEXT_DATE_AUTOCONVERSION,Бер.52,3.52,MMM.YY → month.decimal_digits,2020-04-01_2020-06-30_output,deterministically_corrected
SWM_27590_20200407,27590,2020-04-07,Zavisli,TC001_TEXT_DATE_AUTOCONVERSION,09.Тра,9.05,DD.MMM → integer.month,2020-04-01_2020-06-30_output,deterministically_corrected
SWM_27590_20200407,27590,2020-04-07,Kisen,TC001_TEXT_DATE_AUTOCONVERSION,10.Січ,10.01,DD.MMM → integer.month,2020-04-01_2020-06-30_output,deterministically_corrected
SWM_27590_20200513,27590,2020-05-13,HSK,TC001_TEXT_DATE_AUTOCONVERSION,19.Тра,19.05,DD.MMM → integer.month,2020-04-01_2020-06-30_output,deterministically_corrected
SWM_27590_20200622,27590,2020-06-22,Azot,TC001_TEXT_DATE_AUTOCONVERSION,Січ.98,1.98,MMM.YY → month.decimal_digits,2020-04-01_2020-06-30_output,deterministically_corrected
SWM_27590_20200622,27590,2020-06-22,BSK5,TC001_TEXT_DATE_AUTOCONVERSION,Бер.52,3.52,MMM.YY → month.decimal_digits,2020-04-01_2020-06-30_output,deterministically_corrected
SWM_27592_20200407,27592,2020-04-07,Kisen,TC001_TEXT_DATE_AUTOCONVERSION,Жов.23,10.23,MMM.YY → month.decimal_digits,2020-04-01_2020-06-30_output,deterministically_corrected
SWM_27592_20200513,27592,2020-05-13,Kisen,TC001_TEXT_DATE_AUTOCONVERSION,Жов.41,10.41,MMM.YY → month.decimal_digits,2020-04-01_2020-06-30_output,deterministically_corrected
SWM_27778_20200610,27778,2020-06-10,Kisen,TC001_TEXT_DATE_AUTOCONVERSION,10.Тра,10.05,DD.MMM → integer.month,2020-04-01_2020-06-30_output,deterministically_corrected
SWM_27780_20200513,27780,2020-05-13,Kisen,TC001_TEXT_DATE_AUTOCONVERSION,12.Вер,12.09,DD.MMM → integer.month,2020-04-01_2020-06-30_output,deterministically_corrected
SWM_27782_20200408,27782,2020-04-08,Kisen,TC001_TEXT_DATE_AUTOCONVERSION,10.Чер,10.06,DD.MMM → integer.month,2020-04-01_2020-06-30_output,deterministically_corrected
SWM_27782_20200513,27782,2020-05-13,Kisen,TC001_TEXT_DATE_AUTOCONVERSION,12.Чер,12.06,DD.MMM → integer.month,2020-04-01_2020-06-30_output,deterministically_corrected
SWM_27784_20200408,27784,2020-04-08,BSK5,TC001_TEXT_DATE_AUTOCONVERSION,01.Тра,1.05,DD.MMM → integer.month,2020-04-01_2020-06-30_output,deterministically_corrected
SWM_27784_20200513,27784,2020-05-13,BSK5,TC001_TEXT_DATE_AUTOCONVERSION,01.Лип,1.07,DD.MMM → integer.month,2020-04-01_2020-06-30_output,deterministically_corrected
SWM_27784_20200513,27784,2020-05-13,Kisen,TC001_TEXT_DATE_AUTOCONVERSION,12.Кві,12.04,DD.MMM → integer.month,2020-04-01_2020-06-30_output,deterministically_corrected
SWM_27822_20200406,27822,2020-04-06,Azot,TC001_TEXT_DATE_AUTOCONVERSION,01.Лют,1.02,DD.MMM → integer.month,2020-04-01_2020-06-30_output,deterministically_corrected
SWM_27822_20200406,27822,2020-04-06,Kisen,TC001_TEXT_DATE_AUTOCONVERSION,12.Чер,12.06,DD.MMM → integer.month,2020-04-01_2020-06-30_output,deterministically_corrected
SWM_27822_20200601,27822,2020-06-01,Kisen,TC001_TEXT_DATE_AUTOCONVERSION,10.Кві,10.04,DD.MMM → integer.month,2020-04-01_2020-06-30_output,deterministically_corrected
SWM_27824_20200413,27824,2020-04-13,Kisen,TC001_TEXT_DATE_AUTOCONVERSION,10.Тра,10.05,DD.MMM → integer.month,2020-04-01_2020-06-30_output,deterministically_corrected
SWM_27824_20200518,27824,2020-05-18,BSK5,TC001_TEXT_DATE_AUTOCONVERSION,02.Тра,2.05,DD.MMM → integer.month,2020-04-01_2020-06-30_output,deterministically_corrected
SWM_27824_20200518,27824,2020-05-18,Kisen,TC001_TEXT_DATE_AUTOCONVERSION,08.Тра,8.05,DD.MMM → integer.month,2020-04-01_2020-06-30_output,deterministically_corrected
SWM_27824_20200518,27824,2020-05-18,Nitrat,TC001_TEXT_DATE_AUTOCONVERSION,03.Тра,3.05,DD.MMM → integer.month,2020-04-01_2020-06-30_output,deterministically_corrected
SWM_27824_20200615,27824,2020-06-15,Azot,TC001_TEXT_DATE_AUTOCONVERSION,01.Тра,1.05,DD.MMM → integer.month,2020-04-01_2020-06-30_output,deterministically_corrected
SWM_27826_20200406,27826,2020-04-06,BSK5,TC001_TEXT_DATE_AUTOCONVERSION,03.Тра,3.05,DD.MMM → integer.month,2020-04-01_2020-06-30_output,deterministically_corrected
SWM_27826_20200504,27826,2020-05-04,Nitrat,TC001_TEXT_DATE_AUTOCONVERSION,Січ.23,1.23,MMM.YY → month.decimal_digits,2020-04-01_2020-06-30_output,deterministically_corrected
SWM_27829_20200422,27829,2020-04-22,Kisen,TC001_TEXT_DATE_AUTOCONVERSION,10.Вер,10.09,DD.MMM → integer.month,2020-04-01_2020-06-30_output,deterministically_corrected
SWM_27829_20200616,27829,2020-06-16,BSK5,TC001_TEXT_DATE_AUTOCONVERSION,01.Лют,1.02,DD.MMM → integer.month,2020-04-01_2020-06-30_output,deterministically_corrected
SWM_27851_20200505,27851,2020-05-05,Sulfat,TC001_TEXT_DATE_AUTOCONVERSION,15.Кві,15.04,DD.MMM → integer.month,2020-04-01_2020-06-30_output,deterministically_corrected
SWM_27851_20200603,27851,2020-06-03,Sulfat,TC001_TEXT_DATE_AUTOCONVERSION,12.Тра,12.05,DD.MMM → integer.month,2020-04-01_2020-06-30_output,deterministically_corrected
SWM_27851_20200603,27851,2020-06-03,Nitrat,TC001_TEXT_DATE_AUTOCONVERSION,Лют.96,2.96,MMM.YY → month.decimal_digits,2020-04-01_2020-06-30_output,deterministically_corrected
SWM_27853_20200513,27853,2020-05-13,BSK5,TC001_TEXT_DATE_AUTOCONVERSION,14.Кві,14.04,DD.MMM → integer.month,2020-04-01_2020-06-30_output,deterministically_corrected
SWM_27853_20200513,27853,2020-05-13,Sulfat,TC001_TEXT_DATE_AUTOCONVERSION,12.Тра,12.05,DD.MMM → integer.month,2020-04-01_2020-06-30_output,deterministically_corrected
SWM_37866_20200413,37866,2020-04-13,Kisen,TC001_TEXT_DATE_AUTOCONVERSION,09.Тра,9.05,DD.MMM → integer.month,2020-04-01_2020-06-30_output,deterministically_corrected
SWM_26950_20200514,26950,2020-05-14,Sulfat,TC001_TEXT_DATE_AUTOCONVERSION,15.Вер,15.09,DD.MMM → integer.month,2020-04-01_2020-06-30_output,deterministically_corrected
SWM_26950_20200514,26950,2020-05-14,Permanganat,TC001_TEXT_DATE_AUTOCONVERSION,10.Вер,10.09,DD.MMM → integer.month,2020-04-01_2020-06-30_output,deterministically_corrected
SWM_26950_20200514,26950,2020-05-14,HSK,TC001_TEXT_DATE_AUTOCONVERSION,22.Тра,22.05,DD.MMM → integer.month,2020-04-01_2020-06-30_output,deterministically_corrected
SWM_27231_20200617,27231,2020-06-17,Azot,TC001_TEXT_DATE_AUTOCONVERSION,Січ.54,1.54,MMM.YY → month.decimal_digits,2020-04-01_2020-06-30_output,deterministically_corrected
SWM_27231_20200617,27231,2020-06-17,BSK5,TC001_TEXT_DATE_AUTOCONVERSION,Лют.23,2.23,MMM.YY → month.decimal_digits,2020-04-01_2020-06-30_output,deterministically_corrected
SWM_27231_20200617,27231,2020-06-17,Permanganat,TC001_TEXT_DATE_AUTOCONVERSION,Бер.54,3.54,MMM.YY → month.decimal_digits,2020-04-01_2020-06-30_output,deterministically_corrected
SWM_27231_20200617,27231,2020-06-17,HSK,TC001_TEXT_DATE_AUTOCONVERSION,13.Вер,13.09,DD.MMM → integer.month,2020-04-01_2020-06-30_output,deterministically_corrected
SWM_27262_20200421,27262,2020-04-21,BSK5,TC001_TEXT_DATE_AUTOCONVERSION,02.Тра,2.05,DD.MMM → integer.month,2020-04-01_2020-06-30_output,deterministically_corrected
SWM_27305_20200423,27305,2020-04-23,Azot,TC001_TEXT_DATE_AUTOCONVERSION,01.Лют,1.02,DD.MMM → integer.month,2020-04-01_2020-06-30_output,deterministically_corrected
SWM_27305_20200423,27305,2020-04-23,Kisen,TC001_TEXT_DATE_AUTOCONVERSION,11.Чер,11.06,DD.MMM → integer.month,2020-04-01_2020-06-30_output,deterministically_corrected
SWM_27305_20200423,27305,2020-04-23,Nitrat,TC001_TEXT_DATE_AUTOCONVERSION,Лют.79,2.79,MMM.YY → month.decimal_digits,2020-04-01_2020-06-30_output,deterministically_corrected
SWM_27831_20200422,27831,2020-04-22,BSK5,TC001_TEXT_DATE_AUTOCONVERSION,01.Лют,1.02,DD.MMM → integer.month,2020-04-01_2020-06-30_output,deterministically_corrected
SWM_27831_20200422,27831,2020-04-22,Sulfat,TC001_TEXT_DATE_AUTOCONVERSION,14.Чер,14.06,DD.MMM → integer.month,2020-04-01_2020-06-30_output,deterministically_corrected
SWM_37866_20200615,37866,2020-06-15,Azot,TC001_TEXT_DATE_AUTOCONVERSION,13.Чер,13.06,DD.MMM → integer.month,2020-04-01_2020-06-30_output,deterministically_corrected
SWM_27305_20200505,27305,2020-05-05,Kisen,TC001_TEXT_DATE_AUTOCONVERSION,10.Кві,10.04,DD.MMM → integer.month,2020-04-01_2020-06-30_output,deterministically_corrected
SWM_27305_20200602,27305,2020-06-02,Azot,TC001_TEXT_DATE_AUTOCONVERSION,01.Бер,1.03,DD.MMM → integer.month,2020-04-01_2020-06-30_output,deterministically_corrected
SWM_27305_20200602,27305,2020-06-02,Kisen,TC001_TEXT_DATE_AUTOCONVERSION,13.Кві,13.04,DD.MMM → integer.month,2020-04-01_2020-06-30_output,deterministically_corrected
SWM_27305_20200602,27305,2020-06-02,Nitrat,TC001_TEXT_DATE_AUTOCONVERSION,02.Тра,2.05,DD.MMM → integer.month,2020-04-01_2020-06-30_output,deterministically_corrected
SWM_27305_20200602,27305,2020-06-02,HSK,TC001_TEXT_DATE_AUTOCONVERSION,10.Тра,10.05,DD.MMM → integer.month,2020-04-01_2020-06-30_output,deterministically_corrected
SWM_27306_20200414,27306,2020-04-14,Azot,TC001_TEXT_DATE_AUTOCONVERSION,Січ.73,1.73,MMM.YY → month.decimal_digits,2020-04-01_2020-06-30_output,deterministically_corrected
SWM_27306_20200612,27306,2020-06-12,Azot,TC001_TEXT_DATE_AUTOCONVERSION,01.Сер,1.08,DD.MMM → integer.month,2020-04-01_2020-06-30_output,deterministically_corrected
SWM_27306_20200612,27306,2020-06-12,Kisen,TC001_TEXT_DATE_AUTOCONVERSION,11.Січ,11.01,DD.MMM → integer.month,2020-04-01_2020-06-30_output,deterministically_corrected
SWM_27308_20200413,27308,2020-04-13,Kisen,TC001_TEXT_DATE_AUTOCONVERSION,10.Тра,10.05,DD.MMM → integer.month,2020-04-01_2020-06-30_output,deterministically_corrected
SWM_27308_20200512,27308,2020-05-12,Permanganat,TC001_TEXT_DATE_AUTOCONVERSION,Лют.48,2.48,MMM.YY → month.decimal_digits,2020-04-01_2020-06-30_output,deterministically_corrected
SWM_27308_20200609,27308,2020-06-09,BSK5,TC001_TEXT_DATE_AUTOCONVERSION,Січ.78,1.78,MMM.YY → month.decimal_digits,2020-04-01_2020-06-30_output,deterministically_corrected
SWM_27339_20200505,27339,2020-05-05,Kisen,TC001_TEXT_DATE_AUTOCONVERSION,01.Лип,1.07,DD.MMM → integer.month,2020-04-01_2020-06-30_output,deterministically_corrected
SWM_27339_20200505,27339,2020-05-05,Nitrit,TC001_TEXT_DATE_AUTOCONVERSION,Лют.27,2.27,MMM.YY → month.decimal_digits,2020-04-01_2020-06-30_output,deterministically_corrected
SWM_27339_20200602,27339,2020-06-02,Kisen,TC001_TEXT_DATE_AUTOCONVERSION,01.Сер,1.08,DD.MMM → integer.month,2020-04-01_2020-06-30_output,deterministically_corrected
SWM_27339_20200602,27339,2020-06-02,Nitrit,TC001_TEXT_DATE_AUTOCONVERSION,02.Кві,2.04,DD.MMM → integer.month,2020-04-01_2020-06-30_output,deterministically_corrected
SWM_27343_20200422,27343,2020-04-22,Azot,TC001_TEXT_DATE_AUTOCONVERSION,01.Лют,1.02,DD.MMM → integer.month,2020-04-01_2020-06-30_output,deterministically_corrected
SWM_27343_20200422,27343,2020-04-22,BSK5,TC001_TEXT_DATE_AUTOCONVERSION,01.Тра,1.05,DD.MMM → integer.month,2020-04-01_2020-06-30_output,deterministically_corrected
SWM_27343_20200519,27343,2020-05-19,BSK5,TC001_TEXT_DATE_AUTOCONVERSION,01.Тра,1.05,DD.MMM → integer.month,2020-04-01_2020-06-30_output,deterministically_corrected
SWM_27343_20200617,27343,2020-06-17,BSK5,TC001_TEXT_DATE_AUTOCONVERSION,01.Тра,1.05,DD.MMM → integer.month,2020-04-01_2020-06-30_output,deterministically_corrected
SWM_27344_20200422,27344,2020-04-22,BSK5,TC001_TEXT_DATE_AUTOCONVERSION,01.Тра,1.05,DD.MMM → integer.month,2020-04-01_2020-06-30_output,deterministically_corrected
SWM_27344_20200617,27344,2020-06-17,BSK5,TC001_TEXT_DATE_AUTOCONVERSION,01.Тра,1.05,DD.MMM → integer.month,2020-04-01_2020-06-30_output,deterministically_corrected
SWM_27345_20200519,27345,2020-05-19,BSK5,TC001_TEXT_DATE_AUTOCONVERSION,01.Сер,1.08,DD.MMM → integer.month,2020-04-01_2020-06-30_output,deterministically_corrected
SWM_27788_20200513,27788,2020-05-13,Kisen,TC001_TEXT_DATE_AUTOCONVERSION,12.Вер,12.09,DD.MMM → integer.month,2020-04-01_2020-06-30_output,deterministically_corrected
SWM_27788_20200513,27788,2020-05-13,HSK,TC001_TEXT_DATE_AUTOCONVERSION,05.Тра,5.05,DD.MMM → integer.month,2020-04-01_2020-06-30_output,deterministically_corrected
SWM_27788_20200610,27788,2020-06-10,Kisen,TC001_TEXT_DATE_AUTOCONVERSION,10.Січ,10.01,DD.MMM → integer.month,2020-04-01_2020-06-30_output,deterministically_corrected
SWM_27790_20200519,27790,2020-05-19,Kisen,TC001_TEXT_DATE_AUTOCONVERSION,11.Кві,11.04,DD.MMM → integer.month,2020-04-01_2020-06-30_output,deterministically_corrected
SWM_27790_20200616,27790,2020-06-16,BSK5,TC001_TEXT_DATE_AUTOCONVERSION,01.Бер,1.03,DD.MMM → integer.month,2020-04-01_2020-06-30_output,deterministically_corrected
SWM_27793_20200519,27793,2020-05-19,BSK5,TC001_TEXT_DATE_AUTOCONVERSION,01.Лют,1.02,DD.MMM → integer.month,2020-04-01_2020-06-30_output,deterministically_corrected
SWM_27793_20200519,27793,2020-05-19,Kisen,TC001_TEXT_DATE_AUTOCONVERSION,11.Кві,11.04,DD.MMM → integer.month,2020-04-01_2020-06-30_output,deterministically_corrected
SWM_27793_20200623,27793,2020-06-23,BSK5,TC001_TEXT_DATE_AUTOCONVERSION,01.Бер,1.03,DD.MMM → integer.month,2020-04-01_2020-06-30_output,deterministically_corrected
SWM_27793_20200623,27793,2020-06-23,Kisen,TC001_TEXT_DATE_AUTOCONVERSION,10.Чер,10.06,DD.MMM → integer.month,2020-04-01_2020-06-30_output,deterministically_corrected
SWM_27831_20200616,27831,2020-06-16,BSK5,TC001_TEXT_DATE_AUTOCONVERSION,01.Бер,1.03,DD.MMM → integer.month,2020-04-01_2020-06-30_output,deterministically_corrected
SWM_27833_20200422,27833,2020-04-22,BSK5,TC001_TEXT_DATE_AUTOCONVERSION,01.Лип,1.07,DD.MMM → integer.month,2020-04-01_2020-06-30_output,deterministically_corrected
SWM_27833_20200422,27833,2020-04-22,Kisen,TC001_TEXT_DATE_AUTOCONVERSION,10.Чер,10.06,DD.MMM → integer.month,2020-04-01_2020-06-30_output,deterministically_corrected
SWM_27833_20200519,27833,2020-05-19,Kisen,TC001_TEXT_DATE_AUTOCONVERSION,11.Тра,11.05,DD.MMM → integer.month,2020-04-01_2020-06-30_output,deterministically_corrected
SWM_27835_20200415,27835,2020-04-15,Amoniy,TC001_TEXT_DATE_AUTOCONVERSION,Гру.19,12.19,MMM.YY → month.decimal_digits,2020-04-01_2020-06-30_output,deterministically_corrected
SWM_27835_20200611,27835,2020-06-11,Kisen,TC001_TEXT_DATE_AUTOCONVERSION,Тра.79,5.79,MMM.YY → month.decimal_digits,2020-04-01_2020-06-30_output,deterministically_corrected
SWM_27835_20200611,27835,2020-06-11,Sulfat,TC001_TEXT_DATE_AUTOCONVERSION,10.Чер,10.06,DD.MMM → integer.month,2020-04-01_2020-06-30_output,deterministically_corrected
SWM_27837_20200415,27837,2020-04-15,Kisen,TC001_TEXT_DATE_AUTOCONVERSION,11.Кві,11.04,DD.MMM → integer.month,2020-04-01_2020-06-30_output,deterministically_corrected
SWM_26950_20200625,26950,2020-06-25,Sulfat,TC001_TEXT_DATE_AUTOCONVERSION,Жов.93,10.93,MMM.YY → month.decimal_digits,2020-04-01_2020-06-30_output,deterministically_corrected
SWM_26951_20200423,26951,2020-04-23,Kisen,TC001_TEXT_DATE_AUTOCONVERSION,10.Сер,10.08,DD.MMM → integer.month,2020-04-01_2020-06-30_output,deterministically_corrected
SWM_26951_20200525,26951,2020-05-25,Kisen,TC001_TEXT_DATE_AUTOCONVERSION,Жов.32,10.32,MMM.YY → month.decimal_digits,2020-04-01_2020-06-30_output,deterministically_corrected
SWM_26951_20200610,26951,2020-06-10,Azot,TC001_TEXT_DATE_AUTOCONVERSION,01.Тра,1.05,DD.MMM → integer.month,2020-04-01_2020-06-30_output,deterministically_corrected
SWM_26954_20200625,26954,2020-06-25,HSK,TC001_TEXT_DATE_AUTOCONVERSION,18.Тра,18.05,DD.MMM → integer.month,2020-04-01_2020-06-30_output,deterministically_corrected
SWM_26955_20200406,26955,2020-04-06,BSK5,TC001_TEXT_DATE_AUTOCONVERSION,Січ.71,1.71,MMM.YY → month.decimal_digits,2020-04-01_2020-06-30_output,deterministically_corrected
SWM_26955_20200406,26955,2020-04-06,Amoniy,TC001_TEXT_DATE_AUTOCONVERSION,01.Кві,1.04,DD.MMM → integer.month,2020-04-01_2020-06-30_output,deterministically_corrected
SWM_26955_20200513,26955,2020-05-13,Hlorid,TC001_TEXT_DATE_AUTOCONVERSION,Гру.76,12.76,MMM.YY → month.decimal_digits,2020-04-01_2020-06-30_output,deterministically_corrected
SWM_26955_20200611,26955,2020-06-11,Kisen,TC001_TEXT_DATE_AUTOCONVERSION,Лип.21,7.21,MMM.YY → month.decimal_digits,2020-04-01_2020-06-30_output,deterministically_corrected
SWM_26956_20200406,26956,2020-04-06,Hlorid,TC001_TEXT_DATE_AUTOCONVERSION,Гру.33,12.33,MMM.YY → month.decimal_digits,2020-04-01_2020-06-30_output,deterministically_corrected
SWM_26956_20200513,26956,2020-05-13,Hlorid,TC001_TEXT_DATE_AUTOCONVERSION,Гру.76,12.76,MMM.YY → month.decimal_digits,2020-04-01_2020-06-30_output,deterministically_corrected
SWM_26956_20200513,26956,2020-05-13,Nitrat,TC001_TEXT_DATE_AUTOCONVERSION,01.Тра,1.05,DD.MMM → integer.month,2020-04-01_2020-06-30_output,deterministically_corrected
SWM_27006_20200416,27006,2020-04-16,BSK5,TC001_TEXT_DATE_AUTOCONVERSION,02.Кві,2.04,DD.MMM → integer.month,2020-04-01_2020-06-30_output,deterministically_corrected
SWM_27006_20200416,27006,2020-04-16,Hlorid,TC001_TEXT_DATE_AUTOCONVERSION,Вер.75,9.75,MMM.YY → month.decimal_digits,2020-04-01_2020-06-30_output,deterministically_corrected
SWM_27006_20200416,27006,2020-04-16,Nitrat,TC001_TEXT_DATE_AUTOCONVERSION,Січ.54,1.54,MMM.YY → month.decimal_digits,2020-04-01_2020-06-30_output,deterministically_corrected
SWM_27006_20200513,27006,2020-05-13,Hlorid,TC001_TEXT_DATE_AUTOCONVERSION,Вер.75,9.75,MMM.YY → month.decimal_digits,2020-04-01_2020-06-30_output,deterministically_corrected
SWM_27006_20200615,27006,2020-06-15,BSK5,TC001_TEXT_DATE_AUTOCONVERSION,Лют.21,2.21,MMM.YY → month.decimal_digits,2020-04-01_2020-06-30_output,deterministically_corrected
SWM_27006_20200615,27006,2020-06-15,Hlorid,TC001_TEXT_DATE_AUTOCONVERSION,Лис.52,11.52,MMM.YY → month.decimal_digits,2020-04-01_2020-06-30_output,deterministically_corrected
SWM_27008_20200416,27008,2020-04-16,BSK5,TC001_TEXT_DATE_AUTOCONVERSION,Січ.96,1.96,MMM.YY → month.decimal_digits,2020-04-01_2020-06-30_output,deterministically_corrected
SWM_27008_20200416,27008,2020-04-16,Hlorid,TC001_TEXT_DATE_AUTOCONVERSION,Лис.52,11.52,MMM.YY → month.decimal_digits,2020-04-01_2020-06-30_output,deterministically_corrected
SWM_27008_20200416,27008,2020-04-16,Nitrat,TC001_TEXT_DATE_AUTOCONVERSION,Січ.79,1.79,MMM.YY → month.decimal_digits,2020-04-01_2020-06-30_output,deterministically_corrected
SWM_27008_20200514,27008,2020-05-14,BSK5,TC001_TEXT_DATE_AUTOCONVERSION,02.Лют,2.02,DD.MMM → integer.month,2020-04-01_2020-06-30_output,deterministically_corrected
SWM_27008_20200514,27008,2020-05-14,Zavisli,TC001_TEXT_DATE_AUTOCONVERSION,10.Січ,10.01,DD.MMM → integer.month,2020-04-01_2020-06-30_output,deterministically_corrected
SWM_27008_20200514,27008,2020-05-14,Hlorid,TC001_TEXT_DATE_AUTOCONVERSION,Лис.52,11.52,MMM.YY → month.decimal_digits,2020-04-01_2020-06-30_output,deterministically_corrected
SWM_27008_20200616,27008,2020-06-16,Nitrat,TC001_TEXT_DATE_AUTOCONVERSION,Січ.49,1.49,MMM.YY → month.decimal_digits,2020-04-01_2020-06-30_output,deterministically_corrected
SWM_27009_20200415,27009,2020-04-15,Zavisli,TC001_TEXT_DATE_AUTOCONVERSION,12.Вер,12.09,DD.MMM → integer.month,2020-04-01_2020-06-30_output,deterministically_corrected
SWM_27009_20200415,27009,2020-04-15,Nitrat,TC001_TEXT_DATE_AUTOCONVERSION,Січ.52,1.52,MMM.YY → month.decimal_digits,2020-04-01_2020-06-30_output,deterministically_corrected
SWM_27009_20200513,27009,2020-05-13,Hlorid,TC001_TEXT_DATE_AUTOCONVERSION,15.Лип,15.07,DD.MMM → integer.month,2020-04-01_2020-06-30_output,deterministically_corrected
SWM_27009_20200615,27009,2020-06-15,BSK5,TC001_TEXT_DATE_AUTOCONVERSION,Січ.98,1.98,MMM.YY → month.decimal_digits,2020-04-01_2020-06-30_output,deterministically_corrected
SWM_27010_20200415,27010,2020-04-15,Kisen,TC001_TEXT_DATE_AUTOCONVERSION,Жов.16,10.16,MMM.YY → month.decimal_digits,2020-04-01_2020-06-30_output,deterministically_corrected
SWM_27010_20200415,27010,2020-04-15,Hlorid,TC001_TEXT_DATE_AUTOCONVERSION,Лис.52,11.52,MMM.YY → month.decimal_digits,2020-04-01_2020-06-30_output,deterministically_corrected
SWM_27010_20200513,27010,2020-05-13,BSK5,TC001_TEXT_DATE_AUTOCONVERSION,Січ.95,1.95,MMM.YY → month.decimal_digits,2020-04-01_2020-06-30_output,deterministically_corrected
SWM_27010_20200513,27010,2020-05-13,Zavisli,TC001_TEXT_DATE_AUTOCONVERSION,11.Кві,11.04,DD.MMM → integer.month,2020-04-01_2020-06-30_output,deterministically_corrected
SWM_27010_20200513,27010,2020-05-13,Hlorid,TC001_TEXT_DATE_AUTOCONVERSION,Вер.75,9.75,MMM.YY → month.decimal_digits,2020-04-01_2020-06-30_output,deterministically_corrected
SWM_27068_20200406,27068,2020-04-06,BSK5,TC001_TEXT_DATE_AUTOCONVERSION,Бер.52,3.52,MMM.YY → month.decimal_digits,2020-04-01_2020-06-30_output,deterministically_corrected
SWM_27068_20200406,27068,2020-04-06,Zavisli,TC001_TEXT_DATE_AUTOCONVERSION,16.Тра,16.05,DD.MMM → integer.month,2020-04-01_2020-06-30_output,deterministically_corrected
SWM_27068_20200406,27068,2020-04-06,Kisen,TC001_TEXT_DATE_AUTOCONVERSION,Жов.25,10.25,MMM.YY → month.decimal_digits,2020-04-01_2020-06-30_output,deterministically_corrected
SWM_27068_20200505,27068,2020-05-05,Zavisli,TC001_TEXT_DATE_AUTOCONVERSION,16.Тра,16.05,DD.MMM → integer.month,2020-04-01_2020-06-30_output,deterministically_corrected
SWM_27071_20200401,27071,2020-04-01,Kisen,TC001_TEXT_DATE_AUTOCONVERSION,Жов.43,10.43,MMM.YY → month.decimal_digits,2020-04-01_2020-06-30_output,deterministically_corrected
SWM_27071_20200505,27071,2020-05-05,Nitrat,TC001_TEXT_DATE_AUTOCONVERSION,Січ.29,1.29,MMM.YY → month.decimal_digits,2020-04-01_2020-06-30_output,deterministically_corrected
SWM_27072_20200401,27072,2020-04-01,HSK,TC001_TEXT_DATE_AUTOCONVERSION,27.Тра,27.05,DD.MMM → integer.month,2020-04-01_2020-06-30_output,deterministically_corrected
SWM_27073_20200421,27073,2020-04-21,BSK5,TC001_TEXT_DATE_AUTOCONVERSION,Січ.95,1.95,MMM.YY → month.decimal_digits,2020-04-01_2020-06-30_output,deterministically_corrected
SWM_27136_20200610,27136,2020-06-10,Kisen,TC001_TEXT_DATE_AUTOCONVERSION,06.Тра,6.05,DD.MMM → integer.month,2020-04-01_2020-06-30_output,deterministically_corrected
SWM_27137_20200407,27137,2020-04-07,Kisen,TC001_TEXT_DATE_AUTOCONVERSION,Гру.56,12.56,MMM.YY → month.decimal_digits,2020-04-01_2020-06-30_output,deterministically_corrected
SWM_27140_20200407,27140,2020-04-07,Nitrat,TC001_TEXT_DATE_AUTOCONVERSION,Лют.21,2.21,MMM.YY → month.decimal_digits,2020-04-01_2020-06-30_output,deterministically_corrected
SWM_27140_20200407,27140,2020-04-07,Permanganat,TC001_TEXT_DATE_AUTOCONVERSION,15.Кві,15.04,DD.MMM → integer.month,2020-04-01_2020-06-30_output,deterministically_corrected
SWM_27140_20200506,27140,2020-05-06,Kisen,TC001_TEXT_DATE_AUTOCONVERSION,08.Тра,8.05,DD.MMM → integer.month,2020-04-01_2020-06-30_output,deterministically_corrected
SWM_27146_20200407,27146,2020-04-07,Permanganat,TC001_TEXT_DATE_AUTOCONVERSION,08.Тра,8.05,DD.MMM → integer.month,2020-04-01_2020-06-30_output,deterministically_corrected
SWM_27154_20200407,27154,2020-04-07,Nitrat,TC001_TEXT_DATE_AUTOCONVERSION,01.Лип,1.07,DD.MMM → integer.month,2020-04-01_2020-06-30_output,deterministically_corrected
SWM_27195_20200505,27195,2020-05-05,Zavisli,TC001_TEXT_DATE_AUTOCONVERSION,11.Чер,11.06,DD.MMM → integer.month,2020-04-01_2020-06-30_output,deterministically_corrected
SWM_27232_20200421,27232,2020-04-21,Azot,TC001_TEXT_DATE_AUTOCONVERSION,Січ.23,1.23,MMM.YY → month.decimal_digits,2020-04-01_2020-06-30_output,deterministically_corrected
SWM_27232_20200622,27232,2020-06-22,BSK5,TC001_TEXT_DATE_AUTOCONVERSION,01.Лип,1.07,DD.MMM → integer.month,2020-04-01_2020-06-30_output,deterministically_corrected
SWM_27233_20200421,27233,2020-04-21,Kisen,TC001_TEXT_DATE_AUTOCONVERSION,10.Чер,10.06,DD.MMM → integer.month,2020-04-01_2020-06-30_output,deterministically_corrected
SWM_27233_20200622,27233,2020-06-22,HSK,TC001_TEXT_DATE_AUTOCONVERSION,09.Тра,9.05,DD.MMM → integer.month,2020-04-01_2020-06-30_output,deterministically_corrected
SWM_27237_20200617,27237,2020-06-17,Hlorid,TC001_TEXT_DATE_AUTOCONVERSION,13.Кві,13.04,DD.MMM → integer.month,2020-04-01_2020-06-30_output,deterministically_corrected
SWM_27238_20200401,27238,2020-04-01,BSK5,TC001_TEXT_DATE_AUTOCONVERSION,01.Сер,1.08,DD.MMM → integer.month,2020-04-01_2020-06-30_output,deterministically_corrected
SWM_27262_20200525,27262,2020-05-25,Kisen,TC001_TEXT_DATE_AUTOCONVERSION,11.Тра,11.05,DD.MMM → integer.month,2020-04-01_2020-06-30_output,deterministically_corrected
SWM_27262_20200622,27262,2020-06-22,BSK5,TC001_TEXT_DATE_AUTOCONVERSION,02.Тра,2.05,DD.MMM → integer.month,2020-04-01_2020-06-30_output,deterministically_corrected
SWM_27263_20200622,27263,2020-06-22,Kisen,TC001_TEXT_DATE_AUTOCONVERSION,01.Лют,1.02,DD.MMM → integer.month,2020-04-01_2020-06-30_output,deterministically_corrected
SWM_27263_20200622,27263,2020-06-22,Nitrat,TC001_TEXT_DATE_AUTOCONVERSION,01.Лют,1.02,DD.MMM → integer.month,2020-04-01_2020-06-30_output,deterministically_corrected
SWM_27264_20200522,27264,2020-05-22,Nitrat,TC001_TEXT_DATE_AUTOCONVERSION,01.Лют,1.02,DD.MMM → integer.month,2020-04-01_2020-06-30_output,deterministically_corrected
SWM_27264_20200622,27264,2020-06-22,BSK5,TC001_TEXT_DATE_AUTOCONVERSION,16.Тра,16.05,DD.MMM → integer.month,2020-04-01_2020-06-30_output,deterministically_corrected
SWM_27266_20200421,27266,2020-04-21,BSK5,TC001_TEXT_DATE_AUTOCONVERSION,04.Тра,4.05,DD.MMM → integer.month,2020-04-01_2020-06-30_output,deterministically_corrected
SWM_27267_20200421,27267,2020-04-21,Kisen,TC001_TEXT_DATE_AUTOCONVERSION,10.Чер,10.06,DD.MMM → integer.month,2020-04-01_2020-06-30_output,deterministically_corrected
SWM_27010_20200615,27010,2020-06-15,Hlorid,TC001_TEXT_DATE_AUTOCONVERSION,Вер.75,9.75,MMM.YY → month.decimal_digits,2020-04-01_2020-06-30_output,deterministically_corrected
SWM_27074_20200421,27074,2020-04-21,Kisen,TC001_TEXT_DATE_AUTOCONVERSION,Жов.26,10.26,MMM.YY → month.decimal_digits,2020-04-01_2020-06-30_output,deterministically_corrected
SWM_27238_20200512,27238,2020-05-12,Nitrat,TC001_TEXT_DATE_AUTOCONVERSION,Лют.52,2.52,MMM.YY → month.decimal_digits,2020-04-01_2020-06-30_output,deterministically_corrected
SWM_27267_20200525,27267,2020-05-25,Kisen,TC001_TEXT_DATE_AUTOCONVERSION,10.Тра,10.05,DD.MMM → integer.month,2020-04-01_2020-06-30_output,deterministically_corrected
SWM_27351_20200512,27351,2020-05-12,Amoniy,TC001_TEXT_DATE_AUTOCONVERSION,03.Тра,3.05,DD.MMM → integer.month,2020-04-01_2020-06-30_output,deterministically_corrected
SWM_27351_20200512,27351,2020-05-12,Nitrat,TC001_TEXT_DATE_AUTOCONVERSION,10.Тра,10.05,DD.MMM → integer.month,2020-04-01_2020-06-30_output,deterministically_corrected
SWM_27610_20200407,27610,2020-04-07,Permanganat,TC001_TEXT_DATE_AUTOCONVERSION,Жов.33,10.33,MMM.YY → month.decimal_digits,2020-04-01_2020-06-30_output,deterministically_corrected
SWM_27796_20200527,27796,2020-05-27,BSK5,TC001_TEXT_DATE_AUTOCONVERSION,01.Бер,1.03,DD.MMM → integer.month,2020-04-01_2020-06-30_output,deterministically_corrected
SWM_27796_20200527,27796,2020-05-27,Kisen,TC001_TEXT_DATE_AUTOCONVERSION,10.Тра,10.05,DD.MMM → integer.month,2020-04-01_2020-06-30_output,deterministically_corrected
SWM_27837_20200514,27837,2020-05-14,Fosfat,TC001_TEXT_DATE_AUTOCONVERSION,Лют.23,2.23,MMM.YY → month.decimal_digits,2020-04-01_2020-06-30_output,deterministically_corrected
SWM_27796_20200623,27796,2020-06-23,BSK5,TC001_TEXT_DATE_AUTOCONVERSION,01.Тра,1.05,DD.MMM → integer.month,2020-04-01_2020-06-30_output,deterministically_corrected
SWM_27798_20200519,27798,2020-05-19,BSK5,TC001_TEXT_DATE_AUTOCONVERSION,01.Лип,1.07,DD.MMM → integer.month,2020-04-01_2020-06-30_output,deterministically_corrected
SWM_27804_20200422,27804,2020-04-22,Kisen,TC001_TEXT_DATE_AUTOCONVERSION,10.Тра,10.05,DD.MMM → integer.month,2020-04-01_2020-06-30_output,deterministically_corrected
SWM_27806_20200519,27806,2020-05-19,BSK5,TC001_TEXT_DATE_AUTOCONVERSION,01.Сер,1.08,DD.MMM → integer.month,2020-04-01_2020-06-30_output,deterministically_corrected
SWM_27837_20200611,27837,2020-06-11,Sulfat,TC001_TEXT_DATE_AUTOCONVERSION,12.Тра,12.05,DD.MMM → integer.month,2020-04-01_2020-06-30_output,deterministically_corrected
SWM_27837_20200611,27837,2020-06-11,Nitrat,TC001_TEXT_DATE_AUTOCONVERSION,Січ.52,1.52,MMM.YY → month.decimal_digits,2020-04-01_2020-06-30_output,deterministically_corrected
SWM_27839_20200611,27839,2020-06-11,Sulfat,TC001_TEXT_DATE_AUTOCONVERSION,11.Тра,11.05,DD.MMM → integer.month,2020-04-01_2020-06-30_output,deterministically_corrected
SWM_27841_20200415,27841,2020-04-15,Kisen,TC001_TEXT_DATE_AUTOCONVERSION,10.Чер,10.06,DD.MMM → integer.month,2020-04-01_2020-06-30_output,deterministically_corrected
SWM_27841_20200514,27841,2020-05-14,Kisen,TC001_TEXT_DATE_AUTOCONVERSION,10.Січ,10.01,DD.MMM → integer.month,2020-04-01_2020-06-30_output,deterministically_corrected
SWM_26957_20200604,26957,2020-06-04,Azot,TC001_TEXT_DATE_AUTOCONVERSION,Січ.55,1.55,MMM.YY → month.decimal_digits,2020-04-01_2020-06-30_output,deterministically_corrected
SWM_26957_20200604,26957,2020-06-04,Kisen,TC001_TEXT_DATE_AUTOCONVERSION,Жов.16,10.16,MMM.YY → month.decimal_digits,2020-04-01_2020-06-30_output,deterministically_corrected
SWM_26957_20200604,26957,2020-06-04,Nitrat,TC001_TEXT_DATE_AUTOCONVERSION,01.Бер,1.03,DD.MMM → integer.month,2020-04-01_2020-06-30_output,deterministically_corrected
SWM_26960_20200428,26960,2020-04-28,Kisen,TC001_TEXT_DATE_AUTOCONVERSION,Лис.84,11.84,MMM.YY → month.decimal_digits,2020-04-01_2020-06-30_output,deterministically_corrected
SWM_26960_20200609,26960,2020-06-09,BSK5,TC001_TEXT_DATE_AUTOCONVERSION,Лют.48,2.48,MMM.YY → month.decimal_digits,2020-04-01_2020-06-30_output,deterministically_corrected
SWM_26963_20200427,26963,2020-04-27,Kisen,TC001_TEXT_DATE_AUTOCONVERSION,Лис.84,11.84,MMM.YY → month.decimal_digits,2020-04-01_2020-06-30_output,deterministically_corrected
SWM_26963_20200521,26963,2020-05-21,BSK5,TC001_TEXT_DATE_AUTOCONVERSION,03.Кві,3.04,DD.MMM → integer.month,2020-04-01_2020-06-30_output,deterministically_corrected
SWM_26963_20200521,26963,2020-05-21,Kisen,TC001_TEXT_DATE_AUTOCONVERSION,Жов.48,10.48,MMM.YY → month.decimal_digits,2020-04-01_2020-06-30_output,deterministically_corrected
SWM_26966_20200519,26966,2020-05-19,Zavisli,TC001_TEXT_DATE_AUTOCONVERSION,05.Тра,5.05,DD.MMM → integer.month,2020-04-01_2020-06-30_output,deterministically_corrected
SWM_26967_20200428,26967,2020-04-28,BSK5,TC001_TEXT_DATE_AUTOCONVERSION,Лют.48,2.48,MMM.YY → month.decimal_digits,2020-04-01_2020-06-30_output,deterministically_corrected
SWM_26967_20200609,26967,2020-06-09,Kisen,TC001_TEXT_DATE_AUTOCONVERSION,10.Сер,10.08,DD.MMM → integer.month,2020-04-01_2020-06-30_output,deterministically_corrected
SWM_27011_20200416,27011,2020-04-16,Hlorid,TC001_TEXT_DATE_AUTOCONVERSION,Вер.75,9.75,MMM.YY → month.decimal_digits,2020-04-01_2020-06-30_output,deterministically_corrected
SWM_27011_20200514,27011,2020-05-14,Zavisli,TC001_TEXT_DATE_AUTOCONVERSION,11.Вер,11.09,DD.MMM → integer.month,2020-04-01_2020-06-30_output,deterministically_corrected
SWM_27011_20200514,27011,2020-05-14,Hlorid,TC001_TEXT_DATE_AUTOCONVERSION,Лис.52,11.52,MMM.YY → month.decimal_digits,2020-04-01_2020-06-30_output,deterministically_corrected
SWM_27011_20200514,27011,2020-05-14,Nitrat,TC001_TEXT_DATE_AUTOCONVERSION,01.Лип,1.07,DD.MMM → integer.month,2020-04-01_2020-06-30_output,deterministically_corrected
SWM_27011_20200616,27011,2020-06-16,Kisen,TC001_TEXT_DATE_AUTOCONVERSION,Чер.21,6.21,MMM.YY → month.decimal_digits,2020-04-01_2020-06-30_output,deterministically_corrected
SWM_27011_20200616,27011,2020-06-16,Hlorid,TC001_TEXT_DATE_AUTOCONVERSION,15.Лип,15.07,DD.MMM → integer.month,2020-04-01_2020-06-30_output,deterministically_corrected
SWM_27011_20200616,27011,2020-06-16,Amoniy,TC001_TEXT_DATE_AUTOCONVERSION,01.Лют,1.02,DD.MMM → integer.month,2020-04-01_2020-06-30_output,deterministically_corrected
SWM_27016_20200611,27016,2020-06-11,BSK5,TC001_TEXT_DATE_AUTOCONVERSION,02.Тра,2.05,DD.MMM → integer.month,2020-04-01_2020-06-30_output,deterministically_corrected
SWM_27022_20200427,27022,2020-04-27,Hlorid,TC001_TEXT_DATE_AUTOCONVERSION,31.Тра,31.05,DD.MMM → integer.month,2020-04-01_2020-06-30_output,deterministically_corrected
SWM_27022_20200614,27022,2020-06-14,Nitrat,TC001_TEXT_DATE_AUTOCONVERSION,01.Лют,1.02,DD.MMM → integer.month,2020-04-01_2020-06-30_output,deterministically_corrected
SWM_27022_20200614,27022,2020-06-14,HSK,TC001_TEXT_DATE_AUTOCONVERSION,21.Тра,21.05,DD.MMM → integer.month,2020-04-01_2020-06-30_output,deterministically_corrected
SWM_27023_20200427,27023,2020-04-27,Kisen,TC001_TEXT_DATE_AUTOCONVERSION,09.Тра,9.05,DD.MMM → integer.month,2020-04-01_2020-06-30_output,deterministically_corrected
SWM_27023_20200427,27023,2020-04-27,Nitrat,TC001_TEXT_DATE_AUTOCONVERSION,02.Тра,2.05,DD.MMM → integer.month,2020-04-01_2020-06-30_output,deterministically_corrected
SWM_27075_20200526,27075,2020-05-26,HSK,TC001_TEXT_DATE_AUTOCONVERSION,28.Тра,28.05,DD.MMM → integer.month,2020-04-01_2020-06-30_output,deterministically_corrected
SWM_27076_20200506,27076,2020-05-06,Kisen,TC001_TEXT_DATE_AUTOCONVERSION,09.Тра,9.05,DD.MMM → integer.month,2020-04-01_2020-06-30_output,deterministically_corrected
SWM_27094_20200519,27094,2020-05-19,Zavisli,TC001_TEXT_DATE_AUTOCONVERSION,06.Тра,6.05,DD.MMM → integer.month,2020-04-01_2020-06-30_output,deterministically_corrected
SWM_27095_20200414,27095,2020-04-14,Kisen,TC001_TEXT_DATE_AUTOCONVERSION,10.Сер,10.08,DD.MMM → integer.month,2020-04-01_2020-06-30_output,deterministically_corrected
SWM_27095_20200414,27095,2020-04-14,HSK,TC001_TEXT_DATE_AUTOCONVERSION,28.Тра,28.05,DD.MMM → integer.month,2020-04-01_2020-06-30_output,deterministically_corrected
SWM_27095_20200519,27095,2020-05-19,HSK,TC001_TEXT_DATE_AUTOCONVERSION,27.Тра,27.05,DD.MMM → integer.month,2020-04-01_2020-06-30_output,deterministically_corrected
SWM_27165_20200409,27165,2020-04-09,Permanganat,TC001_TEXT_DATE_AUTOCONVERSION,Лис.99,11.99,MMM.YY → month.decimal_digits,2020-04-01_2020-06-30_output,deterministically_corrected
SWM_27170_20200421,27170,2020-04-21,BSK5,TC001_TEXT_DATE_AUTOCONVERSION,Бер.77,3.77,MMM.YY → month.decimal_digits,2020-04-01_2020-06-30_output,deterministically_corrected
SWM_27170_20200505,27170,2020-05-05,BSK5,TC001_TEXT_DATE_AUTOCONVERSION,03.Тра,3.05,DD.MMM → integer.month,2020-04-01_2020-06-30_output,deterministically_corrected
SWM_27170_20200615,27170,2020-06-15,BSK5,TC001_TEXT_DATE_AUTOCONVERSION,Бер.73,3.73,MMM.YY → month.decimal_digits,2020-04-01_2020-06-30_output,deterministically_corrected
SWM_27216_20200521,27216,2020-05-21,Amoniy,TC001_TEXT_DATE_AUTOCONVERSION,Січ.21,1.21,MMM.YY → month.decimal_digits,2020-04-01_2020-06-30_output,deterministically_corrected
SWM_27238_20200610,27238,2020-06-10,BSK5,TC001_TEXT_DATE_AUTOCONVERSION,01.Лип,1.07,DD.MMM → integer.month,2020-04-01_2020-06-30_output,deterministically_corrected
SWM_27242_20200528,27242,2020-05-28,BSK5,TC001_TEXT_DATE_AUTOCONVERSION,01.Лип,1.07,DD.MMM → integer.month,2020-04-01_2020-06-30_output,deterministically_corrected
SWM_27242_20200528,27242,2020-05-28,Nitrat,TC001_TEXT_DATE_AUTOCONVERSION,Лют.29,2.29,MMM.YY → month.decimal_digits,2020-04-01_2020-06-30_output,deterministically_corrected
SWM_27246_20200414,27246,2020-04-14,Azot,TC001_TEXT_DATE_AUTOCONVERSION,01.Бер,1.03,DD.MMM → integer.month,2020-04-01_2020-06-30_output,deterministically_corrected
SWM_27246_20200414,27246,2020-04-14,Kisen,TC001_TEXT_DATE_AUTOCONVERSION,11.Січ,11.01,DD.MMM → integer.month,2020-04-01_2020-06-30_output,deterministically_corrected
SWM_27246_20200521,27246,2020-05-21,Azot,TC001_TEXT_DATE_AUTOCONVERSION,01.Сер,1.08,DD.MMM → integer.month,2020-04-01_2020-06-30_output,deterministically_corrected
SWM_27268_20200421,27268,2020-04-21,Kisen,TC001_TEXT_DATE_AUTOCONVERSION,10.Тра,10.05,DD.MMM → integer.month,2020-04-01_2020-06-30_output,deterministically_corrected
SWM_27269_20200406,27269,2020-04-06,Azot,TC001_TEXT_DATE_AUTOCONVERSION,Січ.25,1.25,MMM.YY → month.decimal_digits,2020-04-01_2020-06-30_output,deterministically_corrected
SWM_27269_20200406,27269,2020-04-06,BSK5,TC001_TEXT_DATE_AUTOCONVERSION,02.Тра,2.05,DD.MMM → integer.month,2020-04-01_2020-06-30_output,deterministically_corrected
SWM_27269_20200406,27269,2020-04-06,Kisen,TC001_TEXT_DATE_AUTOCONVERSION,12.Чер,12.06,DD.MMM → integer.month,2020-04-01_2020-06-30_output,deterministically_corrected
SWM_27269_20200601,27269,2020-06-01,Nitrat,TC001_TEXT_DATE_AUTOCONVERSION,01.Сер,1.08,DD.MMM → integer.month,2020-04-01_2020-06-30_output,deterministically_corrected
SWM_27271_20200413,27271,2020-04-13,BSK5,TC001_TEXT_DATE_AUTOCONVERSION,01.Лют,1.02,DD.MMM → integer.month,2020-04-01_2020-06-30_output,deterministically_corrected
SWM_27271_20200518,27271,2020-05-18,HSK,TC001_TEXT_DATE_AUTOCONVERSION,13.Вер,13.09,DD.MMM → integer.month,2020-04-01_2020-06-30_output,deterministically_corrected
SWM_27272_20200413,27272,2020-04-13,BSK5,TC001_TEXT_DATE_AUTOCONVERSION,01.Тра,1.05,DD.MMM → integer.month,2020-04-01_2020-06-30_output,deterministically_corrected
SWM_27272_20200413,27272,2020-04-13,Nitrat,TC001_TEXT_DATE_AUTOCONVERSION,Бер.77,3.77,MMM.YY → month.decimal_digits,2020-04-01_2020-06-30_output,deterministically_corrected
SWM_27272_20200518,27272,2020-05-18,Azot,TC001_TEXT_DATE_AUTOCONVERSION,Січ.25,1.25,MMM.YY → month.decimal_digits,2020-04-01_2020-06-30_output,deterministically_corrected
SWM_27272_20200518,27272,2020-05-18,Nitrat,TC001_TEXT_DATE_AUTOCONVERSION,05.Тра,5.05,DD.MMM → integer.month,2020-04-01_2020-06-30_output,deterministically_corrected
SWM_27272_20200615,27272,2020-06-15,BSK5,TC001_TEXT_DATE_AUTOCONVERSION,02.Тра,2.05,DD.MMM → integer.month,2020-04-01_2020-06-30_output,deterministically_corrected
SWM_27276_20200408,27276,2020-04-08,BSK5,TC001_TEXT_DATE_AUTOCONVERSION,01.Сер,1.08,DD.MMM → integer.month,2020-04-01_2020-06-30_output,deterministically_corrected
SWM_27276_20200408,27276,2020-04-08,Kisen,TC001_TEXT_DATE_AUTOCONVERSION,10.Тра,10.05,DD.MMM → integer.month,2020-04-01_2020-06-30_output,deterministically_corrected
SWM_27276_20200408,27276,2020-04-08,Sulfat,TC001_TEXT_DATE_AUTOCONVERSION,10.Вер,10.09,DD.MMM → integer.month,2020-04-01_2020-06-30_output,deterministically_corrected
SWM_27276_20200408,27276,2020-04-08,Permanganat,TC001_TEXT_DATE_AUTOCONVERSION,01.Тра,1.05,DD.MMM → integer.month,2020-04-01_2020-06-30_output,deterministically_corrected
SWM_27310_20200401,27310,2020-04-01,BSK5,TC001_TEXT_DATE_AUTOCONVERSION,02.Кві,2.04,DD.MMM → integer.month,2020-04-01_2020-06-30_output,deterministically_corrected
SWM_27310_20200401,27310,2020-04-01,Nitrat,TC001_TEXT_DATE_AUTOCONVERSION,Бер.71,3.71,MMM.YY → month.decimal_digits,2020-04-01_2020-06-30_output,deterministically_corrected
SWM_27310_20200603,27310,2020-06-03,Hlorid,TC001_TEXT_DATE_AUTOCONVERSION,15.Вер,15.09,DD.MMM → integer.month,2020-04-01_2020-06-30_output,deterministically_corrected
SWM_27310_20200603,27310,2020-06-03,Nitrat,TC001_TEXT_DATE_AUTOCONVERSION,Бер.75,3.75,MMM.YY → month.decimal_digits,2020-04-01_2020-06-30_output,deterministically_corrected
SWM_27310_20200603,27310,2020-06-03,Permanganat,TC001_TEXT_DATE_AUTOCONVERSION,Бер.52,3.52,MMM.YY → month.decimal_digits,2020-04-01_2020-06-30_output,deterministically_corrected
SWM_27311_20200401,27311,2020-04-01,BSK5,TC001_TEXT_DATE_AUTOCONVERSION,Січ.48,1.48,MMM.YY → month.decimal_digits,2020-04-01_2020-06-30_output,deterministically_corrected
SWM_27311_20200506,27311,2020-05-06,Nitrat,TC001_TEXT_DATE_AUTOCONVERSION,Бер.79,3.79,MMM.YY → month.decimal_digits,2020-04-01_2020-06-30_output,deterministically_corrected
SWM_27312_20200401,27312,2020-04-01,Azot,TC001_TEXT_DATE_AUTOCONVERSION,01.Бер,1.03,DD.MMM → integer.month,2020-04-01_2020-06-30_output,deterministically_corrected
SWM_27312_20200401,27312,2020-04-01,Kisen,TC001_TEXT_DATE_AUTOCONVERSION,10.Чер,10.06,DD.MMM → integer.month,2020-04-01_2020-06-30_output,deterministically_corrected
SWM_27312_20200506,27312,2020-05-06,HSK,TC001_TEXT_DATE_AUTOCONVERSION,10.Січ,10.01,DD.MMM → integer.month,2020-04-01_2020-06-30_output,deterministically_corrected
SWM_27312_20200603,27312,2020-06-03,Kisen,TC001_TEXT_DATE_AUTOCONVERSION,10.Січ,10.01,DD.MMM → integer.month,2020-04-01_2020-06-30_output,deterministically_corrected
SWM_27314_20200406,27314,2020-04-06,Nitrat,TC001_TEXT_DATE_AUTOCONVERSION,02.Тра,2.05,DD.MMM → integer.month,2020-04-01_2020-06-30_output,deterministically_corrected
SWM_27314_20200504,27314,2020-05-04,Nitrat,TC001_TEXT_DATE_AUTOCONVERSION,Січ.95,1.95,MMM.YY → month.decimal_digits,2020-04-01_2020-06-30_output,deterministically_corrected
SWM_27352_20200512,27352,2020-05-12,Azot,TC001_TEXT_DATE_AUTOCONVERSION,01.Сер,1.08,DD.MMM → integer.month,2020-04-01_2020-06-30_output,deterministically_corrected
SWM_27352_20200512,27352,2020-05-12,Kisen,TC001_TEXT_DATE_AUTOCONVERSION,04.Тра,4.05,DD.MMM → integer.month,2020-04-01_2020-06-30_output,deterministically_corrected
SWM_27355_20200512,27355,2020-05-12,Kisen,TC001_TEXT_DATE_AUTOCONVERSION,Січ.74,1.74,MMM.YY → month.decimal_digits,2020-04-01_2020-06-30_output,deterministically_corrected
SWM_27372_20200617,27372,2020-06-17,BSK5,TC001_TEXT_DATE_AUTOCONVERSION,Лют.79,2.79,MMM.YY → month.decimal_digits,2020-04-01_2020-06-30_output,deterministically_corrected
SWM_27568_20200518,27568,2020-05-18,Nitrat,TC001_TEXT_DATE_AUTOCONVERSION,01.Тра,1.05,DD.MMM → integer.month,2020-04-01_2020-06-30_output,deterministically_corrected
SWM_27568_20200614,27568,2020-06-14,Nitrat,TC001_TEXT_DATE_AUTOCONVERSION,01.Сер,1.08,DD.MMM → integer.month,2020-04-01_2020-06-30_output,deterministically_corrected
SWM_27573_20200406,27573,2020-04-06,BSK5,TC001_TEXT_DATE_AUTOCONVERSION,Лют.23,2.23,MMM.YY → month.decimal_digits,2020-04-01_2020-06-30_output,deterministically_corrected
SWM_27612_20200409,27612,2020-04-09,Zavisli,TC001_TEXT_DATE_AUTOCONVERSION,11.Чер,11.06,DD.MMM → integer.month,2020-04-01_2020-06-30_output,deterministically_corrected
SWM_27612_20200409,27612,2020-04-09,Kisen,TC001_TEXT_DATE_AUTOCONVERSION,Гру.66,12.66,MMM.YY → month.decimal_digits,2020-04-01_2020-06-30_output,deterministically_corrected
SWM_27612_20200409,27612,2020-04-09,Permanganat,TC001_TEXT_DATE_AUTOCONVERSION,Жов.16,10.16,MMM.YY → month.decimal_digits,2020-04-01_2020-06-30_output,deterministically_corrected
SWM_27614_20200401,27614,2020-04-01,Azot,TC001_TEXT_DATE_AUTOCONVERSION,01.Лип,1.07,DD.MMM → integer.month,2020-04-01_2020-06-30_output,deterministically_corrected
SWM_27614_20200401,27614,2020-04-01,BSK5,TC001_TEXT_DATE_AUTOCONVERSION,01.Лип,1.07,DD.MMM → integer.month,2020-04-01_2020-06-30_output,deterministically_corrected
SWM_27614_20200512,27614,2020-05-12,Azot,TC001_TEXT_DATE_AUTOCONVERSION,01.Тра,1.05,DD.MMM → integer.month,2020-04-01_2020-06-30_output,deterministically_corrected
SWM_27614_20200512,27614,2020-05-12,BSK5,TC001_TEXT_DATE_AUTOCONVERSION,01.Тра,1.05,DD.MMM → integer.month,2020-04-01_2020-06-30_output,deterministically_corrected
SWM_27616_20200408,27616,2020-04-08,Nitrat,TC001_TEXT_DATE_AUTOCONVERSION,Бер.96,3.96,MMM.YY → month.decimal_digits,2020-04-01_2020-06-30_output,deterministically_corrected
SWM_27616_20200513,27616,2020-05-13,HSK,TC001_TEXT_DATE_AUTOCONVERSION,09.Тра,9.05,DD.MMM → integer.month,2020-04-01_2020-06-30_output,deterministically_corrected
SWM_27616_20200616,27616,2020-06-16,Azot,TC001_TEXT_DATE_AUTOCONVERSION,01.Лют,1.02,DD.MMM → integer.month,2020-04-01_2020-06-30_output,deterministically_corrected
SWM_27616_20200616,27616,2020-06-16,BSK5,TC001_TEXT_DATE_AUTOCONVERSION,01.Лип,1.07,DD.MMM → integer.month,2020-04-01_2020-06-30_output,deterministically_corrected
SWM_27616_20200616,27616,2020-06-16,Nitrat,TC001_TEXT_DATE_AUTOCONVERSION,04.Кві,4.04,DD.MMM → integer.month,2020-04-01_2020-06-30_output,deterministically_corrected
SWM_27620_20200408,27620,2020-04-08,BSK5,TC001_TEXT_DATE_AUTOCONVERSION,01.Лип,1.07,DD.MMM → integer.month,2020-04-01_2020-06-30_output,deterministically_corrected
SWM_27620_20200408,27620,2020-04-08,Kisen,TC001_TEXT_DATE_AUTOCONVERSION,11.Січ,11.01,DD.MMM → integer.month,2020-04-01_2020-06-30_output,deterministically_corrected
SWM_27620_20200408,27620,2020-04-08,Nitrat,TC001_TEXT_DATE_AUTOCONVERSION,02.Кві,2.04,DD.MMM → integer.month,2020-04-01_2020-06-30_output,deterministically_corrected
SWM_27620_20200408,27620,2020-04-08,HSK,TC001_TEXT_DATE_AUTOCONVERSION,08.Тра,8.05,DD.MMM → integer.month,2020-04-01_2020-06-30_output,deterministically_corrected
SWM_27620_20200612,27620,2020-06-12,BSK5,TC001_TEXT_DATE_AUTOCONVERSION,01.Лют,1.02,DD.MMM → integer.month,2020-04-01_2020-06-30_output,deterministically_corrected
SWM_27622_20200428,27622,2020-04-28,Azot,TC001_TEXT_DATE_AUTOCONVERSION,01.Бер,1.03,DD.MMM → integer.month,2020-04-01_2020-06-30_output,deterministically_corrected
SWM_27622_20200428,27622,2020-04-28,Nitrat,TC001_TEXT_DATE_AUTOCONVERSION,05.Тра,5.05,DD.MMM → integer.month,2020-04-01_2020-06-30_output,deterministically_corrected
SWM_27622_20200428,27622,2020-04-28,Fosfat,TC001_TEXT_DATE_AUTOCONVERSION,Січ.23,1.23,MMM.YY → month.decimal_digits,2020-04-01_2020-06-30_output,deterministically_corrected
SWM_27622_20200526,27622,2020-05-26,Nitrat,TC001_TEXT_DATE_AUTOCONVERSION,05.Тра,5.05,DD.MMM → integer.month,2020-04-01_2020-06-30_output,deterministically_corrected
SWM_27632_20200513,27632,2020-05-13,BSK5,TC001_TEXT_DATE_AUTOCONVERSION,01.Лип,1.07,DD.MMM → integer.month,2020-04-01_2020-06-30_output,deterministically_corrected
SWM_27632_20200610,27632,2020-06-10,Permanganat,TC001_TEXT_DATE_AUTOCONVERSION,01.Тра,1.05,DD.MMM → integer.month,2020-04-01_2020-06-30_output,deterministically_corrected
SWM_26963_20240806,26963,2024-08-06,Kisen,TC002_NUMERIC_EXCEL_SERIAL_AUTOCONVERSION,20729,10.56,QC002_NUMERIC_DATE_SERIAL_REPAIRED,2024-08,deterministically_corrected
SWM_38580_20240820,38580,2024-08-20,Nitrat,TC002_NUMERIC_EXCEL_SERIAL_AUTOCONVERSION,16438,1.45,QC002_NUMERIC_DATE_SERIAL_REPAIRED,2024-08,deterministically_corrected
SWM_38671_20240829,38671,2024-08-29,Zavisli,TC002_NUMERIC_EXCEL_SERIAL_AUTOCONVERSION,45426,14.05,QC002_NUMERIC_DATE_SERIAL_REPAIRED,2024-08,deterministically_corrected
SWM_38673_20240826,38673,2024-08-26,Zavisli,TC002_NUMERIC_EXCEL_SERIAL_AUTOCONVERSION,45441,29.05,QC002_NUMERIC_DATE_SERIAL_REPAIRED,2024-08,deterministically_corrected
SWM_38682_20240827,38682,2024-08-27,Hlorid,TC002_NUMERIC_EXCEL_SERIAL_AUTOCONVERSION,45458,15.06,QC002_NUMERIC_DATE_SERIAL_REPAIRED,2024-08,deterministically_corrected
SWM_38682_20240829,38682,2024-08-29,Hlorid,TC002_NUMERIC_EXCEL_SERIAL_AUTOCONVERSION,19299,11.52,QC002_NUMERIC_DATE_SERIAL_REPAIRED,2024-08,deterministically_corrected
SWM_38684_20240830,38684,2024-08-30,Fosfat,TC002_NUMERIC_EXCEL_SERIAL_AUTOCONVERSION,45689,2.25,QC002_NUMERIC_DATE_SERIAL_REPAIRED,2024-08,deterministically_corrected
SWM_38684_20240831,38684,2024-08-31,Fosfat,TC002_NUMERIC_EXCEL_SERIAL_AUTOCONVERSION,28126,1.77,QC002_NUMERIC_DATE_SERIAL_REPAIRED,2024-08,deterministically_corrected
SWM_38686_20240831,38686,2024-08-31,Hlorid,TC002_NUMERIC_EXCEL_SERIAL_AUTOCONVERSION,19299,11.52,QC002_NUMERIC_DATE_SERIAL_REPAIRED,2024-08,deterministically_corrected
SWM_27292_20240820,27292,2024-08-20,Sulfat,TC002_NUMERIC_EXCEL_SERIAL_AUTOCONVERSION,45547,12.09,QC002_NUMERIC_DATE_SERIAL_REPAIRED,2024-08,deterministically_corrected
SWM_27299_20240820,27299,2024-08-20,Kisen,TC002_NUMERIC_EXCEL_SERIAL_AUTOCONVERSION,45301,10.01,QC002_NUMERIC_DATE_SERIAL_REPAIRED,2024-08,deterministically_corrected
SWM_27299_20240820,27299,2024-08-20,Sulfat,TC002_NUMERIC_EXCEL_SERIAL_AUTOCONVERSION,45456,13.06,QC002_NUMERIC_DATE_SERIAL_REPAIRED,2024-08,deterministically_corrected
SWM_27301_20240820,27301,2024-08-20,BSK5,TC002_NUMERIC_EXCEL_SERIAL_AUTOCONVERSION,45505,1.08,QC003_NUMERIC_DATE_SERIAL_REPAIRED_DAY_MONTH,2024-08,deterministically_corrected
SWM_27302_20240820,27302,2024-08-20,Kisen,TC002_NUMERIC_EXCEL_SERIAL_AUTOCONVERSION,45392,10.04,QC002_NUMERIC_DATE_SERIAL_REPAIRED,2024-08,deterministically_corrected
SWM_27303_20240807,27303,2024-08-07,Permanganat,TC002_NUMERIC_EXCEL_SERIAL_AUTOCONVERSION,45415,3.05,QC002_NUMERIC_DATE_SERIAL_REPAIRED,2024-08,deterministically_corrected
SWM_27303_20240807,27303,2024-08-07,HSK,TC002_NUMERIC_EXCEL_SERIAL_AUTOCONVERSION,45453,10.06,QC002_NUMERIC_DATE_SERIAL_REPAIRED,2024-08,deterministically_corrected
SWM_27304_20240814,27304,2024-08-14,Permanganat,TC002_NUMERIC_EXCEL_SERIAL_AUTOCONVERSION,45416,4.05,QC002_NUMERIC_DATE_SERIAL_REPAIRED,2024-08,deterministically_corrected
SWM_27307_20240805,27307,2024-08-05,BSK5,TC002_NUMERIC_EXCEL_SERIAL_AUTOCONVERSION,45352,1.03,QC003_NUMERIC_DATE_SERIAL_REPAIRED_DAY_MONTH,2024-08,deterministically_corrected
SWM_27308_20240805,27308,2024-08-05,BSK5,TC002_NUMERIC_EXCEL_SERIAL_AUTOCONVERSION,45352,1.03,QC003_NUMERIC_DATE_SERIAL_REPAIRED_DAY_MONTH,2024-08,deterministically_corrected
SWM_38126_20240828,38126,2024-08-28,Zavisli,TC002_NUMERIC_EXCEL_SERIAL_AUTOCONVERSION,45439,27.05,QC002_NUMERIC_DATE_SERIAL_REPAIRED,2024-08,deterministically_corrected
SWM_38671_20240822,38671,2024-08-22,Zavisli,TC002_NUMERIC_EXCEL_SERIAL_AUTOCONVERSION,45441,29.05,QC002_NUMERIC_DATE_SERIAL_REPAIRED,2024-08,deterministically_corrected
SWM_38586_20240820,38586,2024-08-20,Kisen,TC002_NUMERIC_EXCEL_SERIAL_AUTOCONVERSION,26115,7.71,QC002_NUMERIC_DATE_SERIAL_REPAIRED,2024-08,deterministically_corrected
SWM_38600_20240812,38600,2024-08-12,Hlorid,TC002_NUMERIC_EXCEL_SERIAL_AUTOCONVERSION,45488,15.07,QC002_NUMERIC_DATE_SERIAL_REPAIRED,2024-08,deterministically_corrected
SWM_38665_20240826,38665,2024-08-26,Zavisli,TC002_NUMERIC_EXCEL_SERIAL_AUTOCONVERSION,45441,29.05,QC002_NUMERIC_DATE_SERIAL_REPAIRED,2024-08,deterministically_corrected
SWM_38665_20240828,38665,2024-08-28,Zavisli,TC002_NUMERIC_EXCEL_SERIAL_AUTOCONVERSION,45438,26.05,QC002_NUMERIC_DATE_SERIAL_REPAIRED,2024-08,deterministically_corrected
SWM_26976_20240812,26976,2024-08-12,Amoniy,TC002_NUMERIC_EXCEL_SERIAL_AUTOCONVERSION,45323,1.02,QC003_NUMERIC_DATE_SERIAL_REPAIRED_DAY_MONTH,2024-08,deterministically_corrected
SWM_26977_20240812,26977,2024-08-12,Fosfat,TC002_NUMERIC_EXCEL_SERIAL_AUTOCONVERSION,19815,4.54,QC002_NUMERIC_DATE_SERIAL_REPAIRED,2024-08,deterministically_corrected
SWM_26985_20240830,26985,2024-08-30,Hlorid,TC002_NUMERIC_EXCEL_SERIAL_AUTOCONVERSION,45458,15.06,QC002_NUMERIC_DATE_SERIAL_REPAIRED,2024-08,deterministically_corrected
SWM_27258_20240813,27258,2024-08-13,BSK5,TC002_NUMERIC_EXCEL_SERIAL_AUTOCONVERSION,45505,1.08,QC003_NUMERIC_DATE_SERIAL_REPAIRED_DAY_MONTH,2024-08,deterministically_corrected
SWM_27258_20240813,27258,2024-08-13,Nitrat,TC002_NUMERIC_EXCEL_SERIAL_AUTOCONVERSION,45323,1.02,QC003_NUMERIC_DATE_SERIAL_REPAIRED_DAY_MONTH,2024-08,deterministically_corrected
SWM_27260_20240819,27260,2024-08-19,BSK5,TC002_NUMERIC_EXCEL_SERIAL_AUTOCONVERSION,45414,2.05,QC002_NUMERIC_DATE_SERIAL_REPAIRED,2024-08,deterministically_corrected
SWM_27276_20240806,27276,2024-08-06,Sulfat,TC002_NUMERIC_EXCEL_SERIAL_AUTOCONVERSION,45305,14.01,QC002_NUMERIC_DATE_SERIAL_REPAIRED,2024-08,deterministically_corrected
SWM_27276_20240806,27276,2024-08-06,HSK,TC002_NUMERIC_EXCEL_SERIAL_AUTOCONVERSION,45420,8.05,QC002_NUMERIC_DATE_SERIAL_REPAIRED,2024-08,deterministically_corrected
SWM_27312_20240807,27312,2024-08-07,Nitrat,TC002_NUMERIC_EXCEL_SERIAL_AUTOCONVERSION,35431,1.97,QC002_NUMERIC_DATE_SERIAL_REPAIRED,2024-08,deterministically_corrected
SWM_38667_20240831,38667,2024-08-31,Hlorid,TC002_NUMERIC_EXCEL_SERIAL_AUTOCONVERSION,45458,15.06,QC002_NUMERIC_DATE_SERIAL_REPAIRED,2024-08,deterministically_corrected
SWM_38669_20240828,38669,2024-08-28,Fosfat,TC002_NUMERIC_EXCEL_SERIAL_AUTOCONVERSION,16803,1.46,QC002_NUMERIC_DATE_SERIAL_REPAIRED,2024-08,deterministically_corrected
SWM_38669_20240829,38669,2024-08-29,Kisen,TC002_NUMERIC_EXCEL_SERIAL_AUTOCONVERSION,45323,1.02,QC003_NUMERIC_DATE_SERIAL_REPAIRED_DAY_MONTH,2024-08,deterministically_corrected
SWM_38669_20240829,38669,2024-08-29,Fosfat,TC002_NUMERIC_EXCEL_SERIAL_AUTOCONVERSION,27030,1.74,QC002_NUMERIC_DATE_SERIAL_REPAIRED,2024-08,deterministically_corrected
SWM_27074_20240813,27074,2024-08-13,Zavisli,TC002_NUMERIC_EXCEL_SERIAL_AUTOCONVERSION,45393,11.04,QC002_NUMERIC_DATE_SERIAL_REPAIRED,2024-08,deterministically_corrected
SWM_27074_20240813,27074,2024-08-13,HSK,TC002_NUMERIC_EXCEL_SERIAL_AUTOCONVERSION,45443,31.05,QC002_NUMERIC_DATE_SERIAL_REPAIRED,2024-08,deterministically_corrected
SWM_27099_20240806,27099,2024-08-06,Nitrat,TC002_NUMERIC_EXCEL_SERIAL_AUTOCONVERSION,46388,1.27,QC002_NUMERIC_DATE_SERIAL_REPAIRED,2024-08,deterministically_corrected
SWM_27118_20240806,27118,2024-08-06,BSK5,TC002_NUMERIC_EXCEL_SERIAL_AUTOCONVERSION,46447,3.27,QC002_NUMERIC_DATE_SERIAL_REPAIRED,2024-08,deterministically_corrected
SWM_27122_20240820,27122,2024-08-20,Kisen,TC002_NUMERIC_EXCEL_SERIAL_AUTOCONVERSION,27576,7.75,QC002_NUMERIC_DATE_SERIAL_REPAIRED,2024-08,deterministically_corrected
SWM_27136_20240813,27136,2024-08-13,Nitrat,TC002_NUMERIC_EXCEL_SERIAL_AUTOCONVERSION,45352,1.03,QC003_NUMERIC_DATE_SERIAL_REPAIRED_DAY_MONTH,2024-08,deterministically_corrected
SWM_27137_20240813,27137,2024-08-13,Kisen,TC002_NUMERIC_EXCEL_SERIAL_AUTOCONVERSION,45416,4.05,QC002_NUMERIC_DATE_SERIAL_REPAIRED,2024-08,deterministically_corrected
SWM_27335_20240820,27335,2024-08-20,Nitrat,TC002_NUMERIC_EXCEL_SERIAL_AUTOCONVERSION,45474,1.07,QC003_NUMERIC_DATE_SERIAL_REPAIRED_DAY_MONTH,2024-08,deterministically_corrected
SWM_27336_20240820,27336,2024-08-20,Azot,TC002_NUMERIC_EXCEL_SERIAL_AUTOCONVERSION,45352,1.03,QC003_NUMERIC_DATE_SERIAL_REPAIRED_DAY_MONTH,2024-08,deterministically_corrected
SWM_27336_20240820,27336,2024-08-20,Kisen,TC002_NUMERIC_EXCEL_SERIAL_AUTOCONVERSION,45419,7.05,QC002_NUMERIC_DATE_SERIAL_REPAIRED,2024-08,deterministically_corrected
SWM_27337_20240820,27337,2024-08-20,BSK5,TC002_NUMERIC_EXCEL_SERIAL_AUTOCONVERSION,45415,3.05,QC002_NUMERIC_DATE_SERIAL_REPAIRED,2024-08,deterministically_corrected
SWM_27337_20240820,27337,2024-08-20,Nitrat,TC002_NUMERIC_EXCEL_SERIAL_AUTOCONVERSION,45413,1.05,QC003_NUMERIC_DATE_SERIAL_REPAIRED_DAY_MONTH,2024-08,deterministically_corrected
SWM_27372_20240819,27372,2024-08-19,Nitrat,TC002_NUMERIC_EXCEL_SERIAL_AUTOCONVERSION,45383,1.04,QC003_NUMERIC_DATE_SERIAL_REPAIRED_DAY_MONTH,2024-08,deterministically_corrected
SWM_27573_20240806,27573,2024-08-06,Zavisli,TC002_NUMERIC_EXCEL_SERIAL_AUTOCONVERSION,45453,10.06,QC002_NUMERIC_DATE_SERIAL_REPAIRED,2024-08,deterministically_corrected
SWM_27584_20240813,27584,2024-08-13,HSK,TC002_NUMERIC_EXCEL_SERIAL_AUTOCONVERSION,45434,22.05,QC002_NUMERIC_DATE_SERIAL_REPAIRED,2024-08,deterministically_corrected
SWM_27590_20240805,27590,2024-08-05,Fosfat,TC002_NUMERIC_EXCEL_SERIAL_AUTOCONVERSION,45323,1.02,QC003_NUMERIC_DATE_SERIAL_REPAIRED_DAY_MONTH,2024-08,deterministically_corrected
SWM_27592_20240805,27592,2024-08-05,BSK5,TC002_NUMERIC_EXCEL_SERIAL_AUTOCONVERSION,19784,3.54,QC002_NUMERIC_DATE_SERIAL_REPAIRED,2024-08,deterministically_corrected
SWM_38455_20240807,38455,2024-08-07,Nitrat,TC002_NUMERIC_EXCEL_SERIAL_AUTOCONVERSION,46419,2.27,QC002_NUMERIC_DATE_SERIAL_REPAIRED,2024-08,deterministically_corrected
SWM_38465_20240805,38465,2024-08-05,BSK5,TC002_NUMERIC_EXCEL_SERIAL_AUTOCONVERSION,44562,1.22,QC002_NUMERIC_DATE_SERIAL_REPAIRED,2024-08,deterministically_corrected
SWM_38475_20240805,38475,2024-08-05,Kisen,TC002_NUMERIC_EXCEL_SERIAL_AUTOCONVERSION,26724,3.73,QC002_NUMERIC_DATE_SERIAL_REPAIRED,2024-08,deterministically_corrected
SWM_38475_20240805,38475,2024-08-05,Permanganat,TC002_NUMERIC_EXCEL_SERIAL_AUTOCONVERSION,13058,10.35,QC002_NUMERIC_DATE_SERIAL_REPAIRED,2024-08,deterministically_corrected
SWM_37937_20240806,37937,2024-08-06,Sulfat,TC002_NUMERIC_EXCEL_SERIAL_AUTOCONVERSION,45422,10.05,QC002_NUMERIC_DATE_SERIAL_REPAIRED,2024-08,deterministically_corrected
SWM_38008_20240805,38008,2024-08-05,Kisen,TC002_NUMERIC_EXCEL_SERIAL_AUTOCONVERSION,45418,6.05,QC002_NUMERIC_DATE_SERIAL_REPAIRED,2024-08,deterministically_corrected
SWM_38236_20240806,38236,2024-08-06,Zavisli,TC002_NUMERIC_EXCEL_SERIAL_AUTOCONVERSION,45439,27.05,QC002_NUMERIC_DATE_SERIAL_REPAIRED,2024-08,deterministically_corrected
SWM_26985_20240831,26985,2024-08-31,Amoniy,TC002_NUMERIC_EXCEL_SERIAL_AUTOCONVERSION,26299,1.72,QC002_NUMERIC_DATE_SERIAL_REPAIRED,2024-08,deterministically_corrected
SWM_26986_20240812,26986,2024-08-12,Kisen,TC002_NUMERIC_EXCEL_SERIAL_AUTOCONVERSION,44378,7.21,QC002_NUMERIC_DATE_SERIAL_REPAIRED,2024-08,deterministically_corrected
SWM_26988_20240807,26988,2024-08-07,BSK5,TC002_NUMERIC_EXCEL_SERIAL_AUTOCONVERSION,19725,1.54,QC002_NUMERIC_DATE_SERIAL_REPAIRED,2024-08,deterministically_corrected
SWM_26988_20240807,26988,2024-08-07,Hlorid,TC002_NUMERIC_EXCEL_SERIAL_AUTOCONVERSION,25173,12.68,QC002_NUMERIC_DATE_SERIAL_REPAIRED,2024-08,deterministically_corrected
SWM_26999_20240827,26999,2024-08-27,Zavisli,TC002_NUMERIC_EXCEL_SERIAL_AUTOCONVERSION,45438,26.05,QC002_NUMERIC_DATE_SERIAL_REPAIRED,2024-08,deterministically_corrected
SWM_26999_20240831,26999,2024-08-31,Zavisli,TC002_NUMERIC_EXCEL_SERIAL_AUTOCONVERSION,45434,22.05,QC002_NUMERIC_DATE_SERIAL_REPAIRED,2024-08,deterministically_corrected
SWM_27140_20240814,27140,2024-08-14,Fosfat,TC002_NUMERIC_EXCEL_SERIAL_AUTOCONVERSION,45474,1.07,QC003_NUMERIC_DATE_SERIAL_REPAIRED_DAY_MONTH,2024-08,deterministically_corrected
SWM_27146_20240805,27146,2024-08-05,Kisen,TC002_NUMERIC_EXCEL_SERIAL_AUTOCONVERSION,44287,4.21,QC002_NUMERIC_DATE_SERIAL_REPAIRED,2024-08,deterministically_corrected
SWM_27147_20240805,27147,2024-08-05,Permanganat,TC002_NUMERIC_EXCEL_SERIAL_AUTOCONVERSION,13058,10.35,QC002_NUMERIC_DATE_SERIAL_REPAIRED,2024-08,deterministically_corrected
SWM_27148_20240805,27148,2024-08-05,Permanganat,TC002_NUMERIC_EXCEL_SERIAL_AUTOCONVERSION,18902,10.51,QC002_NUMERIC_DATE_SERIAL_REPAIRED,2024-08,deterministically_corrected
SWM_27154_20240805,27154,2024-08-05,BSK5,TC002_NUMERIC_EXCEL_SERIAL_AUTOCONVERSION,45323,1.02,QC003_NUMERIC_DATE_SERIAL_REPAIRED_DAY_MONTH,2024-08,deterministically_corrected
SWM_27154_20240805,27154,2024-08-05,Zavisli,TC002_NUMERIC_EXCEL_SERIAL_AUTOCONVERSION,45392,10.04,QC002_NUMERIC_DATE_SERIAL_REPAIRED,2024-08,deterministically_corrected
SWM_27154_20240805,27154,2024-08-05,Kisen,TC002_NUMERIC_EXCEL_SERIAL_AUTOCONVERSION,45748,4.25,QC002_NUMERIC_DATE_SERIAL_REPAIRED,2024-08,deterministically_corrected
SWM_27154_20240805,27154,2024-08-05,Nitrat,TC002_NUMERIC_EXCEL_SERIAL_AUTOCONVERSION,45324,2.02,QC002_NUMERIC_DATE_SERIAL_REPAIRED,2024-08,deterministically_corrected
SWM_27162_20240812,27162,2024-08-12,HSK,TC002_NUMERIC_EXCEL_SERIAL_AUTOCONVERSION,45443,31.05,QC002_NUMERIC_DATE_SERIAL_REPAIRED,2024-08,deterministically_corrected
SWM_27048_20240806,27048,2024-08-06,BSK5,TC002_NUMERIC_EXCEL_SERIAL_AUTOCONVERSION,44256,3.21,QC002_NUMERIC_DATE_SERIAL_REPAIRED,2024-08,deterministically_corrected
SWM_27068_20240812,27068,2024-08-12,BSK5,TC002_NUMERIC_EXCEL_SERIAL_AUTOCONVERSION,19784,3.54,QC002_NUMERIC_DATE_SERIAL_REPAIRED,2024-08,deterministically_corrected
SWM_27071_20240806,27071,2024-08-06,Zavisli,TC002_NUMERIC_EXCEL_SERIAL_AUTOCONVERSION,45393,11.04,QC002_NUMERIC_DATE_SERIAL_REPAIRED,2024-08,deterministically_corrected
SWM_27071_20240806,27071,2024-08-06,Kisen,TC002_NUMERIC_EXCEL_SERIAL_AUTOCONVERSION,26115,7.71,QC002_NUMERIC_DATE_SERIAL_REPAIRED,2024-08,deterministically_corrected
SWM_27222_20240812,27222,2024-08-12,HSK,TC002_NUMERIC_EXCEL_SERIAL_AUTOCONVERSION,45457,14.06,QC002_NUMERIC_DATE_SERIAL_REPAIRED,2024-08,deterministically_corrected
SWM_27223_20240812,27223,2024-08-12,HSK,TC002_NUMERIC_EXCEL_SERIAL_AUTOCONVERSION,45549,14.09,QC002_NUMERIC_DATE_SERIAL_REPAIRED,2024-08,deterministically_corrected
SWM_27224_20240812,27224,2024-08-12,Hlorid,TC002_NUMERIC_EXCEL_SERIAL_AUTOCONVERSION,45431,19.05,QC002_NUMERIC_DATE_SERIAL_REPAIRED,2024-08,deterministically_corrected
SWM_27224_20240812,27224,2024-08-12,Nitrat,TC002_NUMERIC_EXCEL_SERIAL_AUTOCONVERSION,28185,3.77,QC002_NUMERIC_DATE_SERIAL_REPAIRED,2024-08,deterministically_corrected
SWM_27224_20240812,27224,2024-08-12,HSK,TC002_NUMERIC_EXCEL_SERIAL_AUTOCONVERSION,45397,15.04,QC002_NUMERIC_DATE_SERIAL_REPAIRED,2024-08,deterministically_corrected
SWM_27252_20240819,27252,2024-08-19,BSK5,TC002_NUMERIC_EXCEL_SERIAL_AUTOCONVERSION,45474,1.07,QC003_NUMERIC_DATE_SERIAL_REPAIRED_DAY_MONTH,2024-08,deterministically_corrected
SWM_26921_20240807,26921,2024-08-07,BSK5,TC002_NUMERIC_EXCEL_SERIAL_AUTOCONVERSION,28126,1.77,QC002_NUMERIC_DATE_SERIAL_REPAIRED,2024-08,deterministically_corrected
SWM_26939_20240807,26939,2024-08-07,BSK5,TC002_NUMERIC_EXCEL_SERIAL_AUTOCONVERSION,45505,1.08,QC003_NUMERIC_DATE_SERIAL_REPAIRED_DAY_MONTH,2024-08,deterministically_corrected
SWM_26950_20240806,26950,2024-08-06,Amoniy,TC002_NUMERIC_EXCEL_SERIAL_AUTOCONVERSION,27760,1.76,QC002_NUMERIC_DATE_SERIAL_REPAIRED,2024-08,deterministically_corrected
SWM_26955_20240807,26955,2024-08-07,Kisen,TC002_NUMERIC_EXCEL_SERIAL_AUTOCONVERSION,45418,6.05,QC002_NUMERIC_DATE_SERIAL_REPAIRED,2024-08,deterministically_corrected
SWM_26955_20240807,26955,2024-08-07,Hlorid,TC002_NUMERIC_EXCEL_SERIAL_AUTOCONVERSION,45339,17.02,QC002_NUMERIC_DATE_SERIAL_REPAIRED,2024-08,deterministically_corrected
SWM_26955_20240807,26955,2024-08-07,Nitrat,TC002_NUMERIC_EXCEL_SERIAL_AUTOCONVERSION,44927,1.23,QC002_NUMERIC_DATE_SERIAL_REPAIRED,2024-08,deterministically_corrected
SWM_26956_20240807,26956,2024-08-07,Nitrat,TC002_NUMERIC_EXCEL_SERIAL_AUTOCONVERSION,45323,1.02,QC003_NUMERIC_DATE_SERIAL_REPAIRED_DAY_MONTH,2024-08,deterministically_corrected
SWM_26957_20240806,26957,2024-08-06,Azot,TC002_NUMERIC_EXCEL_SERIAL_AUTOCONVERSION,45413,1.05,QC003_NUMERIC_DATE_SERIAL_REPAIRED_DAY_MONTH,2024-08,deterministically_corrected
SWM_27610_20240805,27610,2024-08-05,Kisen,TC002_NUMERIC_EXCEL_SERIAL_AUTOCONVERSION,26054,5.71,QC002_NUMERIC_DATE_SERIAL_REPAIRED,2024-08,deterministically_corrected
SWM_27612_20240812,27612,2024-08-12,Kisen,TC002_NUMERIC_EXCEL_SERIAL_AUTOCONVERSION,45689,2.25,QC002_NUMERIC_DATE_SERIAL_REPAIRED,2024-08,deterministically_corrected
SWM_27612_20240812,27612,2024-08-12,Permanganat,TC002_NUMERIC_EXCEL_SERIAL_AUTOCONVERSION,43800,12.19,QC002_NUMERIC_DATE_SERIAL_REPAIRED,2024-08,deterministically_corrected
SWM_27632_20240806,27632,2024-08-06,BSK5,TC002_NUMERIC_EXCEL_SERIAL_AUTOCONVERSION,45474,1.07,QC003_NUMERIC_DATE_SERIAL_REPAIRED_DAY_MONTH,2024-08,deterministically_corrected
SWM_27632_20240806,27632,2024-08-06,Kisen,TC002_NUMERIC_EXCEL_SERIAL_AUTOCONVERSION,45453,10.06,QC002_NUMERIC_DATE_SERIAL_REPAIRED,2024-08,deterministically_corrected
SWM_27632_20240806,27632,2024-08-06,Sulfat,TC002_NUMERIC_EXCEL_SERIAL_AUTOCONVERSION,45425,13.05,QC002_NUMERIC_DATE_SERIAL_REPAIRED,2024-08,deterministically_corrected
SWM_27831_20240812,27831,2024-08-12,Kisen,TC002_NUMERIC_EXCEL_SERIAL_AUTOCONVERSION,45422,10.05,QC002_NUMERIC_DATE_SERIAL_REPAIRED,2024-08,deterministically_corrected
SWM_27831_20240812,27831,2024-08-12,Sulfat,TC002_NUMERIC_EXCEL_SERIAL_AUTOCONVERSION,45394,12.04,QC002_NUMERIC_DATE_SERIAL_REPAIRED,2024-08,deterministically_corrected
SWM_38512_20240812,38512,2024-08-12,Zavisli,TC002_NUMERIC_EXCEL_SERIAL_AUTOCONVERSION,45394,12.04,QC002_NUMERIC_DATE_SERIAL_REPAIRED,2024-08,deterministically_corrected
SWM_38512_20240812,38512,2024-08-12,HSK,TC002_NUMERIC_EXCEL_SERIAL_AUTOCONVERSION,45443,31.05,QC002_NUMERIC_DATE_SERIAL_REPAIRED,2024-08,deterministically_corrected
SWM_38552_20240813,38552,2024-08-13,BSK5,TC002_NUMERIC_EXCEL_SERIAL_AUTOCONVERSION,16893,4.46,QC002_NUMERIC_DATE_SERIAL_REPAIRED,2024-08,deterministically_corrected
SWM_38552_20240813,38552,2024-08-13,Amoniy,TC002_NUMERIC_EXCEL_SERIAL_AUTOCONVERSION,17168,1.47,QC002_NUMERIC_DATE_SERIAL_REPAIRED,2024-08,deterministically_corrected
SWM_38552_20240813,38552,2024-08-13,Nitrat,TC002_NUMERIC_EXCEL_SERIAL_AUTOCONVERSION,35217,6.96,QC002_NUMERIC_DATE_SERIAL_REPAIRED,2024-08,deterministically_corrected
SWM_38578_20240813,38578,2024-08-13,Kisen,TC002_NUMERIC_EXCEL_SERIAL_AUTOCONVERSION,35247,7.96,QC002_NUMERIC_DATE_SERIAL_REPAIRED,2024-08,deterministically_corrected
SWM_27002_20240831,27002,2024-08-31,Amoniy,TC002_NUMERIC_EXCEL_SERIAL_AUTOCONVERSION,45325,3.02,QC002_NUMERIC_DATE_SERIAL_REPAIRED,2024-08,deterministically_corrected
SWM_27016_20240805,27016,2024-08-05,BSK5,TC002_NUMERIC_EXCEL_SERIAL_AUTOCONVERSION,45413,1.05,QC003_NUMERIC_DATE_SERIAL_REPAIRED_DAY_MONTH,2024-08,deterministically_corrected
SWM_27016_20240805,27016,2024-08-05,Nitrat,TC002_NUMERIC_EXCEL_SERIAL_AUTOCONVERSION,45323,1.02,QC003_NUMERIC_DATE_SERIAL_REPAIRED_DAY_MONTH,2024-08,deterministically_corrected
SWM_27018_20240806,27018,2024-08-06,BSK5,TC002_NUMERIC_EXCEL_SERIAL_AUTOCONVERSION,45387,5.04,QC002_NUMERIC_DATE_SERIAL_REPAIRED,2024-08,deterministically_corrected
SWM_27018_20240806,27018,2024-08-06,Zavisli,TC002_NUMERIC_EXCEL_SERIAL_AUTOCONVERSION,45418,6.05,QC002_NUMERIC_DATE_SERIAL_REPAIRED,2024-08,deterministically_corrected
SWM_27027_20240805,27027,2024-08-05,Zavisli,TC002_NUMERIC_EXCEL_SERIAL_AUTOCONVERSION,45420,8.05,QC002_NUMERIC_DATE_SERIAL_REPAIRED,2024-08,deterministically_corrected
SWM_27047_20240806,27047,2024-08-06,HSK,TC002_NUMERIC_EXCEL_SERIAL_AUTOCONVERSION,45443,31.05,QC002_NUMERIC_DATE_SERIAL_REPAIRED,2024-08,deterministically_corrected
